Wavenumber, Abs
7999.27978515625,0.5248265862464905
7995.422851794868,0.5199030041694641
7991.5659184334845,0.5182955861091614
7987.708985072102,0.5212514996528625
7983.852051710719,0.5218494534492493
7979.995118349337,0.5161892771720886
7976.138184987954,0.517280101776123
7972.281251626571,0.5204618573188782
7968.424318265189,0.5190688371658325
7964.567384903806,0.5112155079841614
7960.7104515424235,0.5056343674659729
7956.853518181041,0.5052288770675659
7952.996584819658,0.5061265826225281
7949.139651458276,0.5053373575210571
7945.2827180968925,0.5083001852035522
7941.42578473551,0.5092929601669312
7937.568851374128,0.5150583386421204
7933.711918012745,0.5163845419883728
7929.854984651362,0.5062246918678284
7925.998051289979,0.4989492893218994
7922.141117928597,0.506631076335907
7918.284184567215,0.5148622989654541
7914.427251205831,0.5118482708930969
7910.570317844449,0.5156999230384827
7906.713384483066,0.5192471146583557
7902.856451121684,0.5151011347770691
7898.999517760301,0.5065616369247437
7895.142584398918,0.5054035782814026
7891.285651037536,0.507879376411438
7887.428717676153,0.5090314149856567
7883.57178431477,0.5090289115905762
7879.714850953388,0.5064572691917419
7875.857917592005,0.5083192586898804
7872.000984230623,0.5146856904029846
7868.144050869239,0.5165741443634033
7864.287117507857,0.5060864686965942
7860.430184146475,0.49752435088157654
7856.573250785092,0.5016592741012573
7852.716317423709,0.5155007243156433
7848.859384062326,0.5214672088623047
7845.002450700944,0.5110113620758057
7841.145517339562,0.5063175559043884
7837.288583978178,0.5141648054122925
7833.431650616796,0.5154599547386169
7829.574717255413,0.5126656889915466
7825.717783894031,0.509005069732666
7821.860850532648,0.5091931819915771
7818.003917171265,0.5129607319831848
7814.146983809883,0.5081614255905151
7810.2900504485,0.5006691813468933
7806.433117087117,0.5041211247444153
7802.576183725735,0.5088134407997131
7798.719250364352,0.5122199058532715
7794.86231700297,0.5188676714897156
7791.005383641586,0.5221766829490662
7787.148450280204,0.5254168510437012
7783.291516918822,0.5263540744781494
7779.434583557439,0.5193929076194763
7775.577650196056,0.512989342212677
7771.720716834673,0.5043816566467285
7767.863783473291,0.5039395689964294
7764.0068501119085,0.5101030468940735
7760.149916750525,0.5115742683410645
7756.292983389143,0.5075146555900574
7752.43605002776,0.5017722845077515
7748.579116666378,0.5019419193267822
7744.722183304995,0.5061912536621094
7740.865249943612,0.5073670744895935
7737.00831658223,0.5050433874130249
7733.151383220847,0.5084089636802673
7729.294449859464,0.513533890247345
7725.437516498082,0.5143268704414368
7721.580583136699,0.5075837969779968
7717.7236497753165,0.5023126006126404
7713.866716413933,0.5071195960044861
7710.009783052551,0.5125457644462585
7706.152849691169,0.5152559876441956
7702.2959163297855,0.5121662020683289
7698.438982968403,0.5064810514450073
7694.58204960702,0.5024885535240173
7690.725116245638,0.5057255029678345
7686.868182884255,0.5118713974952698
7683.011249522872,0.515133798122406
7679.15431616149,0.5125862956047058
7675.297382800107,0.5090785622596741
7671.4404494387245,0.5062557458877563
7667.583516077342,0.5064570903778076
7663.726582715959,0.5073188543319702
7659.869649354577,0.5095070600509644
7656.0127159931935,0.5102103352546692
7652.155782631811,0.5097678303718567
7648.298849270428,0.5060173273086548
7644.441915909046,0.5029325485229492
7640.5849825476635,0.507728099822998
7636.72804918628,0.516105592250824
7632.871115824898,0.5105158090591431
7629.014182463516,0.5035197138786316
7625.1572491021325,0.5070118308067322
7621.30031574075,0.5061460137367249
7617.443382379367,0.5037557482719421
7613.586449017985,0.5040061473846436
7609.7295156566015,0.5046565532684326
7605.872582295219,0.5058163404464722
7602.015648933837,0.5029522776603699
7598.158715572454,0.5008525252342224
7594.301782211071,0.49873948097229004
7590.444848849689,0.5030637383460999
7586.587915488306,0.5065892934799194
7582.730982126924,0.5060713291168213
7578.8740487655405,0.5113248825073242
7575.017115404158,0.5165958404541016
7571.160182042775,0.5116302967071533
7567.303248681393,0.5048123002052307
7563.44631532001,0.505127489566803
7559.589381958627,0.5067715048789978
7555.732448597245,0.5052508115768433
7551.875515235863,0.50750333070755
7548.018581874479,0.5126056671142578
7544.161648513097,0.5111815333366394
7540.304715151714,0.5101062655448914
7536.447781790332,0.5109396576881409
7532.590848428948,0.5085921883583069
7528.733915067566,0.5080274343490601
7524.876981706184,0.5060471892356873
7521.020048344801,0.5027611255645752
7517.163114983418,0.508392333984375
7513.306181622036,0.5119385123252869
7509.449248260653,0.5058910846710205
7505.592314899271,0.5026552677154541
7501.735381537887,0.5018370151519775
7497.878448176505,0.5027279853820801
7494.021514815122,0.5048902034759521
7490.16458145374,0.5061222910881042
7486.307648092357,0.5063023567199707
7482.450714730974,0.5118070244789124
7478.593781369592,0.5111426711082458
7474.73684800821,0.5039927363395691
7470.879914646826,0.5029772520065308
7467.022981285444,0.5064792037010193
7463.166047924061,0.5092040300369263
7459.309114562679,0.511612057685852
7455.452181201295,0.5121551156044006
7451.595247839913,0.5110375881195068
7447.738314478531,0.5074977874755859
7443.881381117148,0.50434410572052
7440.024447755765,0.5051462650299072
7436.167514394383,0.508703887462616
7432.310581033,0.5112557411193848
7428.453647671618,0.5102617740631104
7424.596714310234,0.5121147036552429
7420.739780948852,0.5135964751243591
7416.882847587469,0.5110024213790894
7413.025914226087,0.5130681991577148
7409.168980864704,0.5154117345809937
7405.312047503321,0.5127460956573486
7401.455114141939,0.5080044865608215
7397.5981807805565,0.5115235447883606
7393.741247419173,0.5142570734024048
7389.884314057791,0.5126064419746399
7386.027380696408,0.5115275979042053
7382.1704473350255,0.5083944797515869
7378.313513973642,0.5059592723846436
7374.45658061226,0.5095434784889221
7370.599647250878,0.5150383710861206
7366.742713889495,0.5170792937278748
7362.885780528112,0.5174347162246704
7359.02884716673,0.5109103918075562
7355.171913805347,0.5034751892089844
7351.3149804439645,0.5025519728660583
7347.458047082581,0.5038761496543884
7343.601113721199,0.5058611631393433
7339.744180359816,0.5071446895599365
7335.8872469984335,0.5107225179672241
7332.030313637051,0.5164229869842529
7328.173380275668,0.51852947473526
7324.316446914286,0.5176037549972534
7320.459513552903,0.5170932412147522
7316.60258019152,0.5150910019874573
7312.745646830138,0.5119290947914124
7308.888713468755,0.509745180606842
7305.0317801073725,0.5081557631492615
7301.174846745989,0.5064167380332947
7297.317913384607,0.5018952488899231
7293.460980023225,0.5041376948356628
7289.6040466618415,0.5124077796936035
7285.747113300459,0.5178067088127136
7281.890179939076,0.5168752074241638
7278.033246577694,0.5129196047782898
7274.176313216311,0.5134386420249939
7270.319379854928,0.5156092047691345
7266.462446493546,0.5146690607070923
7262.605513132163,0.5133427977561951
7258.74857977078,0.510178804397583
7254.891646409398,0.5105898976325989
7251.034713048015,0.5131919980049133
7247.177779686633,0.5134277939796448
7243.3208463252495,0.5117491483688354
7239.463912963867,0.5102050304412842
7235.606979602485,0.5097948312759399
7231.750046241102,0.5083730220794678
7227.893112879719,0.5050490498542786
7224.036179518336,0.5050234794616699
7220.179246156954,0.5059426426887512
7216.322312795572,0.5104626417160034
7212.465379434188,0.5165245532989502
7208.608446072806,0.5204682350158691
7204.751512711423,0.5205838680267334
7200.894579350041,0.5161697268486023
7197.037645988658,0.5128048062324524
7193.180712627275,0.5137633085250854
7189.323779265893,0.5160878300666809
7185.46684590451,0.5191319584846497
7181.609912543127,0.5215691328048706
7177.752979181745,0.5184701681137085
7173.896045820362,0.5184218883514404
7170.03911245898,0.5229502320289612
7166.182179097596,0.5286334753036499
7162.325245736214,0.5298916101455688
7158.468312374832,0.5241609811782837
7154.611379013449,0.5194074511528015
7150.754445652066,0.5162167549133301
7146.897512290683,0.5188049077987671
7143.040578929301,0.5236096978187561
7139.183645567919,0.5192304253578186
7135.326712206535,0.5135578513145447
7131.469778845153,0.517827570438385
7127.61284548377,0.5245029330253601
7123.755912122388,0.5286216735839844
7119.898978761005,0.5321880578994751
7116.042045399622,0.5332731604576111
7112.18511203824,0.5316503047943115
7108.328178676857,0.5282281637191772
7104.471245315474,0.5266629457473755
7100.614311954092,0.5313553810119629
7096.757378592709,0.5335546731948853
7092.900445231327,0.5304412841796875
7089.043511869943,0.5307416915893555
7085.186578508561,0.534502387046814
7081.329645147179,0.5343369841575623
7077.472711785796,0.5346158146858215
7073.615778424413,0.5363423228263855
7069.75884506303,0.5360134243965149
7065.901911701648,0.5352162718772888
7062.0449783402655,0.5335917472839355
7058.188044978882,0.5285307765007019
7054.3311116175,0.5264009833335876
7050.474178256117,0.5242369771003723
7046.6172448947345,0.5219385623931885
7042.760311533352,0.525682806968689
7038.903378171969,0.5289058685302734
7035.046444810587,0.5283365845680237
7031.189511449204,0.5270904302597046
7027.332578087821,0.5277688503265381
7023.475644726439,0.5271449685096741
7019.618711365056,0.5239900350570679
7015.7617780036735,0.5196089148521423
7011.90484464229,0.5183736681938171
7008.047911280908,0.5191497802734375
7004.190977919526,0.5200658440589905
7000.3340445581425,0.5222440958023071
6996.47711119676,0.5236046314239502
6992.620177835377,0.5216348171234131
6988.763244473995,0.5196281671524048
6984.9063111126125,0.5188368558883667
6981.049377751229,0.5155810713768005
6977.192444389847,0.5147660374641418
6973.335511028464,0.5202682018280029
6969.4785776670815,0.5231450200080872
6965.621644305698,0.5205574035644531
6961.764710944316,0.5170899629592896
6957.907777582934,0.5158179998397827
6954.0508442215505,0.5150679349899292
6950.193910860168,0.5154748558998108
6946.336977498786,0.5166417360305786
6942.480044137403,0.5140997767448425
6938.62311077602,0.5111190676689148
6934.766177414637,0.5133205652236938
6930.909244053255,0.5144885182380676
6927.052310691872,0.51322340965271
6923.1953773304895,0.5123288035392761
6919.338443969107,0.5129055976867676
6915.481510607724,0.5165546536445618
6911.624577246342,0.516898512840271
6907.767643884959,0.5151594877243042
6903.910710523576,0.5124422907829285
6900.053777162194,0.5112108588218689
6896.196843800811,0.5104681253433228
6892.339910439428,0.509668231010437
6888.482977078045,0.5108018517494202
6884.626043716663,0.5114830732345581
6880.769110355281,0.5139121413230896
6876.912176993897,0.5130241513252258
6873.055243632515,0.5101575255393982
6869.198310271133,0.5105773210525513
6865.34137690975,0.5144806504249573
6861.484443548367,0.515417218208313
6857.627510186984,0.5124033093452454
6853.770576825602,0.5116888284683228
6849.913643464219,0.5128698945045471
6846.056710102836,0.512668788433075
6842.199776741454,0.5131528973579407
6838.342843380071,0.5131220817565918
6834.485910018689,0.5138119459152222
6830.628976657306,0.5137217044830322
6826.772043295923,0.5123953819274902
6822.915109934541,0.5126480460166931
6819.058176573158,0.5120721459388733
6815.201243211775,0.5107938051223755
6811.344309850392,0.5098351836204529
6807.48737648901,0.5086995363235474
6803.630443127628,0.5109918117523193
6799.773509766244,0.5121350288391113
6795.916576404862,0.509172797203064
6792.05964304348,0.5066443085670471
6788.202709682097,0.505474865436554
6784.345776320714,0.5081431865692139
6780.488842959331,0.5126476287841797
6776.631909597949,0.5136451125144958
6772.774976236566,0.5104244947433472
6768.918042875183,0.5083104968070984
6765.061109513801,0.5104738473892212
6761.204176152418,0.5113106966018677
6757.347242791036,0.5114290714263916
6753.490309429653,0.5115954279899597
6749.63337606827,0.5110650658607483
6745.776442706888,0.5120595693588257
6741.919509345505,0.5096918344497681
6738.062575984122,0.5068334937095642
6734.205642622739,0.5062522292137146
6730.348709261357,0.5067768096923828
6726.4917758999745,0.5098124742507935
6722.634842538591,0.5126761198043823
6718.777909177209,0.5104362368583679
6714.920975815827,0.5067321062088013
6711.064042454444,0.5050625801086426
6707.207109093061,0.5073655247688293
6703.350175731678,0.5093419551849365
6699.493242370296,0.5080138444900513
6695.636309008913,0.507950484752655
6691.77937564753,0.5063894987106323
6687.922442286148,0.5059023499488831
6684.065508924765,0.5055044889450073
6680.2085755633825,0.5050437450408936
6676.351642202,0.5044623613357544
6672.494708840617,0.5043283104896545
6668.637775479235,0.505928635597229
6664.7808421178515,0.5063038468360901
6660.923908756469,0.5062867403030396
6657.066975395086,0.5056883096694946
6653.210042033704,0.5034657716751099
6649.3531086723215,0.5023847818374634
6645.496175310938,0.5019811391830444
6641.639241949556,0.5028433203697205
6637.782308588174,0.5043315887451172
6633.9253752267905,0.5053013563156128
6630.068441865408,0.5061884522438049
6626.211508504025,0.5072493553161621
6622.354575142643,0.5066805481910706
6618.4976417812595,0.5051085948944092
6614.640708419877,0.5027250647544861
6610.783775058495,0.5029008388519287
6606.926841697112,0.5026262998580933
6603.069908335729,0.5012297034263611
6599.212974974347,0.5030255317687988
6595.356041612964,0.5042679905891418
6591.499108251582,0.502990186214447
6587.6421748901985,0.5032782554626465
6583.785241528816,0.5031797289848328
6579.928308167433,0.5039938688278198
6576.071374806051,0.5038298964500427
6572.214441444668,0.5017421841621399
6568.357508083285,0.5006318688392639
6564.500574721903,0.5011228322982788
6560.643641360521,0.5027235150337219
6556.786707999137,0.5020731091499329
6552.929774637755,0.4995095133781433
6549.072841276372,0.5007308125495911
6545.21590791499,0.5032280683517456
6541.3589745536065,0.5032333731651306
6537.502041192224,0.5026453137397766
6533.645107830842,0.5026360750198364
6529.788174469459,0.5029441118240356
6525.931241108076,0.5017655491828918
6522.074307746694,0.500625729560852
6518.217374385311,0.49987566471099854
6514.360441023929,0.5011876225471497
6510.503507662545,0.5023139715194702
6506.646574301163,0.5023354887962341
6502.78964093978,0.5022045969963074
6498.932707578398,0.49921759963035583
6495.075774217015,0.4987019896507263
6491.218840855632,0.5000711679458618
6487.36190749425,0.49982592463493347
6483.504974132868,0.4990299940109253
6479.648040771484,0.4991272985935211
6475.791107410102,0.49883562326431274
6471.934174048719,0.4976325035095215
6468.077240687337,0.4976412355899811
6464.220307325953,0.49877601861953735
6460.363373964571,0.49947071075439453
6456.506440603189,0.4985009431838989
6452.649507241806,0.49909135699272156
6448.792573880423,0.4994429349899292
6444.935640519041,0.49806684255599976
6441.078707157658,0.4979119300842285
6437.221773796276,0.49797073006629944
6433.364840434892,0.49891194701194763
6429.50790707351,0.4980173408985138
6425.650973712127,0.4975512623786926
6421.794040350745,0.49845415353775024
6417.937106989362,0.4986518323421478
6414.080173627979,0.49828532338142395
6410.223240266597,0.49952250719070435
6406.3663069052145,0.4997450113296509
6402.509373543831,0.499666690826416
6398.652440182449,0.5000225901603699
6394.795506821066,0.49726980924606323
6390.9385734596835,0.49638402462005615
6387.0816400983,0.497115820646286
6383.224706736918,0.49665144085884094
6379.367773375536,0.4962218403816223
6375.510840014153,0.4953039586544037
6371.65390665277,0.49594125151634216
6367.796973291388,0.49674516916275024
6363.940039930005,0.4960806369781494
6360.0831065686225,0.49571749567985535
6356.226173207239,0.4956298768520355
6352.369239845857,0.4946039021015167
6348.512306484474,0.49420294165611267
6344.6553731230915,0.49468064308166504
6340.798439761709,0.49637719988822937
6336.941506400326,0.4970281422138214
6333.084573038944,0.4969310462474823
6329.2276396775615,0.4965628385543823
6325.370706316178,0.49513015151023865
6321.513772954795,0.49461090564727783
6317.656839593413,0.49568620324134827
6313.7999062320305,0.4954153299331665
6309.942972870647,0.4951687157154083
6306.086039509265,0.4955941438674927
6302.229106147883,0.495602548122406
6298.3721727864995,0.49503210186958313
6294.515239425117,0.49396219849586487
6290.658306063735,0.4935145378112793
6286.801372702352,0.4951390326023102
6282.9444393409685,0.4961176812648773
6279.087505979586,0.49587175250053406
6275.230572618204,0.49538618326187134
6271.373639256821,0.49450477957725525
6267.5167058954385,0.49426549673080444
6263.659772534056,0.49313685297966003
6259.802839172673,0.4929457902908325
6255.945905811291,0.49408602714538574
6252.088972449908,0.49431025981903076
6248.232039088525,0.49290892481803894
6244.375105727142,0.49188777804374695
6240.51817236576,0.49375852942466736
6236.661239004377,0.4935671091079712
6232.804305642994,0.4911344349384308
6228.947372281612,0.4915127158164978
6225.09043892023,0.492128849029541
6221.233505558846,0.49173179268836975
6217.376572197464,0.4934922158718109
6213.519638836082,0.49408552050590515
6209.662705474699,0.494070827960968
6205.8057721133155,0.49336323142051697
6201.948838751933,0.49344390630722046
6198.091905390551,0.4937194883823395
6194.234972029168,0.49188438057899475
6190.378038667785,0.4901101291179657
6186.521105306403,0.4904040992259979
6182.66417194502,0.49132686853408813
6178.807238583638,0.49268075823783875
6174.950305222255,0.49350282549858093
6171.093371860872,0.49233493208885193
6167.236438499489,0.4913990795612335
6163.379505138107,0.4906976819038391
6159.522571776724,0.4903022050857544
6155.665638415341,0.4919455647468567
6151.808705053959,0.4923229515552521
6147.951771692577,0.49180930852890015
6144.094838331193,0.49111077189445496
6140.237904969811,0.49143946170806885
6136.380971608429,0.49223801493644714
6132.524038247046,0.4918383061885834
6128.667104885662,0.4907819330692291
6124.81017152428,0.49126777052879333
6120.953238162898,0.4913039207458496
6117.096304801515,0.49001994729042053
6113.239371440132,0.4893812835216522
6109.38243807875,0.4893593192100525
6105.525504717367,0.49006524682044983
6101.668571355985,0.4904713034629822
6097.811637994601,0.49006444215774536
6093.954704633219,0.49013686180114746
6090.097771271836,0.4895568788051605
6086.240837910454,0.487937867641449
6082.383904549071,0.4878861904144287
6078.526971187688,0.4887751340866089
6074.670037826306,0.4890604615211487
6070.8131044649235,0.48982733488082886
6066.95617110354,0.4904298484325409
6063.099237742158,0.4913177788257599
6059.242304380775,0.49101778864860535
6055.385371019393,0.490172803401947
6051.528437658009,0.48960092663764954
6047.671504296627,0.48920729756355286
6043.814570935245,0.48894599080085754
6039.957637573862,0.4881204068660736
6036.100704212479,0.48805439472198486
6032.243770851097,0.48864930868148804
6028.386837489714,0.48873740434646606
6024.5299041283315,0.48777177929878235
6020.672970766948,0.4873846769332886
6016.816037405566,0.4889635145664215
6012.959104044183,0.489778608083725
6009.1021706828005,0.4888926148414612
6005.245237321418,0.48884373903274536
6001.388303960035,0.48922932147979736
5997.531370598653,0.4882009029388428
5993.6744372372705,0.4874820411205292
5989.817503875887,0.48790329694747925
5985.960570514505,0.4877321124076843
5982.103637153122,0.48776692152023315
5978.2467037917395,0.4890744984149933
5974.389770430356,0.48950859904289246
5970.532837068974,0.4893853962421417
5966.675903707592,0.48884284496307373
5962.8189703462085,0.488986074924469
5958.962036984826,0.4897753894329071
5955.105103623444,0.4891415238380432
5951.248170262061,0.48808860778808594
5947.3912369006775,0.4881851077079773
5943.534303539296,0.4875599443912506
5939.677370177913,0.48645979166030884
5935.82043681653,0.4868525564670563
5931.9635034551475,0.486991286277771
5928.106570093765,0.4869208335876465
5924.249636732382,0.4871303141117096
5920.392703371,0.48589834570884705
5916.535770009617,0.4852270483970642
5912.678836648234,0.48603639006614685
5908.821903286851,0.4871293008327484
5904.96496992547,0.4874104857444763
5901.108036564086,0.4875100553035736
5897.251103202703,0.48727619647979736
5893.394169841321,0.4877336621284485
5889.537236479939,0.48783671855926514
5885.6803031185555,0.4872782826423645
5881.823369757173,0.48630255460739136
5877.966436395791,0.48601827025413513
5874.109503034408,0.4860217571258545
5870.2525696730245,0.4855053722858429
5866.395636311643,0.4855450689792633
5862.53870295026,0.485174298286438
5858.681769588877,0.4850462079048157
5854.824836227494,0.4864881634712219
5850.967902866112,0.48738881945610046
5847.110969504729,0.48769110441207886
5843.254036143347,0.48700663447380066
5839.397102781964,0.4864670932292938
5835.540169420581,0.4863409399986267
5831.683236059198,0.4863602817058563
5827.826302697817,0.48657283186912537
5823.969369336433,0.48676493763923645
5820.11243597505,0.48619693517684937
5816.255502613668,0.48552432656288147
5812.398569252286,0.48665595054626465
5808.541635890902,0.48649340867996216
5804.68470252952,0.4858405590057373
5800.827769168138,0.4863051772117615
5796.970835806755,0.48612141609191895
5793.113902445371,0.4865472912788391
5789.25696908399,0.48734229803085327
5785.400035722607,0.4868200719356537
5781.543102361224,0.48566415905952454
5777.686168999841,0.48452314734458923
5773.829235638459,0.48477786779403687
5769.972302277076,0.485999196767807
5766.115368915694,0.48593634366989136
5762.258435554311,0.4850224554538727
5758.401502192928,0.48404914140701294
5754.544568831545,0.48531490564346313
5750.6876354701635,0.48657330870628357
5746.83070210878,0.4854467511177063
5742.973768747397,0.48371273279190063
5739.116835386015,0.48355260491371155
5735.2599020246325,0.48404398560523987
5731.402968663249,0.4846358895301819
5727.546035301867,0.4853093922138214
5723.689101940485,0.4852239489555359
5719.832168579102,0.4847939610481262
5715.975235217718,0.4848915934562683
5712.118301856337,0.4852862060070038
5708.261368494954,0.48442575335502625
5704.404435133571,0.4831404387950897
5700.547501772188,0.48313403129577637
5696.690568410806,0.48336106538772583
5692.833635049423,0.4836803078651428
5688.9767016880405,0.48356637358665466
5685.119768326658,0.4835122525691986
5681.262834965275,0.4845649003982544
5677.405901603892,0.48585736751556396
5673.54896824251,0.48572996258735657
5669.692034881127,0.48514801263809204
5665.835101519744,0.48500484228134155
5661.978168158362,0.4846924841403961
5658.1212347969795,0.48371461033821106
5654.264301435596,0.4837353527545929
5650.407368074214,0.48429712653160095
5646.550434712832,0.48447346687316895
5642.6935013514485,0.48438575863838196
5638.836567990065,0.48483219742774963
5634.979634628684,0.48505905270576477
5631.122701267301,0.4847041368484497
5627.2657679059175,0.48428142070770264
5623.408834544535,0.48480549454689026
5619.551901183153,0.4853534400463104
5615.69496782177,0.48517119884490967
5611.8380344603875,0.484786719083786
5607.981101099005,0.484144389629364
5604.124167737622,0.48380035161972046
5600.267234376239,0.48376426100730896
5596.410301014857,0.48373082280158997
5592.553367653474,0.4834343492984772
5588.696434292091,0.4832887351512909
5584.839500930709,0.483148992061615
5580.982567569326,0.48332759737968445
5577.125634207943,0.4832746684551239
5573.268700846561,0.4819948077201843
5569.411767485179,0.4817405045032501
5565.554834123795,0.48246607184410095
5561.697900762412,0.4834691286087036
5557.84096740103,0.4837414026260376
5553.984034039648,0.483614057302475
5550.1271006782645,0.4832763671875
5546.270167316882,0.4827987849712372
5542.4132339555,0.4832881689071655
5538.556300594117,0.4839719831943512
5534.699367232734,0.48364973068237305
5530.842433871352,0.4831690192222595
5526.985500509969,0.4828163683414459
5523.128567148586,0.4823993146419525
5519.271633787203,0.4825860857963562
5515.414700425821,0.48320871591567993
5511.557767064438,0.48358967900276184
5507.700833703056,0.4826091527938843
5503.843900341673,0.4819420576095581
5499.98696698029,0.48168525099754333
5496.130033618908,0.48178768157958984
5492.273100257526,0.4818669557571411
5488.416166896142,0.48164719343185425
5484.559233534759,0.48097625374794006
5480.702300173377,0.4804108440876007
5476.845366811995,0.481222927570343
5472.988433450611,0.48166927695274353
5469.131500089229,0.4807729721069336
5465.274566727847,0.4804219901561737
5461.417633366464,0.4808412194252014
5457.560700005081,0.4819657504558563
5453.703766643699,0.48166707158088684
5449.846833282316,0.4810333251953125
5445.989899920933,0.48110231757164
5442.13296655955,0.48127445578575134
5438.276033198168,0.4809044897556305
5434.419099836785,0.4808243215084076
5430.562166475403,0.48064732551574707
5426.70523311402,0.4793975353240967
5422.848299752637,0.4796561002731323
5418.991366391255,0.48069489002227783
5415.1344330298725,0.48107269406318665
5411.277499668489,0.48056456446647644
5407.420566307106,0.4811623692512512
5403.563632945724,0.481964647769928
5399.706699584342,0.481288343667984
5395.849766222958,0.4807669520378113
5391.992832861576,0.480996310710907
5388.135899500194,0.4811118543148041
5384.278966138811,0.48167386651039124
5380.422032777428,0.48195549845695496
5376.565099416046,0.4821773171424866
5372.708166054663,0.4833734631538391
5368.85123269328,0.4835605323314667
5364.994299331897,0.4833872318267822
5361.137365970515,0.48453956842422485
5357.280432609132,0.4851963222026825
5353.4234992477495,0.4854440689086914
5349.566565886367,0.4855588376522064
5345.709632524984,0.4868570864200592
5341.852699163602,0.488433301448822
5337.9957658022195,0.48726123571395874
5334.138832440836,0.4868414103984833
5330.281899079453,0.48806121945381165
5326.424965718071,0.48963943123817444
5322.5680323566885,0.4905564785003662
5318.711098995305,0.4914644658565521
5314.854165633923,0.492550253868103
5310.997232272541,0.49344778060913086
5307.1402989111575,0.49536314606666565
5303.283365549775,0.4977080225944519
5299.426432188393,0.5002725124359131
5295.56949882701,0.5030435919761658
5291.7125654656265,0.5053529739379883
5287.855632104244,0.5074449181556702
5283.998698742862,0.509432315826416
5280.141765381479,0.5125380754470825
5276.2848320200965,0.5159320831298828
5272.427898658714,0.5190049409866333
5268.570965297331,0.5215718746185303
5264.714031935949,0.523292064666748
5260.857098574566,0.5271158218383789
5257.000165213183,0.5316956639289856
5253.1432318518,0.5349096655845642
5249.286298490418,0.5366450548171997
5245.429365129035,0.5375822186470032
5241.572431767652,0.5389418601989746
5237.71549840627,0.5391402244567871
5233.858565044888,0.5395307540893555
5230.0016316835045,0.5407441854476929
5226.144698322122,0.5409232974052429
5222.28776496074,0.5397326946258545
5218.430831599357,0.5386872887611389
5214.5738982379735,0.537943422794342
5210.716964876591,0.5370151996612549
5206.860031515209,0.5363491773605347
5203.003098153826,0.5366606712341309
5199.146164792443,0.535311222076416
5195.289231431061,0.5336240530014038
5191.432298069678,0.5323345065116882
5187.575364708296,0.5313120484352112
5183.718431346913,0.5313879251480103
5179.86149798553,0.5310711860656738
5176.004564624147,0.5299697518348694
5172.147631262765,0.528110682964325
5168.290697901382,0.5270984172821045
5164.433764539999,0.5269464254379272
5160.576831178617,0.5260871052742004
5156.719897817235,0.5253027677536011
5152.862964455851,0.5248596668243408
5149.006031094469,0.5247578024864197
5145.149097733087,0.5250775814056396
5141.292164371704,0.5246226787567139
5137.43523101032,0.5230355262756348
5133.578297648938,0.5225418210029602
5129.721364287556,0.5222682356834412
5125.864430926173,0.5221012234687805
5122.00749756479,0.5221351981163025
5118.150564203408,0.5215221643447876
5114.293630842025,0.5205288529396057
5110.436697480642,0.5194678902626038
5106.57976411926,0.5186566710472107
5102.722830757877,0.5183510184288025
5098.865897396494,0.5178934931755066
5095.008964035112,0.5170243382453918
5091.152030673729,0.5161119699478149
5087.295097312346,0.5160496234893799
5083.438163950964,0.5157296657562256
5079.5812305895815,0.5149523615837097
5075.724297228198,0.5144983530044556
5071.867363866815,0.5141522884368896
5068.010430505434,0.5128926038742065
5064.153497144051,0.5122968554496765
5060.296563782667,0.5122779011726379
5056.439630421285,0.511992335319519
5052.582697059903,0.5115735530853271
5048.72576369852,0.5114505290985107
5044.868830337137,0.5111587643623352
5041.011896975755,0.5108734965324402
5037.154963614372,0.5106135606765747
5033.298030252989,0.510403573513031
5029.441096891607,0.509432315826416
5025.584163530224,0.5088950395584106
5021.727230168841,0.5091411471366882
5017.8702968074585,0.5085439682006836
5014.013363446076,0.5073332786560059
5010.156430084693,0.5070154070854187
5006.299496723311,0.5065075755119324
5002.4425633619285,0.506335973739624
4998.585630000545,0.5055857300758362
4994.728696639162,0.5048251152038574
4990.871763277781,0.5040692090988159
4987.0148299163975,0.5037987232208252
4983.157896555014,0.5031769871711731
4979.300963193632,0.5029621124267578
4975.44402983225,0.5032766461372375
4971.5870964708665,0.5033530592918396
4967.730163109484,0.5028561353683472
4963.873229748102,0.5024481415748596
4960.016296386719,0.5020648241043091
4956.159363025336,0.5017988681793213
4952.302429663954,0.5009062886238098
4948.445496302571,0.5004507303237915
4944.588562941188,0.5006672739982605
4940.7316295798055,0.5012735724449158
4936.874696218423,0.5009236335754395
4933.01776285704,0.5000095963478088
4929.160829495658,0.49927619099617004
4925.303896134275,0.5001225471496582
4921.446962772892,0.5004810690879822
4917.590029411509,0.5002433657646179
4913.733096050128,0.49977996945381165
4909.876162688744,0.4991731643676758
4906.019229327361,0.49909713864326477
4902.162295965979,0.49916037917137146
4898.305362604597,0.4990735352039337
4894.4484292432135,0.49927818775177
4890.591495881831,0.4986790716648102
4886.734562520449,0.4989018440246582
4882.877629159066,0.49917730689048767
4879.0206957976825,0.4990018904209137
4875.163762436301,0.4984549582004547
4871.306829074918,0.49849608540534973
4867.449895713535,0.4985613226890564
4863.592962352152,0.4981934726238251
4859.73602899077,0.49831685423851013
4855.879095629387,0.49834591150283813
4852.022162268005,0.49764400720596313
4848.165228906622,0.4971703588962555
4844.308295545239,0.4972551763057709
4840.451362183856,0.4977863132953644
4836.594428822475,0.4982055723667145
4832.737495461091,0.4984842836856842
4828.880562099708,0.49844804406166077
4825.023628738326,0.4979323744773865
4821.166695376944,0.4977174401283264
4817.30976201556,0.498030424118042
4813.452828654178,0.4980067312717438
4809.595895292796,0.49805551767349243
4805.738961931413,0.498808890581131
4801.882028570029,0.4992629885673523
4798.025095208648,0.49914300441741943
4794.168161847265,0.4985593557357788
4790.311228485882,0.4980867803096771
4786.454295124499,0.49858900904655457
4782.597361763117,0.4985387921333313
4778.740428401734,0.4984917640686035
4774.883495040352,0.4985356330871582
4771.026561678969,0.49871525168418884
4767.169628317586,0.49870872497558594
4763.312694956203,0.49904802441596985
4759.4557615948215,0.4991355240345001
4755.598828233438,0.49901294708251953
4751.741894872055,0.4994279444217682
4747.884961510673,0.4999668300151825
4744.028028149291,0.49993544816970825
4740.171094787907,0.49977853894233704
4736.314161426525,0.4997032880783081
4732.457228065143,0.5004285573959351
4728.60029470376,0.5010988116264343
4724.743361342376,0.5011029839515686
4720.886427980995,0.5007885098457336
4717.029494619612,0.5000780820846558
4713.172561258229,0.49994879961013794
4709.315627896846,0.5004488825798035
4705.458694535464,0.5009519457817078
4701.601761174081,0.5011650919914246
4697.7448278126985,0.5008490085601807
4693.887894451316,0.5009803771972656
4690.030961089933,0.501615047454834
4686.17402772855,0.5018115639686584
4682.317094367168,0.5018624663352966
4678.460161005785,0.5027255415916443
4674.603227644402,0.5034700036048889
4670.74629428302,0.50362229347229
4666.8893609216375,0.5034564137458801
4663.032427560254,0.5038284659385681
4659.175494198872,0.5045701861381531
4655.31856083749,0.5054702758789062
4651.4616274761065,0.5061508417129517
4647.604694114723,0.5068163275718689
4643.747760753341,0.5079724788665771
4639.890827391959,0.5095545053482056
4636.0338940305755,0.5107010006904602
4632.176960669193,0.5116164088249207
4628.320027307811,0.5120460987091064
4624.463093946428,0.5129820704460144
4620.6061605850455,0.514177143573761
4616.749227223663,0.515303373336792
4612.89229386228,0.516718327999115
4609.035360500897,0.5171790719032288
4605.1784271395145,0.5176095366477966
4601.321493778132,0.5185869336128235
4597.464560416749,0.5188983678817749
4593.607627055367,0.5201322436332703
4589.750693693984,0.5218750834465027
4585.893760332601,0.523319661617279
4582.036826971219,0.5241726636886597
4578.179893609837,0.5253722071647644
4574.3229602484535,0.525932788848877
4570.46602688707,0.5270385146141052
4566.609093525688,0.5287576913833618
4562.752160164306,0.5304214954376221
4558.8952268029225,0.531796932220459
4555.03829344154,0.533228874206543
4551.181360080158,0.534212589263916
4547.324426718775,0.5356891751289368
4543.467493357392,0.5376911759376526
4539.61055999601,0.5397646427154541
4535.753626634627,0.5418859720230103
4531.896693273244,0.5432769060134888
4528.039759911861,0.5434347987174988
4524.182826550479,0.5426580309867859
4520.325893189096,0.5405392646789551
4516.468959827714,0.5371370315551758
4512.612026466331,0.5338870882987976
4508.755093104948,0.5319923758506775
4504.898159743566,0.530267596244812
4501.041226382184,0.5284205079078674
4497.1842930208,0.5271483063697815
4493.327359659417,0.5264509916305542
4489.470426298035,0.5262711644172668
4485.613492936653,0.5257672071456909
4481.756559575269,0.5258093476295471
4477.899626213887,0.5261671543121338
4474.042692852505,0.5264405012130737
4470.185759491122,0.5260773301124573
4466.328826129739,0.5257309675216675
4462.471892768357,0.525894284248352
4458.614959406974,0.5255153179168701
4454.758026045591,0.5247976183891296
4450.901092684208,0.5248103737831116
4447.044159322826,0.5246326327323914
4443.187225961443,0.5239138603210449
4439.330292600061,0.5236226916313171
4435.473359238678,0.5242939591407776
4431.616425877295,0.5247693061828613
4427.759492515913,0.5244255065917969
4423.9025591545305,0.5242669582366943
4420.045625793147,0.524085283279419
4416.188692431764,0.5240452885627747
4412.331759070382,0.5246922373771667
4408.474825709,0.5252688527107239
4404.617892347616,0.5259736180305481
4400.760958986234,0.5268874764442444
4396.904025624852,0.5271821618080139
4393.047092263469,0.5274550318717957
4389.190158902086,0.5280343890190125
4385.333225540704,0.528770923614502
4381.476292179321,0.5290836095809937
4377.619358817938,0.5295794010162354
4373.762425456555,0.5301355123519897
4369.905492095173,0.5305339097976685
4366.04855873379,0.5313987135887146
4362.1916253724075,0.531853973865509
4358.334692011025,0.532067060470581
4354.477758649642,0.5324692726135254
4350.62082528826,0.5325055718421936
4346.7638919268775,0.5325923562049866
4342.906958565494,0.5332751870155334
4339.050025204111,0.5339274406433105
4335.193091842729,0.5343480706214905
4331.3361584813465,0.5349462628364563
4327.479225119963,0.5355772376060486
4323.622291758581,0.5359746217727661
4319.765358397199,0.536324679851532
4315.9084250358155,0.5364789366722107
4312.051491674433,0.5369387269020081
4308.194558313051,0.5377580523490906
4304.337624951668,0.5382656455039978
4300.480691590285,0.5384093523025513
4296.623758228902,0.539047122001648
4292.76682486752,0.5401098132133484
4288.909891506137,0.5408236980438232
4285.0529581447545,0.5416145324707031
4281.196024783372,0.5426991581916809
4277.339091421989,0.5435307621955872
4273.482158060607,0.544579029083252
4269.625224699224,0.5459186434745789
4265.768291337841,0.5471100211143494
4261.911357976458,0.5482942461967468
4258.054424615076,0.5491021275520325
4254.197491253693,0.5494193434715271
4250.34055789231,0.5497844219207764
4246.483624530928,0.5501462817192078
4242.626691169546,0.5507633090019226
4238.7697578081625,0.551738977432251
4234.912824446779,0.5521745681762695
4231.055891085398,0.5522410869598389
4227.198957724015,0.5524157881736755
4223.3420243626315,0.5529883503913879
4219.485091001249,0.5536128282546997
4215.628157639867,0.5541922450065613
4211.771224278484,0.5556155443191528
4207.914290917101,0.5572165846824646
4204.057357555719,0.5583491325378418
4200.200424194336,0.5587312579154968
4196.343490832953,0.5587941408157349
4192.486557471571,0.5595288276672363
4188.629624110188,0.5603877902030945
4184.772690748805,0.5609641075134277
4180.915757387423,0.5610799789428711
4177.05882402604,0.5611329674720764
4173.201890664657,0.5615784525871277
4169.344957303275,0.5622385144233704
4165.488023941893,0.5628697276115417
4161.631090580509,0.5630605816841125
4157.774157219126,0.5631460547447205
4153.917223857745,0.5635148286819458
4150.060290496362,0.5644254684448242
4146.203357134978,0.5654303431510925
4142.346423773596,0.5662744641304016
4138.489490412214,0.5670312643051147
4134.632557050831,0.5682048201560974
4130.775623689448,0.5695236325263977
4126.918690328066,0.5703897476196289
4123.061756966683,0.571128249168396
4119.2048236053,0.5723134875297546
4115.347890243918,0.5738022923469543
4111.490956882535,0.5755822062492371
4107.634023521152,0.5771906971931458
4103.77709015977,0.5785703659057617
4099.920156798387,0.5796740055084229
4096.063223437004,0.5807357430458069
4092.206290075622,0.5817447900772095
4088.349356714239,0.5824940204620361
4084.4924233528563,0.5834112763404846
4080.6354899914736,0.5840590596199036
4076.7785566300913,0.5847529768943787
4072.9216232687086,0.586211621761322
4069.064689907326,0.5875045657157898
4065.207756545943,0.5885852575302124
4061.3508231845603,0.589339017868042
4057.493889823178,0.5897316336631775
4053.6369564617953,0.5904101133346558
4049.7800231004126,0.5917631983757019
4045.92308973903,0.5929149389266968
4042.066156377647,0.594066858291626
4038.209223016265,0.5948342680931091
4034.352289654882,0.5958201885223389
4030.4953562934993,0.5968063473701477
4026.6384229321166,0.5977597236633301
4022.781489570734,0.5988776683807373
4018.9245562093515,0.599587082862854
4015.067622847969,0.6003286242485046
4011.210689486586,0.6015392541885376
4007.3537561252033,0.6026085019111633
4003.4968227638205,0.60355544090271
3999.6398894024383,0.6043546199798584
3995.7829560410555,0.6049232482910156
3991.9260226796728,0.605126142501831
3988.06908931829,0.6059184074401855
3984.2121559569073,0.6070024371147156
3980.355222595525,0.6077130436897278
3976.4982892341422,0.6080334782600403
3972.6413558727595,0.608647346496582
3968.7844225113768,0.6092603206634521
3964.927489149994,0.6099188327789307
3961.0705557886117,0.6101562976837158
3957.213622427229,0.6106091737747192
3953.3566890658462,0.6111286282539368
3949.4997557044635,0.6119207739830017
3945.6428223430808,0.6124464273452759
3941.7858889816985,0.6126174330711365
3937.9289556203157,0.6128008961677551
3934.072022258933,0.6142281889915466
3930.2150888975502,0.6144788265228271
3926.3581555361675,0.6146770715713501
3922.501222174785,0.6156370043754578
3918.6442888134025,0.6169950366020203
3914.7873554520197,0.6169700026512146
3910.930422090637,0.6175078749656677
3907.073488729254,0.6193462014198303
3903.2165553678715,0.6203770637512207
3899.359622006489,0.6199350953102112
3895.502688645106,0.6206367015838623
3891.6457552837237,0.6222653985023499
3887.7888219223414,0.6239409446716309
3883.931888560958,0.624894917011261
3880.074955199576,0.6262915730476379
3876.2180218381927,0.6277220249176025
3872.3610884768104,0.6293452978134155
3868.504155115428,0.6288765668869019
3864.647221754045,0.6288989186286926
3860.7902883926627,0.6301833391189575
3856.9333550312795,0.633060872554779
3853.076421669897,0.6329578161239624
3849.219488308515,0.632827877998352
3845.3625549471317,0.6355693936347961
3841.5056215857494,0.6377475261688232
3837.648688224366,0.6387084722518921
3833.791754862984,0.6400641798973083
3829.9348215016016,0.6404456496238708
3826.0778881402184,0.6420485973358154
3822.220954778836,0.6441947221755981
3818.364021417453,0.6458422541618347
3814.5070880560706,0.6470093131065369
3810.6501546946884,0.6492513418197632
3806.793221333305,0.6520371437072754
3802.936287971923,0.6543687582015991
3799.0793546105397,0.6565948724746704
3795.2224212491574,0.6595954895019531
3791.365487887775,0.6620777249336243
3787.508554526392,0.6652671098709106
3783.6516211650096,0.6691688895225525
3779.7946878036264,0.6742235422134399
3775.937754442244,0.6782798171043396
3772.080821080862,0.6824641227722168
3768.2238877194786,0.6876813769340515
3764.3669543580963,0.6935737729072571
3760.510020996713,0.7001611590385437
3756.653087635331,0.7078737020492554
3752.7961542739486,0.714337170124054
3748.9392209125654,0.7224588990211487
3745.082287551183,0.732602596282959
3741.2253541898,0.7417364716529846
3737.3684208284176,0.7501134872436523
3733.5114874670353,0.7691965103149414
3729.654554105652,0.787901759147644
3725.79762074427,0.8170095086097717
3721.9406873828866,0.8741646409034729
3718.0837540215043,0.9439427852630615
3714.226820660122,1.0132147073745728
3710.369887298739,1.129655122756958
3706.5129539373565,1.2394989728927612
3702.6560205759733,1.322974681854248
3698.799087214591,1.4037131071090698
3694.9421538532088,1.4286080598831177
3691.0852204918256,1.4062423706054688
3687.2282871304433,1.3659937381744385
3683.37135376906,1.3594437837600708
3679.514420407678,1.3742218017578125
3675.6574870462955,1.408867359161377
3671.8005536849123,1.450394630432129
3667.94362032353,1.4854238033294678
3664.086686962147,1.5164299011230469
3660.2297536007645,1.5438365936279297
3656.3728202393822,1.5755101442337036
3652.515886877999,1.6003475189208984
3648.6589535166167,1.615087866783142
3644.8020201552335,1.6234588623046875
3640.9450867938513,1.6339689493179321
3637.088153432469,1.6460627317428589
3633.2312200710858,1.662466049194336
3629.3742867097035,1.6840912103652954
3625.5173533483203,1.7051063776016235
3621.660419986938,1.7114497423171997
3617.8034866255557,1.6842589378356934
3613.9465532641725,1.650842308998108
3610.08961990279,1.6224535703659058
3606.232686541407,1.593831181526184
3602.3757531800247,1.5771269798278809
3598.5188198186424,1.563356876373291
3594.6618864572592,1.550774097442627
3590.804953095877,1.5455079078674316
3586.9480197344938,1.5343397855758667
3583.0910863731115,1.5220438241958618
3579.234153011729,1.5178731679916382
3575.377219650346,1.5127763748168945
3571.5202862889637,1.5072795152664185
3567.6633529275805,1.5059009790420532
3563.806419566198,1.4962193965911865
3559.949486204816,1.4886027574539185
3556.0925528434327,1.4826371669769287
3552.2356194820504,1.4773707389831543
3548.378686120667,1.4747974872589111
3544.521752759285,1.475595474243164
3540.6648193979026,1.4761743545532227
3536.8078860365194,1.4738258123397827
3532.950952675137,1.4726446866989136
3529.094019313754,1.4748460054397583
3525.2370859523717,1.4773626327514648
3521.3801525909894,1.4746184349060059
3517.523219229606,1.4741591215133667
3513.666285868224,1.4794174432754517
3509.8093525068407,1.482460379600525
3505.9524191454584,1.4813271760940552
3502.095485784076,1.4832552671432495
3498.238552422693,1.4874160289764404
3494.3816190613106,1.4891471862792969
3490.5246856999274,1.4931766986846924
3486.667752338545,1.4951715469360352
3482.810818977163,1.4953550100326538
3478.9538856157797,1.4987890720367432
3475.0969522543974,1.5023506879806519
3471.240018893014,1.5045734643936157
3467.383085531632,1.509139895439148
3463.5261521702496,1.512600064277649
3459.6692188088664,1.5141116380691528
3455.812285447484,1.515547513961792
3451.955352086101,1.5156784057617188
3448.0984187247186,1.5164803266525269
3444.2414853633363,1.5196568965911865
3440.384552001953,1.5222177505493164
3436.527618640571,1.5245691537857056
3432.6706852791876,1.5241090059280396
3428.8137519178053,1.5231306552886963
3424.956818556423,1.5242886543273926
3421.09988519504,1.527163028717041
3417.2429518336576,1.5268588066101074
3413.3860184722744,1.5240970849990845
3409.529085110892,1.5236527919769287
3405.67215174951,1.5251927375793457
3401.8152183881266,1.5255898237228394
3397.9582850267443,1.525307059288025
3394.101351665361,1.5215963125228882
3390.244418303979,1.5194028615951538
3386.3874849425965,1.5186845064163208
3382.5305515812133,1.5151612758636475
3378.673618219831,1.511306643486023
3374.816684858448,1.511022686958313
3370.9597514970656,1.5113073587417603
3367.1028181356833,1.510094165802002
3363.2458847743,1.5056376457214355
3359.388951412918,1.5017915964126587
3355.5320180515346,1.49932861328125
3351.6750846901523,1.4989171028137207
3347.81815132877,1.4971119165420532
3343.961217967387,1.494398593902588
3340.1042846060045,1.492146372795105
3336.2473512446213,1.4886951446533203
3332.390417883239,1.4835381507873535
3328.5334845218567,1.4796380996704102
3324.6765511604735,1.475862741470337
3320.8196177990912,1.4726383686065674
3316.962684437708,1.4712071418762207
3313.1057510763258,1.4680241346359253
3309.2488177149435,1.4646373987197876
3305.3918843535603,1.4645706415176392
3301.534950992178,1.4619104862213135
3297.678017630795,1.4583381414413452
3293.8210842694125,1.4557101726531982
3289.96415090803,1.4530284404754639
3286.107217546647,1.4503445625305176
3282.2502841852647,1.449293613433838
3278.3933508238815,1.4473520517349243
3274.5364174624992,1.4430108070373535
3270.679484101117,1.44168221950531
3266.8225507397337,1.441618800163269
3262.9656173783515,1.4369022846221924
3259.1086840169683,1.4314013719558716
3255.251750655586,1.4282015562057495
3251.3948172942037,1.4268572330474854
3247.5378839328205,1.4249757528305054
3243.680950571438,1.42124342918396
3239.824017210055,1.4169528484344482
3235.9670838486727,1.4149951934814453
3232.1101504872904,1.4110949039459229
3228.253217125907,1.4055066108703613
3224.396283764525,1.4010294675827026
3220.5393504031417,1.3958957195281982
3216.6824170417594,1.3899091482162476
3212.825483680377,1.3860043287277222
3208.968550318994,1.3818377256393433
3205.1116169576117,1.376729130744934
3201.2546835962285,1.3713600635528564
3197.397750234846,1.3655799627304077
3193.540816873464,1.3599443435668945
3189.6838835120807,1.3554550409317017
3185.8269501506984,1.3480451107025146
3181.970016789315,1.3407566547393799
3178.113083427933,1.3353486061096191
3174.2561500665506,1.3302761316299438
3170.3992167051674,1.3241829872131348
3166.542283343785,1.3191384077072144
3162.685349982402,1.3141919374465942
3158.8284166210196,1.3084560632705688
3154.9714832596364,1.302394986152649
3151.114549898254,1.2979657649993896
3147.257616536872,1.289890170097351
3143.4006831754887,1.2811810970306396
3139.5437498141064,1.2756097316741943
3135.686816452723,1.2707319259643555
3131.829883091341,1.2654104232788086
3127.9729497299586,1.2596491575241089
3124.1160163685754,1.2530754804611206
3120.259083007193,1.248319149017334
3116.40214964581,1.2429355382919312
3112.5452162844276,1.2373014688491821
3108.6882829230453,1.2319222688674927
3104.831349561662,1.2269538640975952
3100.97441620028,1.2213447093963623
3097.1174828388966,1.2151620388031006
3093.2605494775144,1.2097066640853882
3089.403616116132,1.2063623666763306
3085.546682754749,1.2018450498580933
3081.6897493933666,1.1969002485275269
3077.8328160319834,1.1921974420547485
3073.975882670601,1.187230110168457
3070.118949309219,1.1809357404708862
3066.2620159478356,1.1751165390014648
3062.4050825864533,1.1699050664901733
3058.54814922507,1.1646555662155151
3054.691215863688,1.1590616703033447
3050.8342825023055,1.154924750328064
3046.9773491409223,1.1505274772644043
3043.12041577954,1.1459189653396606
3039.263482418157,1.140346884727478
3035.4065490567746,1.134513020515442
3031.5496156953923,1.1291178464889526
3027.692682334009,1.1245596408843994
3023.835748972627,1.1203786134719849
3019.9788156112436,1.1162476539611816
3016.1218822498613,1.1114091873168945
3012.264948888479,1.1070938110351562
3008.408015527096,1.1031930446624756
3004.5510821657135,1.0997817516326904
3000.6941488043303,1.0968518257141113
2996.837215442948,1.094212293624878
2992.9802820815657,1.0917301177978516
2989.1233487201825,1.0898598432540894
2985.2664153588003,1.0881038904190063
2981.409481997417,1.0877596139907837
2977.5525486360348,1.0870897769927979
2973.6956152746525,1.0867587327957153
2969.8386819132693,1.085644245147705
2965.981748551887,1.0842212438583374
2962.124815190504,1.0837785005569458
2958.2678818291215,1.0827138423919678
2954.410948467739,1.080903172492981
2950.554015106356,1.0799157619476318
2946.6970817449737,1.0790084600448608
2942.8401483835905,1.0780924558639526
2938.9832150222082,1.0769054889678955
2935.126281660826,1.0767699480056763
2931.2693482994428,1.0773043632507324
2927.4124149380605,1.0761728286743164
2923.5554815766773,1.0723929405212402
2919.698548215295,1.0663155317306519
2915.8416148539127,1.057262659072876
2911.9846814925295,1.0458965301513672
2908.127748131147,1.0355981588363647
2904.270814769764,1.0280970335006714
2900.4138814083817,1.0221128463745117
2896.5569480469994,1.0162246227264404
2892.700014685616,1.010429859161377
2888.843081324234,1.0048229694366455
2884.9861479628507,1.0000029802322388
2881.1292146014684,0.9963920712471008
2877.272281240086,0.9935532212257385
2873.415347878703,0.9906353950500488
2869.5584145173207,0.9872498512268066
2865.7014811559375,0.9841725826263428
2861.844547794555,0.9818949103355408
2857.987614433173,0.9809758067131042
2854.1306810717897,0.9801591634750366
2850.2737477104074,0.9755663871765137
2846.416814349024,0.9644951224327087
2842.559880987642,0.951668918132782
2838.7029476262596,0.9413638114929199
2834.8460142648764,0.9335838556289673
2830.989080903494,0.9273211359977722
2827.132147542111,0.9217903017997742
2823.2752141807287,0.9169932007789612
2819.4182808193464,0.9124149680137634
2815.561347457963,0.9080517888069153
2811.704414096581,0.9044302701950073
2807.8474807351977,0.9005646705627441
2803.9905473738154,0.8960901498794556
2800.133614012433,0.8924536108970642
2796.27668065105,0.8895349502563477
2792.4197472896676,0.886215329170227
2788.5628139282844,0.8827480673789978
2784.705880566902,0.878719687461853
2780.84894720552,0.8751392364501953
2776.9920138441366,0.8724428415298462
2773.1350804827543,0.869680643081665
2769.278147121371,0.8665242791175842
2765.421213759989,0.8637732267379761
2761.5642803986066,0.8613872528076172
2757.7073470372234,0.8587148189544678
2753.850413675841,0.8559691309928894
2749.993480314458,0.8538363575935364
2746.1365469530756,0.8518134355545044
2742.2796135916933,0.8492355942726135
2738.42268023031,0.8464860916137695
2734.565746868928,0.8441402912139893
2730.7088135075446,0.8419264554977417
2726.8518801461623,0.8398999571800232
2722.99494678478,0.837462842464447
2719.138013423397,0.8348799347877502
2715.2810800620146,0.8325400352478027
2711.4241467006314,0.8301140666007996
2707.567213339249,0.827728271484375
2703.710279977867,0.8257049322128296
2699.8533466164836,0.8236140012741089
2695.9964132551013,0.8218084573745728
2692.139479893718,0.8202221989631653
2688.282546532336,0.8181028962135315
2684.4256131709535,0.816188395023346
2680.5686798095703,0.8146786689758301
2676.711746448188,0.8127176761627197
2672.854813086805,0.8105077147483826
2668.9978797254225,0.8082002997398376
2665.1409463640402,0.8060289621353149
2661.284013002657,0.8044396042823792
2657.4270796412748,0.8030838370323181
2653.5701462798916,0.8016353249549866
2649.7132129185093,0.7999964356422424
2645.856279557127,0.7982113361358643
2641.999346195744,0.7965420484542847
2638.1424128343615,0.795031726360321
2634.2854794729783,0.7933098077774048
2630.428546111596,0.7918139100074768
2626.5716127502137,0.7908390760421753
2622.7146793888305,0.7895036935806274
2618.8577460274482,0.7879137992858887
2615.000812666065,0.7866408824920654
2611.1438793046827,0.7855517268180847
2607.2869459433005,0.784615159034729
2603.4300125819173,0.783592164516449
2599.573079220535,0.7824344635009766
2595.7161458591518,0.7812161445617676
2591.8592124977695,0.7800740599632263
2588.002279136387,0.779290497303009
2584.145345775004,0.7785376906394958
2580.2884124136217,0.7774681448936462
2576.4314790522385,0.7762850522994995
2572.574545690856,0.7751988172531128
2568.717612329474,0.7744439244270325
2564.8606789680907,0.7736934423446655
2561.0037456067084,0.7730532884597778
2557.1468122453252,0.7724953889846802
2553.289878883943,0.7719656229019165
2549.4329455225607,0.7716259360313416
2545.5760121611775,0.7713229656219482
2541.719078799795,0.7706708312034607
2537.862145438412,0.770252525806427
2534.0052120770297,0.7699477076530457
2530.1482787156474,0.7697253823280334
2526.291345354264,0.7695314884185791
2522.434411992882,0.7692978382110596
2518.5774786314987,0.7689120769500732
2514.7205452701164,0.7687689661979675
2510.863611908734,0.7688271403312683
2507.006678547351,0.7686922550201416
2503.1497451859686,0.7687976360321045
2499.2928118245854,0.7688375115394592
2495.435878463203,0.7684760689735413
2491.578945101821,0.7684403657913208
2487.7220117404377,0.7684710025787354
2483.8650783790554,0.7683722972869873
2480.008145017672,0.7684252262115479
2476.15121165629,0.7684733867645264
2472.2942782949076,0.7681907415390015
2468.4373449335244,0.7680243253707886
2464.580411572142,0.7679904699325562
2460.723478210759,0.7681396007537842
2456.8665448493766,0.7684569358825684
2453.0096114879943,0.7686716318130493
2449.152678126611,0.7687552571296692
2445.295744765229,0.7690184712409973
2441.4388114038456,0.7693392634391785
2437.5818780424634,0.7700213193893433
2433.724944681081,0.7706269025802612
2429.868011319698,0.7708691358566284
2426.0110779583156,0.7711256742477417
2422.1541445969324,0.7714650630950928
2418.29721123555,0.7718459367752075
2414.440277874168,0.7723620533943176
2410.5833445127846,0.7727293968200684
2406.7264111514023,0.7731956243515015
2402.869477790019,0.7737298011779785
2399.012544428637,0.7740426659584045
2395.1556110672545,0.77442866563797
2391.2986777058713,0.7750453948974609
2387.441744344489,0.7755892872810364
2383.584810983106,0.7760476469993591
2379.7278776217236,0.7768873572349548
2375.8709442603413,0.7778328061103821
2372.014010898958,0.7775399684906006
2368.157077537576,0.7783219218254089
2364.3001441761926,0.7802639603614807
2360.4432108148103,0.7805784940719604
2356.586277453428,0.7814417481422424
2352.729344092045,0.7840065360069275
2348.8724107306625,0.7841603755950928
2345.0154773692793,0.7860335111618042
2341.158544007897,0.7874802350997925
2337.3016106465147,0.7870956063270569
2333.4446772851315,0.7859717011451721
2329.5877439237493,0.7857142090797424
2325.730810562366,0.785697877407074
2321.8738772009838,0.7861390113830566
2318.0169438396015,0.7865039706230164
2314.1600104782183,0.7874372005462646
2310.303077116836,0.788048267364502
2306.446143755453,0.7880743145942688
2302.5892103940705,0.7882953882217407
2298.732277032688,0.7895079255104065
2294.875343671305,0.7909052968025208
2291.0184103099227,0.7925268411636353
2287.1614769485395,0.7942982316017151
2283.3045435871572,0.795717716217041
2279.447610225774,0.7973346710205078
2275.5906768643918,0.7992742657661438
2271.7337435030095,0.8012577295303345
2267.8768101416263,0.8032656311988831
2264.019876780244,0.8048499822616577
2260.162943418861,0.8065673112869263
2256.3060100574785,0.8081535696983337
2252.449076696096,0.8097836375236511
2248.592143334713,0.8119332194328308
2244.7352099733307,0.8142281174659729
2240.8782766119475,0.8159364461898804
2237.021343250565,0.817256510257721
2233.164409889183,0.8179364204406738
2229.3074765277997,0.8181166052818298
2225.4505431664174,0.8182143568992615
2221.5936098050342,0.8178394436836243
2217.736676443652,0.8167015314102173
2213.8797430822697,0.815789520740509
2210.0228097208865,0.8151159286499023
2206.165876359504,0.8148598670959473
2202.308942998121,0.8146412372589111
2198.4520096367387,0.8150812983512878
2194.5950762753564,0.8157433867454529
2190.738142913973,0.81662517786026
2186.881209552591,0.8177546858787537
2183.0242761912077,0.8190673589706421
2179.1673428298254,0.8204153180122375
2175.310409468443,0.8220174908638
2171.45347610706,0.8237408399581909
2167.5965427456777,0.8258432745933533
2163.7396093842945,0.8280844688415527
2159.882676022912,0.8305890560150146
2156.02574266153,0.8327280282974243
2152.1688093001467,0.8353184461593628
2148.3118759387644,0.8382697105407715
2144.454942577381,0.8409075736999512
2140.598009215999,0.8433746099472046
2136.7410758546166,0.8457316160202026
2132.8841424932334,0.8469535112380981
2129.027209131851,0.847356915473938
2125.170275770468,0.847334623336792
2121.3133424090856,0.8477849364280701
2117.4564090477033,0.8484759330749512
2113.59947568632,0.8497257232666016
2109.742542324938,0.8508313894271851
2105.8856089635547,0.8523148894309998
2102.0286756021724,0.8538299202919006
2098.17174224079,0.8556269407272339
2094.314808879407,0.8576322793960571
2090.4578755180246,0.8600503206253052
2086.6009421566414,0.8620476722717285
2082.744008795259,0.8640574812889099
2078.887075433877,0.8662766218185425
2075.0301420724936,0.8689701557159424
2071.1732087111113,0.8717631101608276
2067.316275349728,0.8750272989273071
2063.459341988346,0.8787406086921692
2059.6024086269636,0.8830299377441406
2055.7454752655804,0.8878951072692871
2051.888541904198,0.8941776156425476
2048.031608542815,0.9021714329719543
2044.1746751814326,0.9126612544059753
2040.3177418200503,0.9255276918411255
2036.460808458667,0.9394823312759399
2032.6038750972848,0.9517245292663574
2028.7469417359016,0.9612678289413452
2024.8900083745193,0.9682785868644714
2021.033075013137,0.9748980402946472
2017.1761416517538,0.9836815595626831
2013.3192082903715,0.9960920214653015
2009.4622749289883,1.0091825723648071
2005.605341567606,1.02029550075531
2001.7484082062238,1.0279449224472046
1997.8914748448406,1.033392310142517
1994.0345414834583,1.0365408658981323
1990.177608122075,1.0379583835601807
1986.3206747606928,1.0387725830078125
1982.4637413993105,1.0402865409851074
1978.6068080379273,1.041900396347046
1974.749874676545,1.0430220365524292
1970.8929413151618,1.041515827178955
1967.0360079537795,1.0386945009231567
1963.1790745923972,1.0361193418502808
1959.322141231014,1.034659743309021
1955.4652078696317,1.0346765518188477
1951.6082745082485,1.0369718074798584
1947.7513411468663,1.0391592979431152
1943.894407785484,1.0403395891189575
1940.0374744241008,1.0407376289367676
1936.1805410627185,1.0413975715637207
1932.3236077013353,1.0421488285064697
1928.466674339953,1.0437276363372803
1924.6097409785707,1.0463757514953613
1920.7528076171875,1.0530306100845337
1916.8958742558052,1.0643728971481323
1913.038940894422,1.0789042711257935
1909.1820075330397,1.097609281539917
1905.3250741716574,1.1192299127578735
1901.4681408102742,1.1388167142868042
1897.611207448892,1.157321810722351
1893.7542740875087,1.174462080001831
1889.8973407261265,1.1895198822021484
1886.0404073647442,1.2009990215301514
1882.183474003361,1.210100531578064
1878.3265406419787,1.2179032564163208
1874.4696072805955,1.2239100933074951
1870.6126739192132,1.2275370359420776
1866.755740557831,1.2262675762176514
1862.8988071964477,1.2184196710586548
1859.0418738350654,1.2034317255020142
1855.1849404736822,1.1829701662063599
1851.3280071123,1.1621001958847046
1847.4710737509176,1.144321322441101
1843.6141403895344,1.1298130750656128
1839.7572070281522,1.1220982074737549
1835.900273666769,1.1207431554794312
1832.0433403053867,1.1236579418182373
1828.1864069440044,1.1306679248809814
1824.3294735826212,1.1389881372451782
1820.472540221239,1.1470673084259033
1816.6156068598557,1.1556497812271118
1812.7586734984734,1.1654109954833984
1808.901740137091,1.175764560699463
1805.044806775708,1.1864495277404785
1801.1878734143256,1.1960291862487793
1797.3309400529424,1.2044175863265991
1793.4740066915601,1.2121402025222778
1789.6170733301778,1.2192045450210571
1785.7601399687946,1.2219051122665405
1781.9032066074124,1.225122332572937
1778.0462732460292,1.2259399890899658
1774.1893398846469,1.2249670028686523
1770.3324065232646,1.2219622135162354
1766.4754731618814,1.220465898513794
1762.618539800499,1.2215781211853027
1758.761606439116,1.2280668020248413
1754.9046730777336,1.2370591163635254
1751.0477397163513,1.2502156496047974
1747.1908063549681,1.269370198249817
1743.3338729935858,1.2887921333312988
1739.4769396322026,1.305558443069458
1735.6200062708203,1.3228720426559448
1731.763072909438,1.3434464931488037
1727.9061395480549,1.3581242561340332
1724.0492061866726,1.369227647781372
1720.1922728252894,1.3838322162628174
1716.335339463907,1.4074984788894653
1712.4784061025248,1.4296232461929321
1708.6214727411416,1.4419504404067993
1704.7645393797593,1.4603444337844849
1700.907606018376,1.486611247062683
1697.0506726569938,1.5255837440490723
1693.1937392956115,1.5494842529296875
1689.3368059342283,1.566723108291626
1685.479872572846,1.5898834466934204
1681.6229392114628,1.6174179315567017
1677.7660058500805,1.632820725440979
1673.9090724886983,1.6499160528182983
1670.052139127315,1.6674367189407349
1666.1952057659328,1.6833131313323975
1662.3382724045496,1.700926661491394
1658.4813390431673,1.7154303789138794
1654.624405681785,1.727585792541504
1650.7674723204018,1.7403173446655273
1646.9105389590195,1.754077672958374
1643.0536055976363,1.769696831703186
1639.196672236254,1.7758218050003052
1635.3397388748717,1.7845308780670166
1631.4828055134885,1.7869696617126465
1627.6258721521062,1.7822753190994263
1623.768938790723,1.7707865238189697
1619.9120054293408,1.754418969154358
1616.0550720679585,1.7313693761825562
1612.1981387065753,1.7136880159378052
1608.341205345193,1.7038896083831787
1604.4842719838098,1.688246488571167
1600.6273386224275,1.6689263582229614
1596.7704052610452,1.6515456438064575
1592.913471899662,1.6346327066421509
1589.0565385382797,1.6163053512573242
1585.1996051768965,1.6011457443237305
1581.3426718155142,1.588326334953308
1577.485738454132,1.57352614402771
1573.6288050927487,1.5567882061004639
1569.7718717313664,1.5481175184249878
1565.9149383699832,1.5404813289642334
1562.058005008601,1.5388519763946533
1558.2010716472187,1.5334842205047607
1554.3441382858355,1.526675820350647
1550.4872049244532,1.5256702899932861
1546.63027156307,1.5267266035079956
1542.7733382016877,1.5218886137008667
1538.9164048403054,1.52981436252594
1535.0594714789222,1.5394790172576904
1531.20253811754,1.5473185777664185
1527.3456047561567,1.5519545078277588
1523.4886713947744,1.5519993305206299
1519.6317380333921,1.5508276224136353
1515.774804672009,1.552547574043274
1511.9178713106267,1.5515129566192627
1508.0609379492435,1.5496336221694946
1504.2040045878612,1.5428134202957153
1500.3470712264789,1.540518879890442
1496.4901378650957,1.5416964292526245
1492.6332045037134,1.5436758995056152
1488.7762711423302,1.545801043510437
1484.919337780948,1.552457571029663
1481.0624044195656,1.5593068599700928
1477.2054710581824,1.5668165683746338
1473.3485376968001,1.5843532085418701
1469.491604335417,1.6031490564346313
1465.6346709740346,1.6127711534500122
1461.7777376126523,1.6219528913497925
1457.9208042512691,1.6312305927276611
1454.0638708898869,1.643148422241211
1450.2069375285037,1.6501754522323608
1446.3500041671214,1.6585686206817627
1442.493070805739,1.666013479232788
1438.6361374443559,1.6748355627059937
1434.7792040829736,1.6871267557144165
1430.9222707215904,1.6993640661239624
1427.065337360208,1.7061320543289185
1423.2084039988258,1.7102168798446655
1419.3514706374426,1.719874382019043
1415.4945372760603,1.7274365425109863
1411.6376039146771,1.7278554439544678
1407.7806705532948,1.7296538352966309
1403.9237371919116,1.7328345775604248
1400.0668038305294,1.7378112077713013
1396.209870469147,1.747933030128479
1392.3529371077639,1.7578116655349731
1388.4960037463816,1.7657419443130493
1384.6390703849984,1.7736949920654297
1380.782137023616,1.7763022184371948
1376.9252036622338,1.7779613733291626
1373.0682703008506,1.7836494445800781
1369.2113369394683,1.7883098125457764
1365.354403578085,1.7924952507019043
1361.4974702167028,1.7958076000213623
1357.6405368553205,1.7922086715698242
1353.7836034939373,1.7881206274032593
1349.926670132555,1.7873177528381348
1346.0697367711718,1.7896217107772827
1342.2128034097896,1.7905868291854858
1338.3558700484073,1.7895315885543823
1334.498936687024,1.79314124584198
1330.6420033256418,1.7946923971176147
1326.7850699642586,1.7931667566299438
1322.9281366028763,1.7930902242660522
1319.071203241494,1.794349193572998
1315.2142698801108,1.7887840270996094
1311.3573365187285,1.7805877923965454
1307.5004031573453,1.7739325761795044
1303.643469795963,1.7659050226211548
1299.7865364345807,1.758191466331482
1295.9296030731975,1.7540373802185059
1292.0726697118153,1.7472926378250122
1288.215736350432,1.7426292896270752
1284.3588029890498,1.7412439584732056
1280.5018696276675,1.7388705015182495
1276.6449362662843,1.7301677465438843
1272.788002904902,1.714598536491394
1268.9310695435188,1.6914504766464233
1265.0741361821365,1.6654000282287598
1261.2172028207542,1.6383600234985352
1257.360269459371,1.614076018333435
1253.5033360979887,1.595550537109375
1249.6464027366055,1.5798559188842773
1245.7894693752232,1.5622758865356445
1241.932536013841,1.54515540599823
1238.0756026524577,1.527516484260559
1234.2186692910755,1.5060316324234009
1230.3617359296923,1.4820669889450073
1226.50480256831,1.4609754085540771
1222.6478692069277,1.4459697008132935
1218.7909358455445,1.4399091005325317
1214.9340024841622,1.4433419704437256
1211.077069122779,1.4536969661712646
1207.2201357613967,1.4697514772415161
1203.3632024000144,1.4867796897888184
1199.5062690386312,1.5008032321929932
1195.649335677249,1.509439468383789
1191.7924023158657,1.513945460319519
1187.9354689544834,1.5162627696990967
1184.0785355931012,1.5183144807815552
1180.221602231718,1.5193865299224854
1176.3646688703357,1.51837956905365
1172.5077355089525,1.5198310613632202
1168.6508021475702,1.5298023223876953
1164.7938687861879,1.5532160997390747
1160.9369354248047,1.581190586090088
1157.0800020634224,1.5797407627105713
1153.2230687020392,1.551289677619934
1149.366135340657,1.5279148817062378
1145.5092019792746,1.5139527320861816
1141.6522686178914,1.5049574375152588
1137.7953352565091,1.5041948556900024
1133.938401895126,1.5037238597869873
1130.0814685337436,1.5032566785812378
1126.2245351723614,1.5108627080917358
1122.3676018109782,1.5209870338439941
1118.5106684495959,1.5333452224731445
1114.6537350882127,1.546639084815979
1110.7968017268304,1.554278016090393
1106.939868365448,1.5505684614181519
1103.082935004065,1.539609432220459
1099.2260016426826,1.531095266342163
1095.3690682812994,1.5302408933639526
1091.5121349199171,1.531882882118225
1087.6552015585348,1.5283410549163818
1083.7982681971516,1.5265194177627563
1079.9413348357693,1.526882529258728
1076.0844014743861,1.5302772521972656
1072.2274681130039,1.5389127731323242
1068.3705347516216,1.5492922067642212
1064.5136013902384,1.5649656057357788
1060.656668028856,1.5877504348754883
1056.7997346674729,1.602407693862915
1052.9428013060906,1.610640525817871
1049.0858679447083,1.616825819015503
1045.228934583325,1.6226255893707275
1041.3720012219428,1.6347767114639282
1037.5150678605596,1.6473537683486938
1033.6581344991773,1.6573177576065063
1029.801201137795,1.6720067262649536
1025.9442677764118,1.6861482858657837
1022.0873344150295,1.6974290609359741
1018.2304010536463,1.706458568572998
1014.3734676922641,1.708191156387329
1010.5165343308818,1.7066651582717896
1006.6596009694986,1.7086232900619507
1002.8026676081163,1.7222530841827393
998.9457342467331,1.7302364110946655
995.0888008853508,1.7336393594741821
991.2318675239685,1.7334486246109009
987.3749341625853,1.732377529144287
983.518000801203,1.727931261062622
979.6610674398198,1.7224340438842773
975.8041340784375,1.717376708984375
971.9472007170552,1.7174845933914185
968.090267355672,1.723596215248108
964.2333339942898,1.7244892120361328
960.3764006329066,1.7204360961914062
956.5194672715243,1.72025728225708
952.662533910142,1.726596713066101
948.8056005487588,1.7302895784378052
944.9486671873765,1.7308646440505981
941.0917338259933,1.745039463043213
937.234800464611,1.756911039352417
933.3778671032287,1.7606656551361084
929.5209337418455,1.7678180932998657
925.6640003804632,1.7788110971450806
921.80706701908,1.7792274951934814
917.9501336576977,1.778558611869812
914.0932002963154,1.7868988513946533
910.2362669349322,1.7791988849639893
906.37933357355,1.7528440952301025
902.5224002121668,1.730044960975647
898.6654668507845,1.7064640522003174
894.8085334894022,1.7004579305648804
890.951600128019,1.7003589868545532
887.0946667666367,1.7002140283584595
883.2377334052535,1.707400918006897
879.3808000438712,1.7045854330062866
875.5238666824889,1.69792902469635
871.6669333211057,1.689353108406067
867.8099999597234,1.6925512552261353
863.9530665983402,1.694454550743103
860.0961332369579,1.691381573677063
856.2391998755757,1.689302682876587
852.3822665141925,1.6906872987747192
848.5253331528102,1.7014747858047485
844.668399791427,1.7184957265853882
840.8114664300447,1.7467262744903564
836.9545330686624,1.7757294178009033
833.0975997072792,1.800873875617981
829.2406663458969,1.8263938426971436
825.3837329845137,1.8655346632003784
821.5267996231314,1.9116023778915405
817.6698662617491,1.9611912965774536
813.8129329003659,2.000159502029419
809.9559995389836,2.0119223594665527
806.0990661776004,1.9857248067855835
802.2421328162181,1.9320988655090332
798.3851994548359,1.8925607204437256
794.5282660934527,1.883984088897705
790.6713327320704,1.8701486587524414
786.8143993706872,1.8505939245224
782.9574660093049,1.83072829246521
779.1005326479226,1.8053491115570068
775.2435992865394,1.7898757457733154
771.3866659251571,1.7950470447540283
767.5297325637739,1.8030166625976562
763.6727992023916,1.7966886758804321
759.8158658410093,1.799473762512207
755.9589324796261,1.8012945652008057
752.1019991182438,1.7875255346298218
748.2450657568606,1.7899861335754395
744.3881323954784,1.7969322204589844
740.5311990340961,1.8051728010177612
736.6742656727129,1.8137645721435547
732.8173323113306,1.8129351139068604
728.9603989499474,1.8188341856002808
725.1034655885651,1.842197299003601
721.2465322271828,1.854588270187378
717.3895988657996,1.8594367504119873
713.5326655044173,1.8767207860946655
709.6757321430341,1.9123098850250244
705.8187987816518,1.969833493232727
701.9618654202695,2.0220730304718018
698.1049320588863,2.0312397480010986
694.247998697504,2.011845827102661
690.3910653361208,1.9813300371170044
686.5341319747386,1.9483736753463745
682.6771986133563,1.9377186298370361
678.8202652519731,1.926429033279419
674.9633318905908,1.912883996963501
671.1063985292076,1.9073591232299805
667.2494651678253,1.8827576637268066
663.392531806443,1.8872853517532349
659.5355984450598,1.898843765258789
655.6786650836775,1.8951234817504883
651.8217317222943,1.9007856845855713
647.964798360912,1.9556066989898682
644.1078649995297,1.99020254611969
640.2509316381465,1.9804973602294922
636.3939982767643,1.9539860486984253
632.537064915381,1.945763111114502
628.6801315539988,1.9753494262695312
624.8231981926165,1.9833159446716309
620.9662648312333,1.9837011098861694
617.109331469851,1.9774619340896606
613.2523981084678,1.9786583185195923
609.3954647470855,1.9695426225662231
605.5385313857032,1.9431941509246826
601.68159802432,1.9391305446624756
597.8246646629377,1.9207580089569092
593.9677313015545,1.895843267440796
590.1107979401722,1.8774158954620361
586.25386457879,1.8740253448486328
582.3969312174067,1.8743982315063477
578.5399978560245,1.8732521533966064
574.6830644946413,1.8578033447265625
570.826131133259,1.8246036767959595
566.9691977718767,1.807615041732788
563.1122644104935,1.7831693887710571
559.2553310491112,1.7754919528961182
555.398397687728,1.7714239358901978
551.5414643263457,1.7490715980529785
547.6845309649634,1.7154053449630737
543.8275976035802,1.6834933757781982
539.9706642421979,1.6726515293121338
536.1137308808147,1.662177324295044
532.2567975194324,1.6745734214782715
528.3998641580492,1.7041008472442627
524.542930796667,1.7014836072921753
520.6859974352847,1.7206230163574219
516.8290640739015,1.7301398515701294
512.9721307125192,1.758296251296997
509.115197351136,1.805362343788147
505.2582639897537,1.8262524604797363
501.4013306283714,1.8151204586029053
497.5443972669882,1.6960136890411377
493.6874639056059,1.618448257446289
489.8305305442227,1.5710358619689941
485.9735971828404,1.5604915618896484
482.11666382145813,1.5412483215332031
478.25973046007493,1.4951823949813843
474.40279709869264,1.4720337390899658
470.54586373730945,1.4687011241912842
466.68893037592716,1.4764902591705322
462.83199701454487,1.486367106437683
458.97506365316167,1.4966778755187988
455.1181302917794,1.5161302089691162
451.2611969303962,1.5501258373260498
447.4042635690139,1.5630155801773071
443.5473302076316,1.5940101146697998
439.6903968462484,1.630611777305603
435.8334634848661,1.6438205242156982
431.9765301234829,1.6786022186279297
428.1195967621006,1.6652097702026367
424.26266340071834,1.6540557146072388
420.40573003933514,1.6271164417266846
416.54879667795285,1.6115292310714722
412.69186331656965,1.585536003112793
408.83492995518736,1.58436918258667
404.9779965938051,1.5761115550994873
401.1210632324219,1.4221361875534058
