Wavenumber,SS5.spa
7999.27978515625,0.5053903460502625
7995.422851794868,0.49987509846687317
7991.5659184334845,0.4935215711593628
7987.708985072102,0.49107614159584045
7983.852051710719,0.5003405213356018
7979.995118349337,0.5058503746986389
7976.138184987954,0.4986886978149414
7972.281251626571,0.49455973505973816
7968.424318265189,0.5005377531051636
7964.567384903806,0.5037103295326233
7960.7104515424235,0.5010663866996765
7956.853518181041,0.4933212101459503
7952.996584819658,0.4888191819190979
7949.139651458276,0.4858461320400238
7945.2827180968925,0.48499396443367004
7941.42578473551,0.4838069677352905
7937.568851374128,0.4811318814754486
7933.711918012745,0.4887883961200714
7929.854984651362,0.49575361609458923
7925.998051289979,0.4919622242450714
7922.141117928597,0.48722365498542786
7918.284184567215,0.49043789505958557
7914.427251205831,0.491681307554245
7910.570317844449,0.4933011829853058
7906.713384483066,0.49493923783302307
7902.856451121684,0.49934232234954834
7898.999517760301,0.5026547312736511
7895.142584398918,0.4935162663459778
7891.285651037536,0.48641321063041687
7887.428717676153,0.48899200558662415
7883.57178431477,0.49485769867897034
7879.714850953388,0.5001907348632812
7875.857917592005,0.4982398748397827
7872.000984230623,0.49976998567581177
7868.144050869239,0.4960719645023346
7864.287117507857,0.49066779017448425
7860.430184146475,0.4891964793205261
7856.573250785092,0.4907244145870209
7852.716317423709,0.4922756850719452
7848.859384062326,0.4922208786010742
7845.002450700944,0.49296846985816956
7841.145517339562,0.48878639936447144
7837.288583978178,0.4811955392360687
7833.431650616796,0.4818819463253021
7829.574717255413,0.49026280641555786
7825.717783894031,0.4944169521331787
7821.860850532648,0.4916347563266754
7818.003917171265,0.4904182553291321
7814.146983809883,0.4918157458305359
7810.2900504485,0.49036577343940735
7806.433117087117,0.48953336477279663
7802.576183725735,0.49366462230682373
7798.719250364352,0.4972130358219147
7794.86231700297,0.4969410300254822
7791.005383641586,0.4997174143791199
7787.148450280204,0.4981016218662262
7783.291516918822,0.4943481385707855
7779.434583557439,0.4918035566806793
7775.577650196056,0.4857695996761322
7771.720716834673,0.4824087619781494
7767.863783473291,0.48498642444610596
7764.0068501119085,0.4890803396701813
7760.149916750525,0.49082088470458984
7756.292983389143,0.4936973452568054
7752.43605002776,0.4907280504703522
7748.579116666378,0.4916784465312958
7744.722183304995,0.4952448904514313
7740.865249943612,0.4967658817768097
7737.00831658223,0.496983140707016
7733.151383220847,0.49201127886772156
7729.294449859464,0.4906008839607239
7725.437516498082,0.49355435371398926
7721.580583136699,0.4933146834373474
7717.7236497753165,0.49088001251220703
7713.866716413933,0.4923694133758545
7710.009783052551,0.49431297183036804
7706.152849691169,0.4895849823951721
7702.2959163297855,0.4861523509025574
7698.438982968403,0.49130937457084656
7694.58204960702,0.4934149384498596
7690.725116245638,0.49250540137290955
7686.868182884255,0.49272021651268005
7683.011249522872,0.493728905916214
7679.15431616149,0.4967748522758484
7675.297382800107,0.49718210101127625
7671.4404494387245,0.4919280707836151
7667.583516077342,0.48882538080215454
7663.726582715959,0.4894908666610718
7659.869649354577,0.49099916219711304
7656.0127159931935,0.49235299229621887
7652.155782631811,0.4926490783691406
7648.298849270428,0.4919603168964386
7644.441915909046,0.48788368701934814
7640.5849825476635,0.48754918575286865
7636.72804918628,0.4906926155090332
7632.871115824898,0.4933100938796997
7629.014182463516,0.49901071190834045
7625.1572491021325,0.5004135370254517
7621.30031574075,0.4966607391834259
7617.443382379367,0.48868003487586975
7613.586449017985,0.4857858419418335
7609.7295156566015,0.4845585823059082
7605.872582295219,0.4816010892391205
7602.015648933837,0.4861100912094116
7598.158715572454,0.48991718888282776
7594.301782211071,0.4925232529640198
7590.444848849689,0.49570581316947937
7586.587915488306,0.4957447052001953
7582.730982126924,0.4952329993247986
7578.8740487655405,0.4909839630126953
7575.017115404158,0.4925236701965332
7571.160182042775,0.49822166562080383
7567.303248681393,0.4974973201751709
7563.44631532001,0.4923456907272339
7559.589381958627,0.4904302954673767
7555.732448597245,0.48725423216819763
7551.875515235863,0.48852065205574036
7548.018581874479,0.4919707775115967
7544.161648513097,0.49294283986091614
7540.304715151714,0.4905397891998291
7536.447781790332,0.49109211564064026
7532.590848428948,0.4913274347782135
7528.733915067566,0.4950309693813324
7524.876981706184,0.49911779165267944
7521.020048344801,0.49694040417671204
7517.163114983418,0.4929421842098236
7513.306181622036,0.49377745389938354
7509.449248260653,0.49362683296203613
7505.592314899271,0.4944922626018524
7501.735381537887,0.49529972672462463
7497.878448176505,0.4956822097301483
7494.021514815122,0.49342048168182373
7490.16458145374,0.4896112084388733
7486.307648092357,0.489969402551651
7482.450714730974,0.49212321639060974
7478.593781369592,0.4895063638687134
7474.73684800821,0.48876991868019104
7470.879914646826,0.49244287610054016
7467.022981285444,0.4994979500770569
7463.166047924061,0.49948954582214355
7459.309114562679,0.4950534701347351
7455.452181201295,0.4957101047039032
7451.595247839913,0.4940837025642395
7447.738314478531,0.49171745777130127
7443.881381117148,0.4949132204055786
7440.024447755765,0.49815842509269714
7436.167514394383,0.5010737776756287
7432.310581033,0.4995168447494507
7428.453647671618,0.4934859573841095
7424.596714310234,0.4902898073196411
7420.739780948852,0.49228954315185547
7416.882847587469,0.4986964464187622
7413.025914226087,0.5052962899208069
7409.168980864704,0.50579833984375
7405.312047503321,0.5042861700057983
7401.455114141939,0.501969575881958
7397.5981807805565,0.5003366470336914
7393.741247419173,0.4992925524711609
7389.884314057791,0.5006964206695557
7386.027380696408,0.4975144863128662
7382.1704473350255,0.491813987493515
7378.313513973642,0.4884282648563385
7374.45658061226,0.49324387311935425
7370.599647250878,0.5019451379776001
7366.742713889495,0.5085148811340332
7362.885780528112,0.5099812746047974
7359.02884716673,0.5080211758613586
7355.171913805347,0.5068608522415161
7351.3149804439645,0.5013723969459534
7347.458047082581,0.4995344281196594
7343.601113721199,0.49517685174942017
7339.744180359816,0.4937237799167633
7335.8872469984335,0.5023046135902405
7332.030313637051,0.5053637623786926
7328.173380275668,0.4971220791339874
7324.316446914286,0.49768543243408203
7320.459513552903,0.5082046389579773
7316.60258019152,0.5084303617477417
7312.745646830138,0.5013470649719238
7308.888713468755,0.5037003755569458
7305.0317801073725,0.5046193599700928
7301.174846745989,0.49970608949661255
7297.317913384607,0.49740856885910034
7293.460980023225,0.49972018599510193
7289.6040466618415,0.5089247822761536
7285.747113300459,0.510079562664032
7281.890179939076,0.5056279301643372
7278.033246577694,0.5041605830192566
7274.176313216311,0.5064870715141296
7270.319379854928,0.5083008408546448
7266.462446493546,0.5024200677871704
7262.605513132163,0.4975583553314209
7258.74857977078,0.49541375041007996
7254.891646409398,0.5008819699287415
7251.034713048015,0.5090712308883667
7247.177779686633,0.5117607116699219
7243.3208463252495,0.509183406829834
7239.463912963867,0.5037751197814941
7235.606979602485,0.5023945569992065
7231.750046241102,0.5056256651878357
7227.893112879719,0.5062732100486755
7224.036179518336,0.5043156743049622
7220.179246156954,0.503903865814209
7216.322312795572,0.5047071576118469
7212.465379434188,0.5090799331665039
7208.608446072806,0.5120726823806763
7204.751512711423,0.5091228485107422
7200.894579350041,0.5019877552986145
7197.037645988658,0.5019293427467346
7193.180712627275,0.5070598125457764
7189.323779265893,0.5062925219535828
7185.46684590451,0.5061716437339783
7181.609912543127,0.5105797648429871
7177.752979181745,0.5068393349647522
7173.896045820362,0.5015743374824524
7170.03911245898,0.5034139752388
7166.182179097596,0.5099011063575745
7162.325245736214,0.5127153396606445
7158.468312374832,0.5094930529594421
7154.611379013449,0.506316065788269
7150.754445652066,0.50972580909729
7146.897512290683,0.5147409439086914
7143.040578929301,0.5169129371643066
7139.183645567919,0.5125774145126343
7135.326712206535,0.5044194459915161
7131.469778845153,0.503407895565033
7127.61284548377,0.5092872381210327
7123.755912122388,0.5133992433547974
7119.898978761005,0.5168290138244629
7116.042045399622,0.5144181251525879
7112.18511203824,0.511845052242279
7108.328178676857,0.5125870704650879
7104.471245315474,0.5113208293914795
7100.614311954092,0.5123358964920044
7096.757378592709,0.5105345249176025
7092.900445231327,0.5053690075874329
7089.043511869943,0.5079717636108398
7085.186578508561,0.5164815187454224
7081.329645147179,0.5204324722290039
7077.472711785796,0.519881010055542
7073.615778424413,0.5205258131027222
7069.75884506303,0.5246871113777161
7065.901911701648,0.5282140970230103
7062.0449783402655,0.5227762460708618
7058.188044978882,0.5141893029212952
7054.3311116175,0.5091752409934998
7050.474178256117,0.5083874464035034
7046.6172448947345,0.5072492361068726
7042.760311533352,0.5064949989318848
7038.903378171969,0.5093591809272766
7035.046444810587,0.5118056535720825
7031.189511449204,0.5118521451950073
7027.332578087821,0.5112327337265015
7023.475644726439,0.5082780718803406
7019.618711365056,0.5064535737037659
7015.7617780036735,0.5089549422264099
7011.90484464229,0.5076574683189392
7008.047911280908,0.5022642016410828
7004.190977919526,0.5028089284896851
7000.3340445581425,0.5061292052268982
6996.47711119676,0.507279098033905
6992.620177835377,0.5062300562858582
6988.763244473995,0.5037558078765869
6984.9063111126125,0.5025287866592407
6981.049377751229,0.5038293600082397
6977.192444389847,0.5033836364746094
6973.335511028464,0.5062741637229919
6969.4785776670815,0.5061665773391724
6965.621644305698,0.5038584470748901
6961.764710944316,0.5058172941207886
6957.907777582934,0.5076341032981873
6954.0508442215505,0.5051031708717346
6950.193910860168,0.5032074451446533
6946.336977498786,0.5052424073219299
6942.480044137403,0.506112813949585
6938.62311077602,0.5029153227806091
6934.766177414637,0.5030573010444641
6930.909244053255,0.5033838748931885
6927.052310691872,0.5013092160224915
6923.1953773304895,0.502658486366272
6919.338443969107,0.5046530365943909
6915.481510607724,0.5026261806488037
6911.624577246342,0.500130295753479
6907.767643884959,0.5030307769775391
6903.910710523576,0.5053414702415466
6900.053777162194,0.5028563141822815
6896.196843800811,0.5018026828765869
6892.339910439428,0.5003557205200195
6888.482977078045,0.501410722732544
6884.626043716663,0.5036206245422363
6880.769110355281,0.5026826858520508
6876.912176993897,0.4995553195476532
6873.055243632515,0.5009031891822815
6869.198310271133,0.5046825408935547
6865.34137690975,0.5036304593086243
6861.484443548367,0.5020357966423035
6857.627510186984,0.5046195983886719
6853.770576825602,0.5035275816917419
6849.913643464219,0.5020230412483215
6846.056710102836,0.501758337020874
6842.199776741454,0.5023331642150879
6838.342843380071,0.5043361783027649
6834.485910018689,0.5044147372245789
6830.628976657306,0.4997151792049408
6826.772043295923,0.49938681721687317
6822.915109934541,0.5022239089012146
6819.058176573158,0.5043490529060364
6815.201243211775,0.5058732032775879
6811.344309850392,0.5070693492889404
6807.48737648901,0.5078423023223877
6803.630443127628,0.5073248147964478
6799.773509766244,0.5064371824264526
6795.916576404862,0.5052900314331055
6792.05964304348,0.5029788017272949
6788.202709682097,0.5013048648834229
6784.345776320714,0.500310480594635
6780.488842959331,0.5021449327468872
6776.631909597949,0.5044130682945251
6772.774976236566,0.5024541020393372
6768.918042875183,0.5020208954811096
6765.061109513801,0.5043407082557678
6761.204176152418,0.5052750110626221
6757.347242791036,0.507067859172821
6753.490309429653,0.5069426894187927
6749.63337606827,0.5038433074951172
6745.776442706888,0.5007168650627136
6741.919509345505,0.4994666874408722
6738.062575984122,0.5002439618110657
6734.205642622739,0.5019133687019348
6730.348709261357,0.5031526684761047
6726.4917758999745,0.5039847493171692
6722.634842538591,0.503756582736969
6718.777909177209,0.5032620429992676
6714.920975815827,0.5034260153770447
6711.064042454444,0.5035538077354431
6707.207109093061,0.5026518106460571
6703.350175731678,0.5019567608833313
6699.493242370296,0.501205325126648
6695.636309008913,0.500641942024231
6691.77937564753,0.5000768899917603
6687.922442286148,0.5015159249305725
6684.065508924765,0.503347635269165
6680.2085755633825,0.5044283866882324
6676.351642202,0.5034148693084717
6672.494708840617,0.5020982027053833
6668.637775479235,0.500173807144165
6664.7808421178515,0.49873584508895874
6660.923908756469,0.4994294047355652
6657.066975395086,0.5007087588310242
6653.210042033704,0.5017281770706177
6649.3531086723215,0.5020004510879517
6645.496175310938,0.5023419260978699
6641.639241949556,0.501364529132843
6637.782308588174,0.500394344329834
6633.9253752267905,0.500426173210144
6630.068441865408,0.5015817880630493
6626.211508504025,0.5027825236320496
6622.354575142643,0.5031681060791016
6618.4976417812595,0.5026330351829529
6614.640708419877,0.501179575920105
6610.783775058495,0.501258134841919
6606.926841697112,0.5012545585632324
6603.069908335729,0.5002616047859192
6599.212974974347,0.4995163381099701
6595.356041612964,0.5001240968704224
6591.499108251582,0.4998358190059662
6587.6421748901985,0.4997236132621765
6583.785241528816,0.4999063313007355
6579.928308167433,0.499523401260376
6576.071374806051,0.49924901127815247
6572.214441444668,0.4991147220134735
6568.357508083285,0.4992698132991791
6564.500574721903,0.5002373456954956
6560.643641360521,0.5003692507743835
6556.786707999137,0.498757541179657
6552.929774637755,0.4995708465576172
6549.072841276372,0.5005193948745728
6545.21590791499,0.5000799298286438
6541.3589745536065,0.5006476640701294
6537.502041192224,0.5017423629760742
6533.645107830842,0.5013685822486877
6529.788174469459,0.5002613663673401
6525.931241108076,0.4997909963130951
6522.074307746694,0.49986740946769714
6518.217374385311,0.499909371137619
6514.360441023929,0.49940618872642517
6510.503507662545,0.4989461600780487
6506.646574301163,0.500264585018158
6502.78964093978,0.5015586614608765
6498.932707578398,0.5020694136619568
6495.075774217015,0.5013097524642944
6491.218840855632,0.49876269698143005
6487.36190749425,0.4969564974308014
6483.504974132868,0.49731573462486267
6479.648040771484,0.49781158566474915
6475.791107410102,0.4976937472820282
6471.934174048719,0.4977486729621887
6468.077240687337,0.4966401755809784
6464.220307325953,0.49718621373176575
6460.363373964571,0.49949392676353455
6456.506440603189,0.5002536773681641
6452.649507241806,0.5006765723228455
6448.792573880423,0.4995976984500885
6444.935640519041,0.4979740083217621
6441.078707157658,0.4981599450111389
6437.221773796276,0.49843907356262207
6433.364840434892,0.49859118461608887
6429.50790707351,0.49855899810791016
6425.650973712127,0.4984128475189209
6421.794040350745,0.49853307008743286
6417.937106989362,0.4990949034690857
6414.080173627979,0.4992048740386963
6410.223240266597,0.49803489446640015
6406.3663069052145,0.4977155029773712
6402.509373543831,0.49890777468681335
6398.652440182449,0.4987502098083496
6394.795506821066,0.4969896972179413
6390.9385734596835,0.4973623752593994
6387.0816400983,0.49836331605911255
6383.224706736918,0.4996316730976105
6379.367773375536,0.5011889338493347
6375.510840014153,0.5015959739685059
6371.65390665277,0.5011681318283081
6367.796973291388,0.4985598921775818
6363.940039930005,0.49779295921325684
6360.0831065686225,0.4988081455230713
6356.226173207239,0.49727731943130493
6352.369239845857,0.4975324273109436
6348.512306484474,0.4994109570980072
6344.6553731230915,0.49898114800453186
6340.798439761709,0.49892836809158325
6336.941506400326,0.4980049431324005
6333.084573038944,0.497850239276886
6329.2276396775615,0.49800336360931396
6325.370706316178,0.498177707195282
6321.513772954795,0.4983179271221161
6317.656839593413,0.4972376823425293
6313.7999062320305,0.4962671399116516
6309.942972870647,0.4977140724658966
6306.086039509265,0.4985443651676178
6302.229106147883,0.49831026792526245
6298.3721727864995,0.4982260465621948
6294.515239425117,0.4988970160484314
6290.658306063735,0.49844861030578613
6286.801372702352,0.49727538228034973
6282.9444393409685,0.4969244599342346
6279.087505979586,0.49673837423324585
6275.230572618204,0.49782079458236694
6271.373639256821,0.499152272939682
6267.5167058954385,0.4989984929561615
6263.659772534056,0.49754956364631653
6259.802839172673,0.4966115951538086
6255.945905811291,0.49676039814949036
6252.088972449908,0.4972286820411682
6248.232039088525,0.49785494804382324
6244.375105727142,0.49864834547042847
6240.51817236576,0.49960392713546753
6236.661239004377,0.4995603859424591
6232.804305642994,0.49856916069984436
6228.947372281612,0.49699345231056213
6225.09043892023,0.4963192939758301
6221.233505558846,0.49768194556236267
6217.376572197464,0.4990004599094391
6213.519638836082,0.4985089600086212
6209.662705474699,0.4981113374233246
6205.8057721133155,0.4984406530857086
6201.948838751933,0.4986720383167267
6198.091905390551,0.4977831542491913
6194.234972029168,0.4965309500694275
6190.378038667785,0.4954368770122528
6186.521105306403,0.4947760999202728
6182.66417194502,0.4959797263145447
6178.807238583638,0.4974175691604614
6174.950305222255,0.49661409854888916
6171.093371860872,0.49450552463531494
6167.236438499489,0.49490654468536377
6163.379505138107,0.49719902873039246
6159.522571776724,0.4971153736114502
6155.665638415341,0.4960066080093384
6151.808705053959,0.49692678451538086
6147.951771692577,0.4979984760284424
6144.094838331193,0.49822700023651123
6140.237904969811,0.49774351716041565
6136.380971608429,0.49700626730918884
6132.524038247046,0.4970241189002991
6128.667104885662,0.49673715233802795
6124.81017152428,0.49666300415992737
6120.953238162898,0.497629314661026
6117.096304801515,0.4982677698135376
6113.239371440132,0.4973070025444031
6109.38243807875,0.4965730309486389
6105.525504717367,0.4968331754207611
6101.668571355985,0.4966679513454437
6097.811637994601,0.4965251684188843
6093.954704633219,0.49606794118881226
6090.097771271836,0.49572432041168213
6086.240837910454,0.4946863353252411
6082.383904549071,0.49477967619895935
6078.526971187688,0.49672242999076843
6074.670037826306,0.49647507071495056
6070.8131044649235,0.49522241950035095
6066.95617110354,0.4951184391975403
6063.099237742158,0.4950597286224365
6059.242304380775,0.4950406551361084
6055.385371019393,0.49609193205833435
6051.528437658009,0.49649593234062195
6047.671504296627,0.49568167328834534
6043.814570935245,0.49519577622413635
6039.957637573862,0.49495846033096313
6036.100704212479,0.4951961040496826
6032.243770851097,0.49564507603645325
6028.386837489714,0.49522218108177185
6024.5299041283315,0.49553704261779785
6020.672970766948,0.49607157707214355
6016.816037405566,0.49634799361228943
6012.959104044183,0.49572619795799255
6009.1021706828005,0.4957769811153412
6005.245237321418,0.4968329966068268
6001.388303960035,0.4969162344932556
5997.531370598653,0.4964939057826996
5993.6744372372705,0.4962620139122009
5989.817503875887,0.4973900020122528
5985.960570514505,0.49766984581947327
5982.103637153122,0.49559375643730164
5978.2467037917395,0.4950351119041443
5974.389770430356,0.49588048458099365
5970.532837068974,0.4966726005077362
5966.675903707592,0.4967477321624756
5962.8189703462085,0.49605023860931396
5958.962036984826,0.49435561895370483
5955.105103623444,0.49480652809143066
5951.248170262061,0.49508196115493774
5947.3912369006775,0.4939866065979004
5943.534303539296,0.49401697516441345
5939.677370177913,0.49454498291015625
5935.82043681653,0.4946075975894928
5931.9635034551475,0.4943971037864685
5928.106570093765,0.4939732551574707
5924.249636732382,0.4943755865097046
5920.392703371,0.49483439326286316
5916.535770009617,0.4948917329311371
5912.678836648234,0.4943193197250366
5908.821903286851,0.4943791925907135
5904.96496992547,0.49440279603004456
5901.108036564086,0.49408841133117676
5897.251103202703,0.4949052035808563
5893.394169841321,0.4961850047111511
5889.537236479939,0.49652302265167236
5885.6803031185555,0.49585872888565063
5881.823369757173,0.4967212677001953
5877.966436395791,0.4962802529335022
5874.109503034408,0.4939749836921692
5870.2525696730245,0.4934234023094177
5866.395636311643,0.4935360252857208
5862.53870295026,0.49419042468070984
5858.681769588877,0.49574652314186096
5854.824836227494,0.4958153963088989
5850.967902866112,0.4947797358036041
5847.110969504729,0.49365681409835815
5843.254036143347,0.493429958820343
5839.397102781964,0.49346423149108887
5835.540169420581,0.4938449561595917
5831.683236059198,0.49458369612693787
5827.826302697817,0.49384188652038574
5823.969369336433,0.4940618872642517
5820.11243597505,0.4944775700569153
5816.255502613668,0.49411988258361816
5812.398569252286,0.49457991123199463
5808.541635890902,0.49518701434135437
5804.68470252952,0.49527430534362793
5800.827769168138,0.49444717168807983
5796.970835806755,0.4933708906173706
5793.113902445371,0.4936433434486389
5789.25696908399,0.4938708245754242
5785.400035722607,0.4924302101135254
5781.543102361224,0.4918753206729889
5777.686168999841,0.4927414655685425
5773.829235638459,0.4934433698654175
5769.972302277076,0.4942086935043335
5766.115368915694,0.4942544400691986
5762.258435554311,0.49358949065208435
5758.401502192928,0.49357932806015015
5754.544568831545,0.4936232566833496
5750.6876354701635,0.4932045042514801
5746.83070210878,0.49356260895729065
5742.973768747397,0.49342262744903564
5739.116835386015,0.49328234791755676
5735.2599020246325,0.4929879605770111
5731.402968663249,0.4927828311920166
5727.546035301867,0.49359166622161865
5723.689101940485,0.4935595989227295
5719.832168579102,0.4931448996067047
5715.975235217718,0.4929923713207245
5712.118301856337,0.49321040511131287
5708.261368494954,0.49347764253616333
5704.404435133571,0.49383214116096497
5700.547501772188,0.4943743050098419
5696.690568410806,0.493778795003891
5692.833635049423,0.4926919937133789
5688.9767016880405,0.49241673946380615
5685.119768326658,0.49278557300567627
5681.262834965275,0.49323633313179016
5677.405901603892,0.4937227964401245
5673.54896824251,0.493771493434906
5669.692034881127,0.49386313557624817
5665.835101519744,0.4941457211971283
5661.978168158362,0.49489033222198486
5658.1212347969795,0.4946383237838745
5654.264301435596,0.49364525079727173
5650.407368074214,0.49367469549179077
5646.550434712832,0.4944690465927124
5642.6935013514485,0.4949903190135956
5638.836567990065,0.49455776810646057
5634.979634628684,0.49388059973716736
5631.122701267301,0.4937558174133301
5627.2657679059175,0.4946324825286865
5623.408834544535,0.4953497648239136
5619.551901183153,0.49488013982772827
5615.69496782177,0.4942436218261719
5611.8380344603875,0.4946056306362152
5607.981101099005,0.4943540096282959
5604.124167737622,0.49324288964271545
5600.267234376239,0.492768257856369
5596.410301014857,0.4933541715145111
5592.553367653474,0.4934731721878052
5588.696434292091,0.49321654438972473
5584.839500930709,0.4936976730823517
5580.982567569326,0.49391934275627136
5577.125634207943,0.49387305974960327
5573.268700846561,0.4937956631183624
5569.411767485179,0.49380046129226685
5565.554834123795,0.4939744472503662
5561.697900762412,0.4935370981693268
5557.84096740103,0.4930373430252075
5553.984034039648,0.4931180477142334
5550.1271006782645,0.4936203062534332
5546.270167316882,0.49388280510902405
5542.4132339555,0.49401021003723145
5538.556300594117,0.49362409114837646
5534.699367232734,0.4930773377418518
5530.842433871352,0.4930807948112488
5526.985500509969,0.4932083487510681
5523.128567148586,0.4928182363510132
5519.271633787203,0.4918516278266907
5515.414700425821,0.4915204644203186
5511.557767064438,0.4921335279941559
5507.700833703056,0.4936351478099823
5503.843900341673,0.49466124176979065
5499.98696698029,0.4941253066062927
5496.130033618908,0.49324434995651245
5492.273100257526,0.49254706501960754
5488.416166896142,0.49176937341690063
5484.559233534759,0.4918074607849121
5480.702300173377,0.4924900531768799
5476.845366811995,0.4928353428840637
5472.988433450611,0.49368104338645935
5469.131500089229,0.4942041337490082
5465.274566727847,0.49374920129776
5461.417633366464,0.49277782440185547
5457.560700005081,0.4921911060810089
5453.703766643699,0.4927825629711151
5449.846833282316,0.4928381145000458
5445.989899920933,0.4925440847873688
5442.13296655955,0.4920985996723175
5438.276033198168,0.49250510334968567
5434.419099836785,0.49332907795906067
5430.562166475403,0.4934784173965454
5426.70523311402,0.49319374561309814
5422.848299752637,0.4923926889896393
5418.991366391255,0.49207738041877747
5415.1344330298725,0.4924209713935852
5411.277499668489,0.49364954233169556
5407.420566307106,0.4939207136631012
5403.563632945724,0.49339616298675537
5399.706699584342,0.49301546812057495
5395.849766222958,0.49278613924980164
5391.992832861576,0.4924427270889282
5388.135899500194,0.4931136965751648
5384.278966138811,0.4935418665409088
5380.422032777428,0.4925512671470642
5376.565099416046,0.49269524216651917
5372.708166054663,0.4939272999763489
5368.85123269328,0.49414923787117004
5364.994299331897,0.49362221360206604
5361.137365970515,0.49356988072395325
5357.280432609132,0.4936675429344177
5353.4234992477495,0.4929969310760498
5349.566565886367,0.4922395646572113
5345.709632524984,0.4930132031440735
5341.852699163602,0.4941723942756653
5337.9957658022195,0.49470585584640503
5334.138832440836,0.49453210830688477
5330.281899079453,0.49425122141838074
5326.424965718071,0.4950912594795227
5322.5680323566885,0.4961315989494324
5318.711098995305,0.49698635935783386
5314.854165633923,0.4978361129760742
5310.997232272541,0.4990348815917969
5307.1402989111575,0.5000144839286804
5303.283365549775,0.4995499849319458
5299.426432188393,0.49840760231018066
5295.56949882701,0.4986145496368408
5291.7125654656265,0.5004141926765442
5287.855632104244,0.5010104775428772
5283.998698742862,0.5010080337524414
5280.141765381479,0.5018482208251953
5276.2848320200965,0.5028451085090637
5272.427898658714,0.504300594329834
5268.570965297331,0.5060580968856812
5264.714031935949,0.5073558688163757
5260.857098574566,0.5089124441146851
5257.000165213183,0.5102782845497131
5253.1432318518,0.5104061961174011
5249.286298490418,0.5104935765266418
5245.429365129035,0.5113320350646973
5241.572431767652,0.5118441581726074
5237.71549840627,0.5124915838241577
5233.858565044888,0.5126552581787109
5230.0016316835045,0.5120614171028137
5226.144698322122,0.5126979351043701
5222.28776496074,0.5144541263580322
5218.430831599357,0.5148510336875916
5214.5738982379735,0.5134509801864624
5210.716964876591,0.5119571089744568
5206.860031515209,0.5113682746887207
5203.003098153826,0.5120359659194946
5199.146164792443,0.511680543422699
5195.289231431061,0.510913610458374
5191.432298069678,0.5103369951248169
5187.575364708296,0.5091635584831238
5183.718431346913,0.5095692276954651
5179.86149798553,0.5103200674057007
5176.004564624147,0.5089825391769409
5172.147631262765,0.508436918258667
5168.290697901382,0.5081931948661804
5164.433764539999,0.5075130462646484
5160.576831178617,0.5076410174369812
5156.719897817235,0.5087425112724304
5152.862964455851,0.5079233646392822
5149.006031094469,0.5069628357887268
5145.149097733087,0.5077373385429382
5141.292164371704,0.5083761215209961
5137.43523101032,0.5076249837875366
5133.578297648938,0.5068943500518799
5129.721364287556,0.5065564513206482
5125.864430926173,0.505871593952179
5122.00749756479,0.5050397515296936
5118.150564203408,0.5049840807914734
5114.293630842025,0.505829393863678
5110.436697480642,0.5065822601318359
5106.57976411926,0.5069320201873779
5102.722830757877,0.5063650012016296
5098.865897396494,0.5055115222930908
5095.008964035112,0.5053144097328186
5091.152030673729,0.505288302898407
5087.295097312346,0.5051292181015015
5083.438163950964,0.5049831867218018
5079.5812305895815,0.5045982003211975
5075.724297228198,0.5040877461433411
5071.867363866815,0.5042065978050232
5068.010430505434,0.5043551921844482
5064.153497144051,0.5040549635887146
5060.296563782667,0.5038857460021973
5056.439630421285,0.5042014718055725
5052.582697059903,0.5043739080429077
5048.72576369852,0.5040796995162964
5044.868830337137,0.5032069087028503
5041.011896975755,0.5034635066986084
5037.154963614372,0.5033054947853088
5033.298030252989,0.5029336214065552
5029.441096891607,0.5031710863113403
5025.584163530224,0.5028690695762634
5021.727230168841,0.5018008351325989
5017.8702968074585,0.5010390877723694
5014.013363446076,0.5012491345405579
5010.156430084693,0.5014132857322693
5006.299496723311,0.5009044408798218
5002.4425633619285,0.5010939836502075
4998.585630000545,0.501445472240448
4994.728696639162,0.501076877117157
4990.871763277781,0.5006198883056641
4987.0148299163975,0.501246452331543
4983.157896555014,0.5011557936668396
4979.300963193632,0.5010358095169067
4975.44402983225,0.5008084177970886
4971.5870964708665,0.5006408095359802
4967.730163109484,0.500456690788269
4963.873229748102,0.5003676414489746
4960.016296386719,0.5003185272216797
4956.159363025336,0.5010073184967041
4952.302429663954,0.5004776120185852
4948.445496302571,0.4997391998767853
4944.588562941188,0.4995211064815521
4940.7316295798055,0.499698281288147
4936.874696218423,0.49997732043266296
4933.01776285704,0.500404953956604
4929.160829495658,0.5005581974983215
4925.303896134275,0.5001862049102783
4921.446962772892,0.49969902634620667
4917.590029411509,0.5003200173377991
4913.733096050128,0.500567615032196
4909.876162688744,0.5001728534698486
4906.019229327361,0.5000103116035461
4902.162295965979,0.49969711899757385
4898.305362604597,0.4991492033004761
4894.4484292432135,0.4997957646846771
4890.591495881831,0.5000163316726685
4886.734562520449,0.500052273273468
4882.877629159066,0.5003041625022888
4879.0206957976825,0.5003417134284973
4875.163762436301,0.5002438426017761
4871.306829074918,0.500163197517395
4867.449895713535,0.4998619258403778
4863.592962352152,0.49956852197647095
4859.73602899077,0.49935537576675415
4855.879095629387,0.4996623992919922
4852.022162268005,0.5003558397293091
4848.165228906622,0.5008633136749268
4844.308295545239,0.5005636215209961
4840.451362183856,0.5005685687065125
4836.594428822475,0.5008757710456848
4832.737495461091,0.5013939142227173
4828.880562099708,0.5014106631278992
4825.023628738326,0.5014166831970215
4821.166695376944,0.5013328194618225
4817.30976201556,0.5015493631362915
4813.452828654178,0.5017820596694946
4809.595895292796,0.5023072361946106
4805.738961931413,0.5021856427192688
4801.882028570029,0.5016862154006958
4798.025095208648,0.5013235807418823
4794.168161847265,0.5012930631637573
4790.311228485882,0.5014482736587524
4786.454295124499,0.5021080374717712
4782.597361763117,0.5027258396148682
4778.740428401734,0.5024088025093079
4774.883495040352,0.5020438432693481
4771.026561678969,0.5022509098052979
4767.169628317586,0.5022885799407959
4763.312694956203,0.5024223327636719
4759.4557615948215,0.5026857256889343
4755.598828233438,0.5035419464111328
4751.741894872055,0.5042173862457275
4747.884961510673,0.5037053227424622
4744.028028149291,0.5033396482467651
4740.171094787907,0.5040991902351379
4736.314161426525,0.5050438046455383
4732.457228065143,0.5057060122489929
4728.60029470376,0.5058000683784485
4724.743361342376,0.5057679414749146
4720.886427980995,0.5055559277534485
4717.029494619612,0.5053104162216187
4713.172561258229,0.5055438876152039
4709.315627896846,0.5055395364761353
4705.458694535464,0.505005955696106
4701.601761174081,0.5050091743469238
4697.7448278126985,0.5060223937034607
4693.887894451316,0.5063357353210449
4690.030961089933,0.5056031942367554
4686.17402772855,0.5054416656494141
4682.317094367168,0.5057565569877625
4678.460161005785,0.506159782409668
4674.603227644402,0.5071258544921875
4670.74629428302,0.5084665417671204
4666.8893609216375,0.5094617605209351
4663.032427560254,0.5099443197250366
4659.175494198872,0.5109219551086426
4655.31856083749,0.5124494433403015
4651.4616274761065,0.5138855576515198
4647.604694114723,0.5151245594024658
4643.747760753341,0.5159201622009277
4639.890827391959,0.5169909596443176
4636.0338940305755,0.5179646015167236
4632.176960669193,0.5191435813903809
4628.320027307811,0.5205307602882385
4624.463093946428,0.5213553309440613
4620.6061605850455,0.5218066573143005
4616.749227223663,0.5221092700958252
4612.89229386228,0.5223038196563721
4609.035360500897,0.522664487361908
4605.1784271395145,0.5230376720428467
4601.321493778132,0.5233528017997742
4597.464560416749,0.5232622623443604
4593.607627055367,0.5231536626815796
4589.750693693984,0.5230969190597534
4585.893760332601,0.5238633751869202
4582.036826971219,0.5249475240707397
4578.179893609837,0.5260220766067505
4574.3229602484535,0.5268595218658447
4570.46602688707,0.5271434187889099
4566.609093525688,0.5273449420928955
4562.752160164306,0.5287041664123535
4558.8952268029225,0.52980637550354
4555.03829344154,0.5306218862533569
4551.181360080158,0.5313669443130493
4547.324426718775,0.5320818424224854
4543.467493357392,0.5335345268249512
4539.61055999601,0.5363672375679016
4535.753626634627,0.5405281186103821
4531.896693273244,0.5449053049087524
4528.039759911861,0.5469400882720947
4524.182826550479,0.5443335175514221
4520.325893189096,0.5383588671684265
4516.468959827714,0.5322281122207642
4512.612026466331,0.5276480913162231
4508.755093104948,0.5243408679962158
4504.898159743566,0.5218607187271118
4501.041226382184,0.5206618905067444
4497.1842930208,0.519942581653595
4493.327359659417,0.51929771900177
4489.470426298035,0.5191675424575806
4485.613492936653,0.5186570286750793
4481.756559575269,0.5178224444389343
4477.899626213887,0.5176746845245361
4474.042692852505,0.5177509188652039
4470.185759491122,0.5176753401756287
4466.328826129739,0.5180314183235168
4462.471892768357,0.5184895992279053
4458.614959406974,0.5183843374252319
4454.758026045591,0.5177025198936462
4450.901092684208,0.5173607468605042
4447.044159322826,0.5174862742424011
4443.187225961443,0.5177042484283447
4439.330292600061,0.5175827741622925
4435.473359238678,0.5176004767417908
4431.616425877295,0.5174821019172668
4427.759492515913,0.5169762969017029
4423.9025591545305,0.5171897411346436
4420.045625793147,0.5178041458129883
4416.188692431764,0.5180320739746094
4412.331759070382,0.5177770853042603
4408.474825709,0.5182404518127441
4404.617892347616,0.5189412832260132
4400.760958986234,0.519243061542511
4396.904025624852,0.5195385217666626
4393.047092263469,0.519399106502533
4389.190158902086,0.5192103981971741
4385.333225540704,0.5197218060493469
4381.476292179321,0.5203977823257446
4377.619358817938,0.5209523439407349
4373.762425456555,0.521045446395874
4369.905492095173,0.521164059638977
4366.04855873379,0.5219060778617859
4362.1916253724075,0.5225226283073425
4358.334692011025,0.5230993628501892
4354.477758649642,0.5234040021896362
4350.62082528826,0.5233610272407532
4346.7638919268775,0.5234187245368958
4342.906958565494,0.524066150188446
4339.050025204111,0.5251028537750244
4335.193091842729,0.5260926485061646
4331.3361584813465,0.5268788933753967
4327.479225119963,0.5273019075393677
4323.622291758581,0.5277731418609619
4319.765358397199,0.5284940004348755
4315.9084250358155,0.529004693031311
4312.051491674433,0.5290834307670593
4308.194558313051,0.5294972658157349
4304.337624951668,0.5296998023986816
4300.480691590285,0.5298774838447571
4296.623758228902,0.5302273631095886
4292.76682486752,0.5301271080970764
4288.909891506137,0.5301021933555603
4285.0529581447545,0.5303420424461365
4281.196024783372,0.530322790145874
4277.339091421989,0.5302720069885254
4273.482158060607,0.5308327674865723
4269.625224699224,0.5318012833595276
4265.768291337841,0.5323774814605713
4261.911357976458,0.5330395102500916
4258.054424615076,0.5340386629104614
4254.197491253693,0.5351586937904358
4250.34055789231,0.5357613563537598
4246.483624530928,0.5355362296104431
4242.626691169546,0.5355293154716492
4238.7697578081625,0.5357962250709534
4234.912824446779,0.5361078977584839
4231.055891085398,0.5362945795059204
4227.198957724015,0.5367057919502258
4223.3420243626315,0.5373319983482361
4219.485091001249,0.5379237532615662
4215.628157639867,0.5388022065162659
4211.771224278484,0.5392255783081055
4207.914290917101,0.5399224758148193
4204.057357555719,0.5412444472312927
4200.200424194336,0.5421345233917236
4196.343490832953,0.5429781675338745
4192.486557471571,0.5437263250350952
4188.629624110188,0.5437731146812439
4184.772690748805,0.5434787273406982
4180.915757387423,0.5432989001274109
4177.05882402604,0.5431227684020996
4173.201890664657,0.5428696274757385
4169.344957303275,0.542669415473938
4165.488023941893,0.5426425337791443
4161.631090580509,0.5425968170166016
4157.774157219126,0.5429366827011108
4153.917223857745,0.5431960225105286
4150.060290496362,0.543202817440033
4146.203357134978,0.5436311960220337
4142.346423773596,0.5444517135620117
4138.489490412214,0.5453006029129028
4134.632557050831,0.5459673404693604
4130.775623689448,0.5462544560432434
4126.918690328066,0.5466169714927673
4123.061756966683,0.5474269986152649
4119.2048236053,0.5483397841453552
4115.347890243918,0.5491053462028503
4111.490956882535,0.5502030253410339
4107.634023521152,0.5515736937522888
4103.77709015977,0.5526624917984009
4099.920156798387,0.553247332572937
4096.063223437004,0.5537227392196655
4092.206290075622,0.5548141002655029
4088.349356714239,0.5555554628372192
4084.4924233528563,0.5557749271392822
4080.6354899914736,0.556431770324707
4076.7785566300913,0.5570246577262878
4072.9216232687086,0.5577465891838074
4069.064689907326,0.5581984519958496
4065.207756545943,0.5587306022644043
4061.3508231845603,0.5590627193450928
4057.493889823178,0.5592547059059143
4053.6369564617953,0.5597147345542908
4049.7800231004126,0.5605727434158325
4045.92308973903,0.561524510383606
4042.066156377647,0.5623225569725037
4038.209223016265,0.5628678798675537
4034.352289654882,0.5635660290718079
4030.4953562934993,0.5644158720970154
4026.6384229321166,0.5655533075332642
4022.781489570734,0.5664377212524414
4018.9245562093515,0.5673997402191162
4015.067622847969,0.5680559873580933
4011.210689486586,0.5683800578117371
4007.3537561252033,0.5690408945083618
4003.4968227638205,0.5695651173591614
3999.6398894024383,0.5695729851722717
3995.7829560410555,0.5702466368675232
3991.9260226796728,0.5708873867988586
3988.06908931829,0.5715529918670654
3984.2121559569073,0.5723621249198914
3980.355222595525,0.5729435086250305
3976.4982892341422,0.5735883116722107
3972.6413558727595,0.5743234753608704
3968.7844225113768,0.5744903087615967
3964.927489149994,0.5747737288475037
3961.0705557886117,0.5751652121543884
3957.213622427229,0.5757095217704773
3953.3566890658462,0.5763831734657288
3949.4997557044635,0.5774226784706116
3945.6428223430808,0.578424870967865
3941.7858889816985,0.5787907242774963
3937.9289556203157,0.5790978670120239
3934.072022258933,0.5800305604934692
3930.2150888975502,0.5804645419120789
3926.3581555361675,0.5814186334609985
3922.501222174785,0.5820308923721313
3918.6442888134025,0.582196056842804
3914.7873554520197,0.5820605158805847
3910.930422090637,0.583022952079773
3907.073488729254,0.5849372148513794
3903.2165553678715,0.5854030251502991
3899.359622006489,0.58530193567276
3895.502688645106,0.587230920791626
3891.6457552837237,0.5889260768890381
3887.7888219223414,0.5899207592010498
3883.931888560958,0.5906116962432861
3880.074955199576,0.5913678407669067
3876.2180218381927,0.591938316822052
3872.3610884768104,0.5933846235275269
3868.504155115428,0.5933704972267151
3864.647221754045,0.5936325788497925
3860.7902883926627,0.5946393013000488
3856.9333550312795,0.5965638756752014
3853.076421669897,0.5952997207641602
3849.219488308515,0.5953465700149536
3845.3625549471317,0.5983721613883972
3841.5056215857494,0.6009653210639954
3837.648688224366,0.6020011901855469
3833.791754862984,0.602302610874176
3829.9348215016016,0.6022963523864746
3826.0778881402184,0.6040322780609131
3822.220954778836,0.6060652136802673
3818.364021417453,0.6072201132774353
3814.5070880560706,0.6078858971595764
3810.6501546946884,0.6096640229225159
3806.793221333305,0.6115792989730835
3802.936287971923,0.614288330078125
3799.0793546105397,0.6168381571769714
3795.2224212491574,0.6191849708557129
3791.365487887775,0.6217381358146667
3787.508554526392,0.6250792741775513
3783.6516211650096,0.6289958357810974
3779.7946878036264,0.6334132552146912
3775.937754442244,0.6367628574371338
3772.080821080862,0.6407027840614319
3768.2238877194786,0.6455187797546387
3764.3669543580963,0.6511092782020569
3760.510020996713,0.6576628088951111
3756.653087635331,0.6647146940231323
3752.7961542739486,0.6707432270050049
3748.9392209125654,0.6809009909629822
3745.082287551183,0.6915483474731445
3741.2253541898,0.6987670660018921
3737.3684208284176,0.7055417895317078
3733.5114874670353,0.7249319553375244
3729.654554105652,0.7448592185974121
3725.79762074427,0.7763693928718567
3721.9406873828866,0.8374149203300476
3718.0837540215043,0.9100003242492676
3714.226820660122,0.9796411991119385
3710.369887298739,1.0975855588912964
3706.5129539373565,1.2166471481323242
3702.6560205759733,1.3141005039215088
3698.799087214591,1.4150382280349731
3694.9421538532088,1.4545934200286865
3691.0852204918256,1.4251062870025635
3687.2282871304433,1.3506052494049072
3683.37135376906,1.3150266408920288
3679.514420407678,1.3041642904281616
3675.6574870462955,1.3128387928009033
3671.8005536849123,1.3389809131622314
3667.94362032353,1.3515814542770386
3664.086686962147,1.3517042398452759
3660.2297536007645,1.3572769165039062
3656.3728202393822,1.377397894859314
3652.515886877999,1.3966261148452759
3648.6589535166167,1.3831208944320679
3644.8020201552335,1.352861762046814
3640.9450867938513,1.3414993286132812
3637.088153432469,1.3408050537109375
3633.2312200710858,1.354636311531067
3629.3742867097035,1.3909378051757812
3625.5173533483203,1.4447519779205322
3621.660419986938,1.472458839416504
3617.8034866255557,1.4232263565063477
3613.9465532641725,1.3368372917175293
3610.08961990279,1.2786413431167603
3606.232686541407,1.2412163019180298
3602.3757531800247,1.2218124866485596
3598.5188198186424,1.2079648971557617
3594.6618864572592,1.1940261125564575
3590.804953095877,1.1855292320251465
3586.9480197344938,1.1759049892425537
3583.0910863731115,1.1671063899993896
3579.234153011729,1.1624608039855957
3575.377219650346,1.159534215927124
3571.5202862889637,1.1583439111709595
3567.6633529275805,1.1567347049713135
3563.806419566198,1.1541229486465454
3559.949486204816,1.1543002128601074
3556.0925528434327,1.1526175737380981
3552.2356194820504,1.1502187252044678
3548.378686120667,1.149734377861023
3544.521752759285,1.1494019031524658
3540.6648193979026,1.1486417055130005
3536.8078860365194,1.1492178440093994
3532.950952675137,1.1491669416427612
3529.094019313754,1.1495627164840698
3525.2370859523717,1.1511896848678589
3521.3801525909894,1.1522759199142456
3517.523219229606,1.152038335800171
3513.666285868224,1.1522527933120728
3509.8093525068407,1.1527514457702637
3505.9524191454584,1.154349684715271
3502.095485784076,1.1564298868179321
3498.238552422693,1.1570912599563599
3494.3816190613106,1.1575829982757568
3490.5246856999274,1.157743215560913
3486.667752338545,1.1580270528793335
3482.810818977163,1.1599602699279785
3478.9538856157797,1.1624059677124023
3475.0969522543974,1.163928508758545
3471.240018893014,1.1648293733596802
3467.383085531632,1.1659386157989502
3463.5261521702496,1.1672765016555786
3459.6692188088664,1.1681709289550781
3455.812285447484,1.1681852340698242
3451.955352086101,1.169461965560913
3448.0984187247186,1.1713420152664185
3444.2414853633363,1.1731157302856445
3440.384552001953,1.1749070882797241
3436.527618640571,1.176548719406128
3432.6706852791876,1.1768717765808105
3428.8137519178053,1.1764492988586426
3424.956818556423,1.1755515336990356
3421.09988519504,1.17471444606781
3417.2429518336576,1.1751246452331543
3413.3860184722744,1.175421953201294
3409.529085110892,1.1737314462661743
3405.67215174951,1.1729991436004639
3401.8152183881266,1.173438549041748
3397.9582850267443,1.1730812788009644
3394.101351665361,1.1716543436050415
3390.244418303979,1.1716909408569336
3386.3874849425965,1.1705570220947266
3382.5305515812133,1.1698803901672363
3378.673618219831,1.1708931922912598
3374.816684858448,1.1706520318984985
3370.9597514970656,1.168095350265503
3367.1028181356833,1.1659036874771118
3363.2458847743,1.1639058589935303
3359.388951412918,1.1617329120635986
3355.5320180515346,1.158914566040039
3351.6750846901523,1.1573249101638794
3347.81815132877,1.1565027236938477
3343.961217967387,1.154738187789917
3340.1042846060045,1.1529717445373535
3336.2473512446213,1.15227472782135
3332.390417883239,1.150185227394104
3328.5334845218567,1.1484347581863403
3324.6765511604735,1.1475603580474854
3320.8196177990912,1.1465481519699097
3316.962684437708,1.1443822383880615
3313.1057510763258,1.1417655944824219
3309.2488177149435,1.1407687664031982
3305.3918843535603,1.14262855052948
3301.534950992178,1.1417515277862549
3297.678017630795,1.1397238969802856
3293.8210842694125,1.1388330459594727
3289.96415090803,1.137458086013794
3286.107217546647,1.1359789371490479
3282.2502841852647,1.1362361907958984
3278.3933508238815,1.1358823776245117
3274.5364174624992,1.135085940361023
3270.679484101117,1.1351182460784912
3266.8225507397337,1.1347687244415283
3262.9656173783515,1.133345127105713
3259.1086840169683,1.1326415538787842
3255.251750655586,1.1324536800384521
3251.3948172942037,1.1328120231628418
3247.5378839328205,1.1325557231903076
3243.680950571438,1.1315476894378662
3239.824017210055,1.1303584575653076
3235.9670838486727,1.1295573711395264
3232.1101504872904,1.1280858516693115
3228.253217125907,1.126375675201416
3224.396283764525,1.125567078590393
3220.5393504031417,1.124245524406433
3216.6824170417594,1.1221604347229004
3212.825483680377,1.1204867362976074
3208.968550318994,1.118386149406433
3205.1116169576117,1.1162432432174683
3201.2546835962285,1.1136882305145264
3197.397750234846,1.1110434532165527
3193.540816873464,1.109144926071167
3189.6838835120807,1.1083241701126099
3185.8269501506984,1.1055374145507812
3181.970016789315,1.1016300916671753
3178.113083427933,1.0980970859527588
3174.2561500665506,1.095454216003418
3170.3992167051674,1.0923209190368652
3166.542283343785,1.089681625366211
3162.685349982402,1.086812138557434
3158.8284166210196,1.083693265914917
3154.9714832596364,1.080547571182251
3151.114549898254,1.0767290592193604
3147.257616536872,1.0720186233520508
3143.4006831754887,1.0681285858154297
3139.5437498141064,1.0648934841156006
3135.686816452723,1.0608606338500977
3131.829883091341,1.0565117597579956
3127.9729497299586,1.053145170211792
3124.1160163685754,1.048478603363037
3120.259083007193,1.0447121858596802
3116.40214964581,1.0412856340408325
3112.5452162844276,1.036676287651062
3108.6882829230453,1.0317771434783936
3104.831349561662,1.0269666910171509
3100.97441620028,1.0220195055007935
3097.1174828388966,1.0174672603607178
3093.2605494775144,1.0134224891662598
3089.403616116132,1.0099544525146484
3085.546682754749,1.0054144859313965
3081.6897493933666,1.0005263090133667
3077.8328160319834,0.9961495995521545
3073.975882670601,0.9918042421340942
3070.118949309219,0.9864271283149719
3066.2620159478356,0.9808371067047119
3062.4050825864533,0.9756199717521667
3058.54814922507,0.9712462425231934
3054.691215863688,0.9667636156082153
3050.8342825023055,0.963054895401001
3046.9773491409223,0.9587429761886597
3043.12041577954,0.9545235633850098
3039.263482418157,0.9495893716812134
3035.4065490567746,0.9444442987442017
3031.5496156953923,0.9391812682151794
3027.692682334009,0.9346877336502075
3023.835748972627,0.9310643076896667
3019.9788156112436,0.9271519184112549
3016.1218822498613,0.9229344129562378
3012.264948888479,0.9193438291549683
3008.408015527096,0.9153826832771301
3004.5510821657135,0.9109048843383789
3000.6941488043303,0.9065779447555542
2996.837215442948,0.9031710624694824
2992.9802820815657,0.8999758362770081
2989.1233487201825,0.8964910507202148
2985.2664153588003,0.8922451138496399
2981.409481997417,0.8891806602478027
2977.5525486360348,0.8862488865852356
2973.6956152746525,0.8831572532653809
2969.8386819132693,0.8803807497024536
2965.981748551887,0.8778181076049805
2962.124815190504,0.8748905658721924
2958.2678818291215,0.8715807199478149
2954.410948467739,0.8679745197296143
2950.554015106356,0.865225076675415
2946.6970817449737,0.8631170988082886
2942.8401483835905,0.8608254194259644
2938.9832150222082,0.8577870726585388
2935.126281660826,0.8551236391067505
2931.2693482994428,0.8531028628349304
2927.4124149380605,0.8507152199745178
2923.5554815766773,0.847130298614502
2919.698548215295,0.843482255935669
2915.8416148539127,0.8401395082473755
2911.9846814925295,0.8363772034645081
2908.127748131147,0.8329351544380188
2904.270814769764,0.8296788334846497
2900.4138814083817,0.8263197541236877
2896.5569480469994,0.8231271505355835
2892.700014685616,0.8200204968452454
2888.843081324234,0.8169748187065125
2884.9861479628507,0.8142316341400146
2881.1292146014684,0.8117383122444153
2877.272281240086,0.8092133402824402
2873.415347878703,0.8068796992301941
2869.5584145173207,0.8043658137321472
2865.7014811559375,0.8016737699508667
2861.844547794555,0.7993542551994324
2857.987614433173,0.7967983484268188
2854.1306810717897,0.793898344039917
2850.2737477104074,0.7909498810768127
2846.416814349024,0.7880313992500305
2842.559880987642,0.7852495312690735
2838.7029476262596,0.7824758887290955
2834.8460142648764,0.7799133658409119
2830.989080903494,0.7771320343017578
2827.132147542111,0.7742886543273926
2823.2752141807287,0.7716615796089172
2819.4182808193464,0.7689715027809143
2815.561347457963,0.7664472460746765
2811.704414096581,0.764687716960907
2807.8474807351977,0.7629647850990295
2803.9905473738154,0.7605647444725037
2800.133614012433,0.7583529949188232
2796.27668065105,0.7562706470489502
2792.4197472896676,0.7541305422782898
2788.5628139282844,0.752058744430542
2784.705880566902,0.7497386336326599
2780.84894720552,0.7477034330368042
2776.9920138441366,0.7456672191619873
2773.1350804827543,0.7437441349029541
2769.278147121371,0.7414992451667786
2765.421213759989,0.739246666431427
2761.5642803986066,0.7373960018157959
2757.7073470372234,0.735531747341156
2753.850413675841,0.7337662577629089
2749.993480314458,0.732221245765686
2746.1365469530756,0.730343222618103
2742.2796135916933,0.7281716465950012
2738.42268023031,0.7260592579841614
2734.565746868928,0.7244243621826172
2730.7088135075446,0.7230084538459778
2726.8518801461623,0.7215341329574585
2722.99494678478,0.7201828956604004
2719.138013423397,0.7190259099006653
2715.2810800620146,0.7175408601760864
2711.4241467006314,0.7163309454917908
2707.567213339249,0.7151957154273987
2703.710279977867,0.7136284112930298
2699.8533466164836,0.7119108438491821
2695.9964132551013,0.7102630734443665
2692.139479893718,0.7086622714996338
2688.282546532336,0.706884503364563
2684.4256131709535,0.7055020332336426
2680.5686798095703,0.7046250104904175
2676.711746448188,0.7034114003181458
2672.854813086805,0.7018552422523499
2668.9978797254225,0.7001592516899109
2665.1409463640402,0.6984542608261108
2661.284013002657,0.6969130635261536
2657.4270796412748,0.6953734755516052
2653.5701462798916,0.694056510925293
2649.7132129185093,0.6927219033241272
2645.856279557127,0.6912634968757629
2641.999346195744,0.6899849772453308
2638.1424128343615,0.6888028979301453
2634.2854794729783,0.687592625617981
2630.428546111596,0.6862255334854126
2626.5716127502137,0.6850783228874207
2622.7146793888305,0.684199333190918
2618.8577460274482,0.6833546757698059
2615.000812666065,0.682685375213623
2611.1438793046827,0.6820046305656433
2607.2869459433005,0.6813347339630127
2603.4300125819173,0.6806476712226868
2599.573079220535,0.6798811554908752
2595.7161458591518,0.6791957020759583
2591.8592124977695,0.6786676645278931
2588.002279136387,0.6778280138969421
2584.145345775004,0.6767948269844055
2580.2884124136217,0.675979733467102
2576.4314790522385,0.6752216219902039
2572.574545690856,0.6745167970657349
2568.717612329474,0.6739698648452759
2564.8606789680907,0.6733614802360535
2561.0037456067084,0.6727280020713806
2557.1468122453252,0.6720524430274963
2553.289878883943,0.6715512871742249
2549.4329455225607,0.6711782813072205
2545.5760121611775,0.6709318161010742
2541.719078799795,0.670787513256073
2537.862145438412,0.6706543564796448
2534.0052120770297,0.6707972884178162
2530.1482787156474,0.6709024310112
2526.291345354264,0.670668363571167
2522.434411992882,0.6708646416664124
2518.5774786314987,0.6711029410362244
2514.7205452701164,0.6712651252746582
2510.863611908734,0.6714894771575928
2507.006678547351,0.6715691089630127
2503.1497451859686,0.6716287732124329
2499.2928118245854,0.6717974543571472
2495.435878463203,0.6718308925628662
2491.578945101821,0.6716921329498291
2487.7220117404377,0.6716156601905823
2483.8650783790554,0.6716279983520508
2480.008145017672,0.6715527772903442
2476.15121165629,0.671395480632782
2472.2942782949076,0.6710870862007141
2468.4373449335244,0.6711955666542053
2464.580411572142,0.6714321970939636
2460.723478210759,0.6716251373291016
2456.8665448493766,0.6716781854629517
2453.0096114879943,0.6718508005142212
2449.152678126611,0.6722272634506226
2445.295744765229,0.6727396845817566
2441.4388114038456,0.6734101176261902
2437.5818780424634,0.67418372631073
2433.724944681081,0.6746963262557983
2429.868011319698,0.6752438545227051
2426.0110779583156,0.6758251786231995
2422.1541445969324,0.6765511631965637
2418.29721123555,0.677269458770752
2414.440277874168,0.677951455116272
2410.5833445127846,0.6782656908035278
2406.7264111514023,0.6788079142570496
2402.869477790019,0.6795312166213989
2399.012544428637,0.6801196932792664
2395.1556110672545,0.6808859705924988
2391.2986777058713,0.6819807887077332
2387.441744344489,0.6828175187110901
2383.584810983106,0.6833416819572449
2379.7278776217236,0.6834043860435486
2375.8709442603413,0.6831080913543701
2372.014010898958,0.6831040978431702
2368.157077537576,0.6840250492095947
2364.3001441761926,0.6839419007301331
2360.4432108148103,0.6841769814491272
2356.586277453428,0.6851444840431213
2352.729344092045,0.6867201328277588
2348.8724107306625,0.687161922454834
2345.0154773692793,0.6879892349243164
2341.158544007897,0.6897379159927368
2337.3016106465147,0.6904782056808472
2333.4446772851315,0.6900094151496887
2329.5877439237493,0.6905515193939209
2325.730810562366,0.6908519268035889
2321.8738772009838,0.6907765865325928
2318.0169438396015,0.6906002759933472
2314.1600104782183,0.6910918951034546
2310.303077116836,0.6918794512748718
2306.446143755453,0.6929551362991333
2302.5892103940705,0.6943029761314392
2298.732277032688,0.6959261298179626
2294.875343671305,0.6977652907371521
2291.0184103099227,0.7003698348999023
2287.1614769485395,0.7033615708351135
2283.3045435871572,0.7067669034004211
2279.447610225774,0.7101908326148987
2275.5906768643918,0.7136671543121338
2271.7337435030095,0.7169259190559387
2267.8768101416263,0.7204022407531738
2264.019876780244,0.7236310839653015
2260.162943418861,0.726405680179596
2256.3060100574785,0.7291349172592163
2252.449076696096,0.7320942282676697
2248.592143334713,0.7348892092704773
2244.7352099733307,0.7382962703704834
2240.8782766119475,0.7415041327476501
2237.021343250565,0.7431692481040955
2233.164409889183,0.7428472638130188
2229.3074765277997,0.7415757179260254
2225.4505431664174,0.7396678924560547
2221.5936098050342,0.7367202043533325
2217.736676443652,0.7322435975074768
2213.8797430822697,0.7270294427871704
2210.0228097208865,0.7224019169807434
2206.165876359504,0.7190398573875427
2202.308942998121,0.7163206338882446
2198.4520096367387,0.7143511772155762
2194.5950762753564,0.7134435772895813
2190.738142913973,0.7133899331092834
2186.881209552591,0.7136093974113464
2183.0242761912077,0.7145596146583557
2179.1673428298254,0.7158113121986389
2175.310409468443,0.7172911763191223
2171.45347610706,0.7191434502601624
2167.5965427456777,0.7216390371322632
2163.7396093842945,0.7245008945465088
2159.882676022912,0.7278806567192078
2156.02574266153,0.7315067052841187
2152.1688093001467,0.7357739806175232
2148.3118759387644,0.7403951287269592
2144.454942577381,0.7455222606658936
2140.598009215999,0.7504920363426208
2136.7410758546166,0.7540832161903381
2132.8841424932334,0.7544780969619751
2129.027209131851,0.7522588968276978
2125.170275770468,0.7493013739585876
2121.3133424090856,0.7476491928100586
2117.4564090477033,0.7473102807998657
2113.59947568632,0.7480192184448242
2109.742542324938,0.7493079304695129
2105.8856089635547,0.7511053681373596
2102.0286756021724,0.7530117630958557
2098.17174224079,0.755669116973877
2094.314808879407,0.7585088014602661
2090.4578755180246,0.7617473602294922
2086.6009421566414,0.7651269435882568
2082.744008795259,0.7689240574836731
2078.887075433877,0.77264404296875
2075.0301420724936,0.7774098515510559
2071.1732087111113,0.782849133014679
2067.316275349728,0.7887632846832275
2063.459341988346,0.7953097820281982
2059.6024086269636,0.8034330010414124
2055.7454752655804,0.8133014440536499
2051.888541904198,0.8263757228851318
2048.031608542815,0.8434414267539978
2044.1746751814326,0.8657624125480652
2040.3177418200503,0.8932455778121948
2036.460808458667,0.9224974513053894
2032.6038750972848,0.947609007358551
2028.7469417359016,0.9661819934844971
2024.8900083745193,0.978929877281189
2021.033075013137,0.990545392036438
2017.1761416517538,1.0070184469223022
2013.3192082903715,1.0301673412322998
2009.4622749289883,1.0545817613601685
2005.605341567606,1.0755999088287354
2001.7484082062238,1.0894181728363037
1997.8914748448406,1.0979223251342773
1994.0345414834583,1.101943850517273
1990.177608122075,1.1024876832962036
1986.3206747606928,1.102057933807373
1982.4637413993105,1.1031832695007324
1978.6068080379273,1.1043448448181152
1974.749874676545,1.1034612655639648
1970.8929413151618,1.099163293838501
1967.0360079537795,1.0916941165924072
1963.1790745923972,1.0824028253555298
1959.322141231014,1.0756573677062988
1955.4652078696317,1.0731538534164429
1951.6082745082485,1.07461416721344
1947.7513411468663,1.0760371685028076
1943.894407785484,1.0758540630340576
1940.0374744241008,1.074225664138794
1936.1805410627185,1.0723927021026611
1932.3236077013353,1.0703192949295044
1928.466674339953,1.0694730281829834
1924.6097409785707,1.0713037252426147
1920.7528076171875,1.0797826051712036
1916.8958742558052,1.0975801944732666
1913.038940894422,1.1228969097137451
1909.1820075330397,1.156719446182251
1905.3250741716574,1.1948405504226685
1901.4681408102742,1.227668046951294
1897.611207448892,1.2578248977661133
1893.7542740875087,1.2854909896850586
1889.8973407261265,1.3089382648468018
1886.0404073647442,1.3270189762115479
1882.183474003361,1.339397668838501
1878.3265406419787,1.3491816520690918
1874.4696072805955,1.3559643030166626
1870.6126739192132,1.357851505279541
1866.755740557831,1.3503283262252808
1862.8988071964477,1.3322392702102661
1859.0418738350654,1.3004971742630005
1855.1849404736822,1.258216381072998
1851.3280071123,1.2157329320907593
1847.4710737509176,1.1773921251296997
1843.6141403895344,1.1413909196853638
1839.7572070281522,1.1210846900939941
1835.900273666769,1.1131638288497925
1832.0433403053867,1.1127387285232544
1828.1864069440044,1.121617078781128
1824.3294735826212,1.1346056461334229
1820.472540221239,1.1475179195404053
1816.6156068598557,1.1608699560165405
1812.7586734984734,1.1762733459472656
1808.901740137091,1.1921839714050293
1805.044806775708,1.2049907445907593
1801.1878734143256,1.216429352760315
1797.3309400529424,1.226222276687622
1793.4740066915601,1.2298924922943115
1789.6170733301778,1.2309882640838623
1785.7601399687946,1.2254244089126587
1781.9032066074124,1.2154748439788818
1778.0462732460292,1.2012004852294922
1774.1893398846469,1.1809439659118652
1770.3324065232646,1.1462135314941406
1766.4754731618814,1.1219913959503174
1762.618539800499,1.1036351919174194
1758.761606439116,1.0882221460342407
1754.9046730777336,1.0805823802947998
1751.0477397163513,1.078221082687378
1747.1908063549681,1.0815744400024414
1743.3338729935858,1.0899600982666016
1739.4769396322026,1.0980784893035889
1735.6200062708203,1.1076388359069824
1731.763072909438,1.1243575811386108
1727.9061395480549,1.1408296823501587
1724.0492061866726,1.1526457071304321
1720.1922728252894,1.1641733646392822
1716.335339463907,1.187198519706726
1712.4784061025248,1.2126609086990356
1708.6214727411416,1.2286512851715088
1704.7645393797593,1.2490243911743164
1700.907606018376,1.2737600803375244
1697.0506726569938,1.3153713941574097
1693.1937392956115,1.3455493450164795
1689.3368059342283,1.3625930547714233
1685.479872572846,1.380570650100708
1681.6229392114628,1.396060585975647
1677.7660058500805,1.3982259035110474
1673.9090724886983,1.3929998874664307
1670.052139127315,1.3903485536575317
1666.1952057659328,1.3918027877807617
1662.3382724045496,1.3962078094482422
1658.4813390431673,1.4022021293640137
1654.624405681785,1.4104602336883545
1650.7674723204018,1.4264752864837646
1646.9105389590195,1.4423550367355347
1643.0536055976363,1.4549325704574585
1639.196672236254,1.4647687673568726
1635.3397388748717,1.4857841730117798
1631.4828055134885,1.5073031187057495
1627.6258721521062,1.5216896533966064
1623.768938790723,1.5419896841049194
1619.9120054293408,1.5614162683486938
1616.0550720679585,1.5753469467163086
1612.1981387065753,1.5815212726593018
1608.341205345193,1.5758941173553467
1604.4842719838098,1.5626981258392334
1600.6273386224275,1.5454825162887573
1596.7704052610452,1.5229049921035767
1592.913471899662,1.4966280460357666
1589.0565385382797,1.4703088998794556
1585.1996051768965,1.445595145225525
1581.3426718155142,1.4232265949249268
1577.485738454132,1.400939702987671
1573.6288050927487,1.3770934343338013
1569.7718717313664,1.3584997653961182
1565.9149383699832,1.3409186601638794
1562.058005008601,1.3312666416168213
1558.2010716472187,1.3232051134109497
1554.3441382858355,1.3245490789413452
1550.4872049244532,1.3307925462722778
1546.63027156307,1.3396828174591064
1542.7733382016877,1.3558545112609863
1538.9164048403054,1.407791256904602
1535.0594714789222,1.4429093599319458
1531.20253811754,1.47664213180542
1527.3456047561567,1.4926905632019043
1523.4886713947744,1.4952150583267212
1519.6317380333921,1.497944712638855
1515.774804672009,1.4936933517456055
1511.9178713106267,1.493301272392273
1508.0609379492435,1.4962964057922363
1504.2040045878612,1.5022776126861572
1500.3470712264789,1.5100687742233276
1496.4901378650957,1.5271269083023071
1492.6332045037134,1.5416518449783325
1488.7762711423302,1.5462347269058228
1484.919337780948,1.5453187227249146
1481.0624044195656,1.5417205095291138
1477.2054710581824,1.536787986755371
1473.3485376968001,1.534683346748352
1469.491604335417,1.5327959060668945
1465.6346709740346,1.5341110229492188
1461.7777376126523,1.5356467962265015
1457.9208042512691,1.5353610515594482
1454.0638708898869,1.543912649154663
1450.2069375285037,1.5512014627456665
1446.3500041671214,1.5581614971160889
1442.493070805739,1.568245530128479
1438.6361374443559,1.5789376497268677
1434.7792040829736,1.595556616783142
1430.9222707215904,1.613148808479309
1427.065337360208,1.6290128231048584
1423.2084039988258,1.6431599855422974
1419.3514706374426,1.6604859828948975
1415.4945372760603,1.6756287813186646
1411.6376039146771,1.6858270168304443
1407.7806705532948,1.696736216545105
1403.9237371919116,1.7148470878601074
1400.0668038305294,1.7318089008331299
1396.209870469147,1.7488031387329102
1392.3529371077639,1.7677853107452393
1388.4960037463816,1.7846198081970215
1384.6390703849984,1.7976402044296265
1380.782137023616,1.8143802881240845
1376.9252036622338,1.8375815153121948
1373.0682703008506,1.8600646257400513
1369.2113369394683,1.8724173307418823
1365.354403578085,1.882792592048645
1361.4974702167028,1.8905394077301025
1357.6405368553205,1.8968092203140259
1353.7836034939373,1.899604082107544
1349.926670132555,1.9005426168441772
1346.0697367711718,1.8995320796966553
1342.2128034097896,1.9008526802062988
1338.3558700484073,1.8887290954589844
1334.498936687024,1.870685338973999
1330.6420033256418,1.8533884286880493
1326.7850699642586,1.8370205163955688
1322.9281366028763,1.8234056234359741
1319.071203241494,1.8082685470581055
1315.2142698801108,1.7811909914016724
1311.3573365187285,1.7447760105133057
1307.5004031573453,1.7060787677764893
1303.643469795963,1.669010043144226
1299.7865364345807,1.6328425407409668
1295.9296030731975,1.5981487035751343
1292.0726697118153,1.5648093223571777
1288.215736350432,1.5370548963546753
1284.3588029890498,1.5141688585281372
1280.5018696276675,1.487416386604309
1276.6449362662843,1.4527238607406616
1272.788002904902,1.410878300666809
1268.9310695435188,1.3621494770050049
1265.0741361821365,1.310495138168335
1261.2172028207542,1.2594294548034668
1257.360269459371,1.210681676864624
1253.5033360979887,1.168333649635315
1249.6464027366055,1.1335307359695435
1245.7894693752232,1.1029655933380127
1241.932536013841,1.0732821226119995
1238.0756026524577,1.0434404611587524
1234.2186692910755,1.0131944417953491
1230.3617359296923,0.9848629832267761
1226.50480256831,0.9634486436843872
1222.6478692069277,0.954266369342804
1218.7909358455445,0.9591240286827087
1214.9340024841622,0.9738882184028625
1211.077069122779,0.9929568767547607
1207.2201357613967,1.012213945388794
1203.3632024000144,1.028565526008606
1199.5062690386312,1.0416946411132812
1195.649335677249,1.0509073734283447
1191.7924023158657,1.0557630062103271
1187.9354689544834,1.0572417974472046
1184.0785355931012,1.0568324327468872
1180.221602231718,1.0557060241699219
1176.3646688703357,1.0569190979003906
1172.5077355089525,1.0626271963119507
1168.6508021475702,1.0788766145706177
1164.7938687861879,1.1168445348739624
1160.9369354248047,1.1625418663024902
1157.0800020634224,1.1641528606414795
1153.2230687020392,1.1243215799331665
1149.366135340657,1.0932035446166992
1145.5092019792746,1.0807316303253174
1141.6522686178914,1.0764719247817993
1137.7953352565091,1.0752825736999512
1133.938401895126,1.076468825340271
1130.0814685337436,1.0803627967834473
1126.2245351723614,1.0875871181488037
1122.3676018109782,1.1017853021621704
1118.5106684495959,1.1190558671951294
1114.6537350882127,1.1288577318191528
1110.7968017268304,1.1285208463668823
1106.939868365448,1.1244802474975586
1103.082935004065,1.119596004486084
1099.2260016426826,1.1127879619598389
1095.3690682812994,1.106518268585205
1091.5121349199171,1.1041544675827026
1087.6552015585348,1.1013360023498535
1083.7982681971516,1.097975492477417
1079.9413348357693,1.0968273878097534
1076.0844014743861,1.1010030508041382
1072.2274681130039,1.1156415939331055
1068.3705347516216,1.1456010341644287
1064.5136013902384,1.1871747970581055
1060.656668028856,1.2311818599700928
1056.7997346674729,1.2705116271972656
1052.9428013060906,1.301703929901123
1049.0858679447083,1.3260492086410522
1045.228934583325,1.3458799123764038
1041.3720012219428,1.3642504215240479
1037.5150678605596,1.3804353475570679
1033.6581344991773,1.3962020874023438
1029.801201137795,1.4120030403137207
1025.9442677764118,1.424503207206726
1022.0873344150295,1.4343671798706055
1018.2304010536463,1.444968819618225
1014.3734676922641,1.4515153169631958
1010.5165343308818,1.457245111465454
1006.6596009694986,1.4646791219711304
1002.8026676081163,1.4698586463928223
998.9457342467331,1.4698281288146973
995.0888008853508,1.4662532806396484
991.2318675239685,1.457149624824524
987.3749341625853,1.4467878341674805
983.518000801203,1.4359387159347534
979.6610674398198,1.4244738817214966
975.8041340784375,1.4109057188034058
971.9472007170552,1.4043165445327759
968.090267355672,1.405976414680481
964.2333339942898,1.4040184020996094
960.3764006329066,1.400913953781128
956.5194672715243,1.4053763151168823
952.662533910142,1.4137895107269287
948.8056005487588,1.4265393018722534
944.9486671873765,1.4435392618179321
941.0917338259933,1.4594660997390747
937.234800464611,1.4644122123718262
933.3778671032287,1.4685055017471313
929.5209337418455,1.4829561710357666
925.6640003804632,1.5044708251953125
921.80706701908,1.5219684839248657
917.9501336576977,1.5357387065887451
914.0932002963154,1.5403327941894531
910.2362669349322,1.5310678482055664
906.37933357355,1.5115406513214111
902.5224002121668,1.4851016998291016
898.6654668507845,1.4554637670516968
894.8085334894022,1.4359242916107178
890.951600128019,1.43293297290802
887.0946667666367,1.4316022396087646
883.2377334052535,1.424514651298523
879.3808000438712,1.4208014011383057
875.5238666824889,1.4211349487304688
871.6669333211057,1.4167861938476562
867.8099999597234,1.4150649309158325
863.9530665983402,1.4225932359695435
860.0961332369579,1.4321162700653076
856.2391998755757,1.4399759769439697
852.3822665141925,1.4491385221481323
848.5253331528102,1.4646073579788208
844.668399791427,1.4868360757827759
840.8114664300447,1.5183128118515015
836.9545330686624,1.559704303741455
833.0975997072792,1.607672929763794
829.2406663458969,1.6657094955444336
825.3837329845137,1.7381553649902344
821.5267996231314,1.8255540132522583
817.6698662617491,1.923465371131897
813.8129329003659,1.9697400331497192
809.9559995389836,1.88365638256073
806.0990661776004,1.7214610576629639
802.2421328162181,1.6051300764083862
798.3851994548359,1.563288688659668
794.5282660934527,1.572246789932251
790.6713327320704,1.5793323516845703
786.8143993706872,1.5440634489059448
782.9574660093049,1.4926176071166992
779.1005326479226,1.4703015089035034
775.2435992865394,1.4803849458694458
771.3866659251571,1.4936991930007935
767.5297325637739,1.4961986541748047
763.6727992023916,1.494153380393982
759.8158658410093,1.4840028285980225
755.9589324796261,1.4759148359298706
752.1019991182438,1.4727363586425781
748.2450657568606,1.4703701734542847
744.3881323954784,1.47017240524292
740.5311990340961,1.4761395454406738
736.6742656727129,1.481140375137329
732.8173323113306,1.48069167137146
728.9603989499474,1.4886277914047241
725.1034655885651,1.5027552843093872
721.2465322271828,1.5179380178451538
717.3895988657996,1.5438462495803833
713.5326655044173,1.5803470611572266
709.6757321430341,1.6268174648284912
705.8187987816518,1.6937732696533203
701.9618654202695,1.759731650352478
698.1049320588863,1.7644168138504028
694.247998697504,1.718880534172058
690.3910653361208,1.6769537925720215
686.5341319747386,1.647656798362732
682.6771986133563,1.6130610704421997
678.8202652519731,1.5903109312057495
674.9633318905908,1.596423625946045
671.1063985292076,1.6099228858947754
667.2494651678253,1.5951015949249268
663.392531806443,1.591204047203064
659.5355984450598,1.600266695022583
655.6786650836775,1.6086840629577637
651.8217317222943,1.6304411888122559
647.964798360912,1.642653226852417
644.1078649995297,1.6409248113632202
640.2509316381465,1.6361169815063477
636.3939982767643,1.6419410705566406
632.537064915381,1.6639798879623413
628.6801315539988,1.675513505935669
624.8231981926165,1.6802029609680176
620.9662648312333,1.6897153854370117
617.109331469851,1.7141813039779663
613.2523981084678,1.7301123142242432
609.3954647470855,1.7440720796585083
605.5385313857032,1.745874047279358
601.68159802432,1.746573805809021
597.8246646629377,1.758873462677002
593.9677313015545,1.7763285636901855
590.1107979401722,1.7925604581832886
586.25386457879,1.8067686557769775
582.3969312174067,1.7974162101745605
578.5399978560245,1.7778462171554565
574.6830644946413,1.7808352708816528
570.826131133259,1.8109345436096191
566.9691977718767,1.7973685264587402
563.1122644104935,1.7655012607574463
559.2553310491112,1.7256120443344116
555.398397687728,1.6830171346664429
551.5414643263457,1.641842246055603
547.6845309649634,1.6136287450790405
543.8275976035802,1.5872308015823364
539.9706642421979,1.5737183094024658
536.1137308808147,1.5610849857330322
532.2567975194324,1.5405778884887695
528.3998641580492,1.5554437637329102
524.542930796667,1.5875123739242554
520.6859974352847,1.5233402252197266
516.8290640739015,1.5307072401046753
512.9721307125192,1.5550177097320557
509.115197351136,1.51673424243927
505.2582639897537,1.416689157485962
501.4013306283714,1.3505884408950806
497.5443972669882,1.325305461883545
493.6874639056059,1.3068115711212158
489.8305305442227,1.26905357837677
485.9735971828404,1.2450453042984009
482.11666382145813,1.2461754083633423
478.25973046007493,1.2352195978164673
474.40279709869264,1.238240361213684
470.54586373730945,1.2426785230636597
466.68893037592716,1.260082483291626
462.83199701454487,1.2655808925628662
458.97506365316167,1.2723652124404907
455.1181302917794,1.2784810066223145
451.2611969303962,1.2889219522476196
447.4042635690139,1.3017951250076294
443.5473302076316,1.3072175979614258
439.6903968462484,1.3285503387451172
435.8334634848661,1.3691715002059937
431.9765301234829,1.395914912223816
428.1195967621006,1.451542854309082
424.26266340071834,1.481853723526001
420.40573003933514,1.4998273849487305
416.54879667795285,1.4953166246414185
412.69186331656965,1.4913784265518188
408.83492995518736,1.5887953042984009
404.9779965938051,1.6960636377334595
401.1210632324219,1.7250468730926514
