CombID,UniqueID,PrelimID,Date,Transect,Plot,Easting,Northing,Height,RHeight,RTHeight,TWI,TPI,Slope,planCurv,proCurv,NDVI,VH,VV,Wet,Inun,UDepth,LDepth,Description,CoreVol,CoreMass,MoisFF,Moisture,Sand,Silt,Clay,MSand,MSilt,MClay,Texture,pHw,pHc,EC,CEC,AvailP,ExCa,ExMg,ExNa,ExK,Al,As,B,Ca,Cd,Co,Cr,Cu,Fe,K,Mg,Mn,Mo,Na,Ni,P,Pb,S,Sb,Se,Zn,Fizz,ADMoisture,MoisFAD,TotOC,TotN,d13C,d15N,MTOC,POC,HOC,ROC,DOC,DTN,NO3,NH4,FAA,WHC,Proteolysis,AAMin_k1,AAMin_k2,AAMin_a,AAMin_b,DON,MBC,MBN,MicY,CN,MicCN,Vuln,BD0_30,bdm,NDVI_mean,NDVI_sem,VH_mean,VH_sem,VV_mean,VV_sem,Wet_mean,Wet_sem,Moisture_mean,Moisture_sem,pHw_mean,pHw_sem,pHc_mean,pHc_sem,EC_mean,EC_sem,AvailP_mean,AvailP_sem,TotOC_mean,TotOC_sem,TotN_mean,TotN_sem,d13C_mean,d13C_sem,d15N_mean,d15N_sem,MTOC_mean,MTOC_sem,POC_mean,POC_sem,HOC_mean,HOC_sem,ROC_mean,ROC_sem,DOC_mean,DOC_sem,DTN_mean,DTN_sem,NO3_mean,NO3_sem,NH4_mean,NH4_sem,FAA_mean,FAA_sem,Proteolysis_mean,Proteolysis_sem,AAMin_k1_mean,AAMin_k1_sem,AAMin_k2_mean,AAMin_k2_sem,AAMin_a_mean,AAMin_a_sem,AAMin_b_mean,AAMin_b_sem,DON_mean,DON_sem,MBC_mean,MBC_sem,MBN_mean,MBN_sem,MicY_mean,MicY_sem,CN_mean,CN_sem,MicCN_mean,MicCN_sem,Vuln_mean,Vuln_sem
FCNSW_001_2019-03-26_T0_P1,FCNSW_001,FC NSW 1001,26/3/19,0,1,144.425419,-35.73389,80.57,4.41,0.300003,6.71210527,-0.004798889,1.554801583,0.826143622,0.00289604,0.22334455,-20.61222839,-14.67632008,0.455464363,n,0,30,"Few mature RRG, many samplings, some copiced; distrurbed area; 95% litter cover, grey vertosol",2829,3830,1.109,0.109,17,25,58,31,28,42,Clay,6.31,5.3,0.1482,27.81,7.79813,2492.6,1600.62,442.9,506.76,44702,0,10.3,2193.9,0,21.63,45.32,21.63,38625,5067.6,4243.6,796.19,0,594.31,27.81,201.88,21.63,124.63,0,0,60.77,n,0.031,1.03,11.3609,1.1124,-31.86,3.64,16.32114993,2.617246843,8.350857607,3.615036486,128.38,23.32,6.594,5.871,1.687,0.63,6.5817,0.1327,0.001,28.851,72.512,10.855,772.1777778,47.18,0.715369514,10.21296296,16.3666337,0.218725556,1.206267232,0.109,0.247342637,0.024343384,-20.46867867,0.506953182,-13.82505379,0.365664657,0.412374079,0.023129214,0.1316,0.010375934,6.436,0.112098171,5.292,0.046626173,0.1666,0.006328349,11.3042496,1.123204401,18.029044,2.93891635,1.452908,0.12952041,-24.414,2.53944994,3.172,0.151505775,24.70197762,2.640536283,4.771168062,0.66234092,11.52230661,1.046384813,5.184780305,0.56026297,121.616,13.99997629,31.636,5.801187465,13.3124,2.55614721,6.3968,1.109531315,1.3388,0.186568057,6.6685982,0.723300587,0.1223,0.004866313,8.80E-04,7.35E-05,30.4428,0.875669424,70.67368,0.839539594,11.9268,3.401125687,499.96,83.28440264,28.36,7.760280923,0.698947007,0.008534159,12.22544074,1.318905344,21.75717283,4.610456045,0.280470289,0.016335577
FCNSW_002_2019-03-26_T0_P2,FCNSW_002,FC NSW 1002,26/3/19,0,2,144.425642,-35.734851,80.779999,4.62,0.510002,7.05519724,0.040008545,0.70707798,0.471404523,0.009998843,0.233193278,-21.22720528,-14.93515873,0.438273758,n,0,30,"Sparse mature and juvenile RRG, coverage 10%; disturbed area; 50% litter cover",2829,3700,1.069,0.069,35,26,39,43,29,28,Silty clay loam,5.85,4.61,0.076,17.34,12.68268,1260.72,862.92,226.44,295.8,31008,0,0,1244.4,0,13.26,37.74,17.34,29274,4131,2713.2,810.9,0,267.24,20.4,294.78,18.36,134.64,0,0,52.02,n,0.02,1.02,18.5844,1.2342,-29.14,5.05,15.44804588,2.395522793,8.47824328,3.536093227,117.2,22.3,11.121,6.281,1.364,0.567,4.71648,0.1116,9.00E-04,29.344,71.3591,4.898,224.2666667,20.82,0.708608772,15.05785124,10.77169388,0.199388688,1.217638742,0.069,0.265036038,0.031771005,-20.49866524,0.644754645,-13.76131039,0.717371384,0.410251176,0.031766933,0.1058,0.01287012,6.132,0.106695829,4.746,0.048228622,0.08574,0.008050938,15.0649994,1.743925094,15.565098,2.588485744,1.283768,0.117073288,-27.494,1.314448934,4.302,0.454394102,18.82514314,1.707107085,3.151002905,0.408452733,9.932806514,0.599492965,4.089333446,0.394776363,93.916,7.13551722,23.804,5.251123308,12.4324,2.756891884,6.2034,1.861920503,1.3586,0.169775028,5.6288566,0.840182133,0.11798,0.009905524,8.80E-04,4.90E-05,28.9014,0.561573468,71.92956,0.495036147,5.1682,1.395379031,270.4266667,30.45162477,15.984,4.849216019,0.713382354,0.005362092,11.9060189,1.235710928,25.82512726,8.407748952,0.222067827,0.014975189
FCNSW_003_2019-03-26_T0_P3,FCNSW_003,FC NSW 1003,26/3/19,0,3,144.425268,-35.73518,80.739998,4.57999,0.470001,5.73089361,0.0625,2.748800039,-0.128364027,0.005745502,0.2588076,-19.21430779,-12.32167244,0.494540811,n,0,30,"Mature RRG, some juveniles, juncus, 90% litter",2829,3340,1.085,0.085,25,31,43,36,35,29,Silty clay,6.06,4.86,0.0908,20.4,10.87014,1458.6,971.04,269.28,385.56,34986,0,0,1611.6,0,21.42,39.78,20.4,35190,4967.4,3406.8,1448.4,0,359.04,24.48,300.9,19.38,123.42,0,0,57.12,n,0.023,1.02,15.0246,1.1628,-23.55,3.95,17.72720614,2.534556587,8.978239964,4.788105212,94.16,24.93,12.825,8.751,1.52,0.624,5.41212,0.0963,9.00E-04,32.725,68.435,3.354,337.8444444,16.1,0.67650257,12.92105263,20.98412698,0.184112526,1.080275716,0.085,0.295489034,0.038997588,-19.22793274,0.461996452,-12.6225565,0.488240325,0.450096911,0.026619052,0.112,0.008792042,6.222,0.10480458,4.854,0.027676705,0.10566,0.004908319,15.1350302,1.196846335,17.355528,1.114995034,1.48212,0.105510018,-26.432,1.336306103,3.81,0.125538839,26.88916736,2.385764411,4.72432221,0.639786213,12.7072944,0.96349541,6.535141462,0.467168678,92.686,5.256012367,21.31,3.60619883,11.3276,1.451461698,5.8632,0.981612469,1.3806,0.144776241,5.978522,0.899616302,0.12792,0.013919641,9.80E-04,3.74E-05,30.4726,0.9476315,70.61314,0.89545264,4.1192,1.593601876,350.4044444,13.80337838,18.94,1.873552775,0.698566703,0.009210976,11.75728533,0.3191068,18.97416353,1.266650343,0.241301945,0.020843865
FCNSW_004_2019-03-26_T0_P4,FCNSW_004,FC NSW 1004,26/3/19,0,4,144.425377,-35.735393,80.269997,4.10999,0,6.21222591,0.040000916,1.699662209,-0.755148768,-4.97E-04,0.26001513,-18.35289383,-12.24174213,0.518620133,n,0,30,"Young RRG ~5m height, 5% juncus, 10% canopy, 90% litter",2829,3240,1.037,0.037,63,21,16,63,24,14,Loam,5.44,4.43,0.0644,9.09,14.08849,743.36,413.09,115.14,165.64,14443,0,0,707,0,0,20.2,0,12524,2383.6,1403.9,181.8,0,106.05,0,189.88,10.1,125.24,0,0,27.27,n,0.011,1.01,19.3112,1.1514,-30.91,3.39,15.81753454,3.587459281,7.629279866,3.300175966,76.87,13.09,4.945,2.875,0.988,0.445,4.37431,0.0991,9.00E-04,31.642,69.3009,5.27,260.1555556,7.92,0.686535655,16.77192982,32.84792368,0.328237685,1.10290562,0.037,0.272855404,0.026058108,-18.78679581,0.284719741,-12.30405254,0.296530338,0.463288623,0.026847548,0.066,0.010285913,5.704,0.112898184,4.51,0.023452079,0.06552,0.002319138,14.0126738,0.654318245,17.96828,1.949179944,1.163662,0.05944954,-25.72,1.473594245,3.08,0.38277931,18.16544396,1.103820706,4.405198433,0.415475704,8.662000181,0.437469121,3.592634411,0.187562304,83.572,9.788191559,17.194,1.786041993,7.8436,1.164005782,3.2444,0.55469168,1.201,0.175352787,5.22738,0.48663124,0.10642,0.00581682,8.60E-04,2.45E-05,30.6152,0.624062609,70.28072,0.528933704,6.106,0.632749793,290.8133333,42.40142009,14.648,2.825403334,0.696589087,0.005903332,15.52753988,1.604043652,23.87877776,6.322297692,0.357532283,0.021962184
FCNSW_005_2019-03-26_T1_P1,FCNSW_005,FC NSW 1011,26/3/19,1,1,144.417459,-35.745008,81.370003,5.21,1.810005,5.40099144,0.101257324,0.687176883,1.027360559,0.01627399,0.338012546,-19.12982559,-12.73651791,0.496902347,n,0,30,"Mature grey box, 30% canopy; 5% bluebush; 2% moss; 60% litter",2829,3560,1.065,0.065,58,24,18,54,26,20,Loam,8.34,7.35,0.2252,19.38,41.50584,2160.36,848.64,180.54,569.16,29580,0,18.36,14790,0,11.22,30.6,24.48,25194,6732,5977.2,1468.8,0,333.54,25.5,1050.6,13.26,174.42,0,0,69.36,y,0.02,1.02,19.0638,1.53,-25.25,5.12,25.62706371,4.456327153,14.23593125,7.608379839,205.78,28.25,14.201,2.058,0.659,0.542,5.07246,0.1137,0.0014,26.323,73.2772,11.991,343.8,20.84,0.735713382,12.46,16.49712092,0.204004014,1.176599505,0.065,0.316851827,0.029054997,-18.63862991,0.148025443,-12.24997425,0.265257561,0.467584574,0.028595385,0.096,0.010986355,8.604,0.077369245,7.646,0.076197113,0.23014,0.007035169,41.6226556,2.427282486,16.438732,1.192711317,1.31886,0.092874806,-24.814,0.15038617,4.752,0.150777982,24.8830709,0.95745679,4.640403196,0.315920225,14.54202236,0.64696014,7.249167893,0.338646838,148.12,15.82866924,22,2.791605273,10.4324,2.428506179,1.9276,0.831010626,0.8818,0.120715119,6.2590092,1.016339606,0.11564,0.003615467,0.0014,0,25.108,0.699306943,74.60424,0.664083391,9.64,1.866911808,364.4,21.36520998,23.312,3.673203506,0.748206277,0.006907511,12.53042424,0.727710862,16.84768409,2.049349599,0.212660077,0.010660162
FCNSW_006_2019-03-26_T1_P2,FCNSW_006,FC NSW 1012,26/3/19,1,2,144.417561,-35.745289,80.519997,4.35999,0.959999,5.79950857,-0.011253357,2.007002115,0.251950651,0.002717752,0.243641719,-18.76263237,-13.29092598,0.507166624,n,0,30,"Mature RRG, 10% cover; 1% small saplings; 75% litter cover",2829,3790,1.102,0.102,29,22,49,36,29,35,Clay,5.99,4.93,0.1188,23.46,8.8485,1764.6,1400.46,352.92,524.28,38658,0,0,1621.8,0,20.4,41.82,20.4,33150,5038.8,3651.6,1203.6,0,424.32,26.52,223.38,22.44,123.42,0,0,60.18,n,0.023,1.02,19.2372,1.1322,-26.45,3.91,15.37254931,2.738660388,8.305689735,3.07034116,84.18,20.12,12.21,4.961,0.933,0.661,3.98208,0.1165,8.00E-04,31.704,69.5859,2.949,329.9111111,15,0.68699742,16.99099099,21.99407407,0.240739535,1.203047013,0.102,0.254930785,0.013562363,-18.53426628,0.097457465,-12.39680824,0.293183472,0.470690358,0.028916044,0.1254,0.012077251,6.124,0.117584013,4.87,0.03391165,0.12882,0.005440809,10.6642296,0.83657262,17.04921,1.846301601,1.332226,0.159095076,-24.58,0.929510624,3.792,0.271742525,20.46196726,1.910905867,3.491293981,0.431624986,10.38127173,0.764291514,4.351242368,0.422198479,86.828,3.457879986,23.56,1.888716495,15.4328,0.86449022,4.2556,0.405438725,1.0448,0.077050892,5.4501648,1.286390225,0.11776,0.005032653,8.40E-04,5.10E-05,30.589,0.756055223,70.45264,0.655628406,4.216,1.252448282,337.7822222,31.56904046,15.328,2.15993148,0.69729215,0.007179057,13.19821871,1.724860048,23.52756881,3.831928398,0.234696551,0.012075013
FCNSW_007_2019-03-26_T1_P3,FCNSW_007,FC NSW 1013,26/3/19,1,3,144.417647,-35.745413,80.190002,4.03,0.630005,5.52647734,-0.041252136,4.844833851,0.027444854,-0.002432437,0.231274635,-18.93504143,-13.30503273,0.502347231,m,0,30,"Mature RRG, 10% cover; Juvenile RRG 1%; Juncus 1%; Chenopod 1%; Litter 60%",2829,3840,1.087,0.087,39,24,38,43,27,30,Clay loam,5.6,4.61,0.1086,20.4,11.22714,1487.16,987.36,224.4,344.76,28356,0,0,1846.2,0,12.24,33.66,16.32,25908,3845.4,2346,563.04,0,282.54,17.34,251.94,18.36,186.66,0,0,47.94,n,0.019,1.02,24.0822,1.2036,-27.48,2.8,25.23859709,4.325084536,11.8546038,6.185802409,103.44,23.41,17.278,4.789,1.128,0.542,4.53288,0.0978,9.00E-04,31.431,69.4849,1.343,234.4888889,11.18,0.688542638,20.00847458,20.97396144,0.239744299,1.239278897,0.087,0.269871882,0.019105547,-18.52545815,0.136428754,-12.41567173,0.309876948,0.47058124,0.030164327,0.1042,0.0128,5.942,0.122163824,4.7,0.029664794,0.1025,0.00479604,13.7109242,0.794866795,20.726742,2.332536769,1.285534,0.041856572,-25.994,1.580682131,2.72,0.342520072,25.42200998,0.847750691,4.644852437,0.228798806,11.89948551,0.450687345,6.056296005,0.346943467,81.11,8.889317747,22.026,0.993099189,15.5638,1.935914394,3.7196,0.622329704,0.953,0.049754397,4.4367924,0.515195164,0.117,0.010795786,9.20E-04,5.83E-05,31.073,0.702882138,69.90684,0.61248096,3.1214,1.261057437,277.9333333,13.5686203,14.892,1.154306718,0.692309171,0.006681885,16.32678183,2.131533153,18.90728595,0.917656688,0.259857096,0.014442711
FCNSW_008_2019-03-26_T1_P4,FCNSW_008,FC NSW 1014,26/3/19,1,4,144.417776,-35.745531,79.559998,3.39999,0,5.54051876,-0.140914917,2.687362432,-0.272436529,-0.017103843,0.255311728,-18.23065758,-13.34630299,0.522037029,y,0,30,"Mature RRG <10%; Juncus 5%, lots of dead wood; 50% litter",2829,3740,1.048,0.048,55,23,23,58,23,19,Loam,5.72,4.72,0.0747,9.999,13.48047,888.8,516.11,137.36,206.04,16059,0,0,854.46,0,0,22.22,0,12827,2575.5,1454.4,213.11,0,145.44,10.1,169.68,12.12,114.13,0,0,30.3,n,0.012,1.01,11.9988,1.1009,-27.63,3.3,15.1239071,3.388647446,6.985789221,3.118590626,62.18,16.83,13.413,3.622,0.779,0.416,3.83295,0.115,9.00E-04,29.53,71.1897,0,245.2888889,8.86,0.706810088,10.89908257,27.68497617,0.335364218,1.258564864,0.048,0.293086869,0.013669196,-18.32352867,0.143967044,-12.50594864,0.352679877,0.475919199,0.0324691,0.1178,0.038935074,6.294,0.237035862,4.998,0.113154761,0.0614,0.007279904,17.4648202,1.77097101,11.134412,0.946486855,1.044282,0.106090109,-24.56,2.609064328,3.79,0.306952765,14.06729197,0.958928425,2.947124563,0.310817133,7.011025486,0.314727221,2.948292922,0.185070731,52.278,6.703968526,10.824,2.412431553,6.9044,3.160042604,1.945,0.711995927,0.7338,0.105423622,3.6448218,0.312708914,0.13854,0.016061058,8.60E-04,5.10E-05,31.4942,1.610053831,69.67346,1.404384595,2.2276,1.107256321,210.6133334,20.68723302,11.548,1.57634514,0.68881804,0.015239429,10.75577762,0.33003946,19.36386073,2.770862753,0.293276119,0.020409055
FCNSW_009_2019-03-27_T2_P1,FCNSW_009,FC NSW 1021,27/3/19,2,1,144.382395,-35.780812,81.239998,5.07999,1.220001,7.23809719,0.17250061,1.16666162,0.571407795,-0.003333365,0.250952989,-18.94776344,-13.32353306,0.50199157,n,0,30,"Recently thinned RRG, some coppiced, some dead RRG ~20m, RRG cover ~15%; litter 40%",2829,3430,1.123,0.123,17,26,57,28,31,42,Silty clay,5.26,4.2,0.1498,25.75,10.84693,1522.34,1371.96,344.02,354.32,45732,0,0,1380.2,0,14.42,51.5,18.54,41715,4099.4,3059.1,625.21,0,428.48,25.75,225.57,20.6,182.31,0,0,56.65,n,0.031,1.03,11.5566,1.1536,-26.43,3.82,19.98899549,3.451237937,10.25113797,4.093408607,114.26,15.43,5.025,3.894,0.991,0.652,4.39913,0.0786,7.00E-04,32.314,68.7586,6.511,238.0666667,9.06,0.680289218,10.01785714,26.27667403,0.240595819,1.063312124,0.123,0.218820846,0.031265878,-18.97433014,0.194461859,-13.11882171,0.167516764,0.455937398,0.034007593,0.1502,0.010551777,5.542,0.13606616,4.32,0.036469165,0.1477,0.011634131,8.0260616,0.932904474,15.319406,1.588211762,1.18039,0.051097575,-25.766,0.665707143,3.942,0.366406878,20.94539234,0.63640551,3.206672651,0.26018819,10.87697009,0.297412797,4.682364072,0.215269348,117.202,7.673595898,17.064,1.553314521,6.2594,0.827334672,5.2078,1.056603019,1.6054,0.294653118,5.2748842,0.527240918,0.08066,0.003695619,7.00E-04,3.16E-05,32.7766,1.229444452,68.30098,1.038840226,5.6466,1.574091408,233.9822222,3.935827202,12.844,3.004785516,0.675815525,0.011547513,12.90670592,1.02851064,21.6301142,3.751446475,0.20637162,0.016709733
FCNSW_010_2019-03-27_T2_P2,FCNSW_010,FC NSW 1022,27/3/19,2,2,144.383235,-35.780596,80.730003,4.57,0.710007,5.86268425,0.058128357,1.740020871,-0.196182489,-0.002138764,0.244531512,-18.92961693,-13.51634502,0.502498865,n,0,30,"Very disturbed site, RRG 5% coppiced / thinned, few chenopods",2829,4030,1.11,0.11,16,40,44,25,35,41,Silty clay,5.04,3.88,0.0581,20.6,11.82646,824,891.98,189.52,238.96,27707,0,0,744.69,0,17.51,40.17,15.45,35329,2873.7,2060,1143.3,0,173.04,18.54,369.77,21.63,130.81,0,0,53.56,n,0.025,1.03,13.2252,1.3081,-21.36,3.01,20.29704173,2.687585436,9.832092435,4.909822058,77.18,13.69,6.436,2.926,0.777,0.65,4.69268,0.0732,6.00E-04,33.834,67.32,4.328,239.8888889,7.8,0.6655199,10.11023622,30.75498575,0.182309119,1.267833157,0.11,0.210603689,0.03366988,-18.82141075,0.174219817,-13.01610527,0.261978239,0.461027449,0.031633709,0.159,0.017099708,5.344,0.143268978,3.954,0.022494444,0.06104,0.002110829,11.3010446,0.421945295,12.739348,0.734884351,1.086596,0.14074666,-24.872,1.089391573,3.018,0.432543639,20.50728715,0.653620058,2.5022819,0.237403279,10.22445314,0.283007613,5.21914314,0.255984607,80.43,6.100281141,13.514,0.332243886,6.2854,0.82431181,2.3874,0.379633718,1.0022,0.109063926,4.4448998,0.390867676,0.0784,0.002944147,5.80E-04,2.00E-05,34.2326,0.618437596,66.989,0.541191403,4.8412,1.11014636,233.8577778,16.54972097,10.836,2.314911661,0.661823345,0.005849152,12.630564,1.778848754,25.93621959,5.205580097,0.161950124,0.013944484
FCNSW_011_2019-03-27_T2_P3,FCNSW_011,FC NSW 1023,27/3/19,2,3,144.384195,-35.780728,80.694283,4.53428,0.674286,6.10975552,-0.022270203,0.474723637,0.142543212,-0.011416793,0.30609268,-18.11599541,-12.10103321,0.525242209,m,0,30,Mainly young RRG 30%; many branches; sedges 5%; Themeda; Litter 90%,2829,3140,1.111,0.111,18,46,36,25,39,35,Silty clay loam,5.22,4.11,0.0564,15.3,11.07924,834.36,819.06,165.24,263.16,29478,0,0,826.2,0,17.34,41.82,13.26,34476,3672,2335.8,1275,0,165.24,19.38,393.72,17.34,137.7,0,0,51,n,0.024,1.02,22.287,1.224,-22.23,2.59,22.64192498,3.485742065,11.00619949,5.337778049,92.4,11.18,3.833,1.187,1.194,0.686,5.91498,0.0924,8.00E-04,32.453,68.5814,6.16,354.2888889,12.6,0.67879257,18.20833333,28.11816578,0.213273792,0.986730293,0.111,0.299549338,0.024514312,-17.84553795,0.258082502,-11.93815689,0.3927889,0.490692097,0.031778034,0.1514,0.014108862,5.448,0.151769562,4.21,0.041352146,0.07192,0.00702178,13.6861436,0.723451165,16.12555,1.796293175,1.32287,0.083705672,-26.026,1.132314444,3.412,0.390927103,24.31613178,0.534270494,3.659944665,0.216068143,11.80981718,0.249369283,5.922318657,0.2254568,102.924,9.306371258,12.99,1.754642414,5.0784,0.743744217,1.5418,0.488762048,1.5846,0.249555525,5.964901,0.568835628,0.10452,0.004837086,7.60E-04,2.45E-05,32.1702,0.560498118,68.9963,0.468840971,6.3698,1.004201295,310.2088889,21.36103133,16.236,3.186856759,0.682026859,0.00524853,12.30144314,1.512493314,21.0303145,2.745991418,0.206738042,0.012195617
FCNSW_012_2019-03-27_T2_P4,FCNSW_012,FC NSW 1024,27/3/19,2,4,144.384389,-35.780678,80.019997,3.85999,0,5.48051739,-0.021560669,4.549061775,-0.257610708,-0.013795063,0.30609268,-18.11599541,-12.10103321,0.525242209,y,0,30,Mature RRG + saplings 30%; Juncus 10%; Litter 70%,2829,3430,1.076,0.076,22,47,31,31,39,31,Silty clay loam,5.4,4.13,0.0316,13.26,12.66636,799.68,705.84,146.88,161.16,23868,0,0,773.16,0,0,36.72,12.24,26622,2835.6,1825.8,616.08,0,133.62,15.3,338.64,17.34,75.48,0,0,42.84,n,0.019,1.02,8.5986,0.9384,-26.05,3.41,11.0748984,1.469224139,5.713346294,2.741869941,50.14,5.51,1.236,0.575,0.597,0.588,5.64366,0.0957,8.00E-04,30.669,70.3158,3.699,139.2888889,7.28,0.696300829,9.163043478,19.13308913,0.173765413,1.120296925,0.076,0.299549338,0.024514312,-17.84553795,0.258082502,-11.93815689,0.3927889,0.490692097,0.031778034,0.1756,0.057061896,5.818,0.189007936,4.324,0.095005263,0.04106,0.005093388,16.0579246,1.243856551,11.710542,1.213768588,1.04932,0.057940105,-24.57,1.942364538,3.918,0.272312321,14.01196083,0.88293526,2.052993564,0.162962355,7.036045459,0.376100209,3.413385003,0.235277933,64.54,5.417081317,6.668,0.770820342,0.8268,0.46313037,0.9226,0.457876686,1.0994,0.188255305,4.2574682,0.609093488,0.10626,0.005517391,7.60E-04,2.45E-05,32.2458,1.018857075,68.99812,0.826233465,4.9186,0.955463741,193.36,23.31005547,14.492,3.393379436,0.68157578,0.009430726,11.20520554,1.190077662,15.3584789,2.844638422,0.195440729,0.005879549
FCNSW_013_2019-03-25_T3_P1,FCNSW_013,FC NSW 1031,25/3/19,3,1,144.42359,-35.862426,82.900002,6.74,0,8.41408253,-0.022506714,0.333277375,-2.000254393,-8.48E-07,0.357142866,-16.90939331,-11.51011944,0.55897069,n,0,30,"Red gum, Black box, juncus",2829,3400,1.09,0.09,25,41,34,30,40,30,Silty clay loam,5.41,4.24,0.0607,15.3,8.42316,732.36,810.9,179.52,265.2,27234,0,0,791.52,0,20.4,39.78,15.3,33354,3712.8,2325.6,1387.2,0,204,21.42,288.66,16.32,102,0,0,51,n,0.019,1.02,17.5338,1.0098,-29.84,4.64,16.16503865,2.673756464,8.288995113,3.869654663,100.06,12.99,1.359,3.038,1.762,0.531,4.39314,0.0883,7.00E-04,30.801,70.033,8.593,213.4888889,6.98,0.694537557,17.36363636,30.5858007,0.219905706,1.093672676,0.09,0.341850931,0.026741349,-17.29855385,0.165989841,-11.63240585,0.121685504,0.509631425,0.027152963,0.122,0.0140748,5.746,0.14239382,4.36,0.034785054,0.06764,0.002723711,10.3721996,0.721877772,19.430124,1.437192918,1.167588,0.082214071,-27.92,0.81316665,3.428,0.34230688,20.25812122,1.136751066,3.851226616,0.338783388,9.794229701,0.42148804,4.461025791,0.173725828,122.158,12.93289078,12.922,1.038876316,1.0472,0.195673299,1.9086,0.3174356,2.4058,0.329920051,5.6665216,0.79038077,0.10728,0.007735916,6.80E-04,1.02E-04,30.461,0.835927389,70.39124,0.701015204,9.9662,1.160209438,303.6844444,34.4932145,19.388,4.708879272,0.698006552,0.007873528,17.05136077,1.783410386,18.5778678,3.323164526,0.268207681,0.015104331
FCNSW_014_2019-03-25_T3_P2,FCNSW_014,FC NSW 1032,25/3/19,3,2,144.424764,-35.862395,82.980003,6.82,0.080002,6.81765938,-0.068756104,1.581074476,-0.091420814,-0.007442566,0.351129353,-17.4425106,-11.66532421,0.544068336,n,0,30,"Red gum, grey box, juncus, ""cherry berry""",2829,3360,1.097,0.097,23,41,36,30,39,30,Silty clay loam,5.72,4.52,0.068,16.32,9.83076,938.4,947.58,240.72,348.84,30600,0,0,895.56,0,15.3,40.8,15.3,31518,4212.6,2560.2,1081.2,0,294.78,20.4,245.82,17.34,110.16,0,0,53.04,n,0.021,1.02,13.3926,1.122,-26.55,3.67,15.11642972,2.354639187,7.560880602,3.851475366,101.53,13.42,4.104,3.979,1.321,0.603,4.21668,0.0885,8.00E-04,34.016,67.1385,5.337,162.9555556,6.16,0.663722326,11.93636364,26.45382395,0.206323672,1.072492047,0.097,0.337969199,0.036287648,-17.29325981,0.265256729,-11.25599556,0.252968272,0.511255604,0.023158445,0.1398,0.017176728,5.83,0.150930448,4.438,0.025179357,0.07732,0.003702891,13.225799,1.039500103,18.57334,3.217606003,1.2406,0.057488215,-26.472,0.879035835,3.488,0.133544,20.07818007,1.382302674,3.245073095,0.306276048,9.712142694,0.57068352,4.944293954,0.307307115,98.982,4.562222485,11.33,1.592990898,1.222,0.759803988,2.3182,1.031654613,1.6402,0.16670105,4.9458084,0.700910164,0.09676,0.004453156,8.60E-04,2.45E-05,31.3628,0.918397267,69.55348,0.789557034,7.7898,1.053667281,238.4444445,33.44013483,16.596,3.444249701,0.689264389,0.008701216,14.81568513,2.331216912,16.73508651,3.246455722,0.219957885,0.01018271
FCNSW_015_2019-03-25_T3_P3,FCNSW_015,FC NSW 1033,25/3/19,3,3,144.42555,-35.86226,83.300003,7.14,0.400002,6.60462236,-0.00868988,1.24843967,0.464881808,0.012341132,0.366065472,-16.95499229,-11.53086758,0.557696044,n,0,30,"Grey box, sparse juncus, last logged >10 years ago",2829,3200,1.092,0.092,20,51,29,25,43,32,Silty clay loam,5.27,4.18,0.0653,13.26,10.41828,709.92,688.5,167.28,234.6,26724,0,0,729.3,0,18.36,40.8,13.26,31620,3906.6,2397,1183.2,0,198.9,19.38,295.8,16.32,121.38,0,0,52.02,n,0.019,1.02,18.5742,1.275,-30.51,4,18.1325338,3.26636083,8.579364671,3.887538456,148.71,9.05,1.148,0.744,1.51,0.601,5.5131,0.0793,9.00E-04,33.155,67.8751,7.158,64.04444444,9.02,0.671830474,14.568,7.100271003,0.262002584,1.027076706,0.092,0.324883738,0.046581596,-17.14823341,0.13904189,-11.18837166,0.107284409,0.51331389,0.02998227,0.1392,0.019696193,5.542,0.128078101,4.292,0.036796739,0.08094,0.00405618,14.9774258,1.238263189,18.324452,1.831264505,1.411006,0.08352808,-27.692,0.966133531,3.76,0.109041277,21.45266485,1.807311883,4.207531375,0.453607973,9.992380338,0.694002363,4.545009371,0.384854372,122.348,13.54746707,11.478,0.917749421,0.6972,0.146635398,1.1956,0.360876932,2.2452,0.653213778,5.7895148,0.529609757,0.09432,0.004467035,8.60E-04,4.00E-05,31.6224,1.19749633,69.33992,1.058122315,9.5852,1.102804126,184.48,38.44817746,13.784,2.172964795,0.686853349,0.01144512,13.13020136,1.474332349,14.55215149,4.008435277,0.286556063,0.009896471
FCNSW_016_2019-03-25_T3_P4,FCNSW_016,FC NSW 1034,25/3/19,3,4,144.42597,-35.862151,83.5,7.34,0.599998,5.88073301,0.079368591,0.689953506,-1.712836146,0.005568054,0.399644762,-16.966362,-11.61480141,0.557378232,n,0,30,"Very mature red gum, cherry bush",2829,2840,1.097,0.097,15,59,26,25,45,30,Silty clay loam,5.62,4.69,0.0651,14.28,14.32794,1105.68,772.14,148.92,318.24,24990,0,0,1193.4,0,0,37.74,12.24,21216,3845.4,2550,480.42,0,161.16,18.36,271.32,16.32,128.52,0,0,47.94,n,0.018,1.02,14.5758,1.4382,-27.39,3.75,19.20181571,4.16121079,8.968528907,4.308584412,114.06,13.15,3.836,1.825,1.338,0.715,6.05064,0.1073,0.001,30.521,70.2519,7.489,232.1111111,15.22,0.697130875,10.13475177,15.25040152,0.313412313,0.906511135,0.097,0.353149051,0.042875844,-16.99498672,0.214682436,-11.17273502,0.187119216,0.5179425,0.028761418,0.1432,0.01690976,5.978,0.173879268,4.838,0.05598214,0.07916,0.007629718,16.4668522,1.069517358,18.48503,2.090330014,1.59713,0.065025136,-26.012,1.680846215,3.722,0.077807455,22.48123394,0.964779016,4.93663311,0.237309026,10.24283371,0.374467961,5.01084508,0.275128843,108.382,6.890341356,12.324,1.253349911,1.3614,0.648007377,1.617,0.345186616,1.7794,0.160752481,6.2790312,0.652136265,0.14844,0.011408926,0.00104,2.45E-05,29.2664,0.535148353,71.60152,0.481959359,9.3456,1.289120188,276.1422222,15.84724707,31.332,8.774101891,0.709865793,0.005139619,11.48663621,0.943957166,11.39185537,2.354211392,0.323619915,0.008374385
FCNSW_017_2019-03-27_T4_P1,FCNSW_017,FC NSW 1041,27/3/19,4,1,144.34441,-35.74825,80.510002,4.35,1.200005,5.51209164,0.236251831,2.315444231,0.175042644,-7.19E-04,0.296137333,-18.70361137,-13.6072979,0.508816421,n,0,30,"Mature RRG + saplings, Juncus, litter 75%",2829,3480,1.109,0.109,21,33,46,31,28,41,Silty clay,5.21,4.52,0.2586,22.66,8.59741,1656.24,1269.99,317.24,381.1,45938,0,0,1709.8,0,22.66,51.5,21.63,43672,4593.8,3100.3,1462.6,0,487.19,27.81,402.73,22.66,150.38,0,0,59.74,n,0.03,1.03,15.2337,1.3905,-23.83,4.51,24.61616992,3.428359134,12.41105201,6.381328301,141.9,23.68,8.817,7.296,1.033,0.694,6.94941,0.0729,8.00E-04,35.466,65.6511,7.567,117.9111111,2.78,0.649258137,10.95555556,42.41406875,0.182433469,1.096033934,0.109,0.277212965,0.049454111,-18.7663414,0.315211347,-13.03048382,0.414968246,0.464300984,0.026748833,0.1444,0.010731263,5.59,0.135351395,4.63,0.028284271,0.24768,0.019679619,10.2604044,0.716028406,14.989494,1.6284096,1.428382,0.140021158,-23.248,0.640737076,4.598,0.170862518,27.92973672,1.596608761,4.123716082,0.298480914,13.62001691,0.587823076,6.851874127,0.507437086,143.24,4.260045774,23.852,1.035071978,5.9442,1.213036908,8.0064,1.020989402,1.3656,0.218602973,7.337922,1.157168093,0.08976,0.011234972,8.80E-04,5.83E-05,34.0808,0.846238702,67.12866,0.830662732,9.9014,1.784047382,176.9911111,31.36634715,10.364,3.634855706,0.663270419,0.008295441,10.43682818,0.253575404,22.68332914,5.492651716,0.200899631,0.007559391
FCNSW_018_2019-03-27_T4_P2,FCNSW_018,FC NSW 1042,27/3/19,4,2,144.34441,-35.74903,79.57,3.41,0.260002,6.6422267,-0.118591309,1.536560416,-1.559445858,-0.026031157,0.354838699,-17.45869637,-12.04752541,0.543615878,n,0,30,"Mix mature and juv RRG 30%, 1% juncus, pig disturbance",2829,3430,1.12,0.12,23,25,52,34,30,36,Clay,5.2,4.27,0.0752,21.42,13.57416,1495.32,989.4,181.56,324.36,28662,0,0,1509.6,0,0,38.76,15.3,21216,2988.6,2152.2,549.78,0,159.12,16.32,285.6,19.38,256.02,0,0,51,n,0.024,1.02,25.6734,1.6728,-24.87,3.31,22.69467777,4.156871341,10.76593627,5.211968338,97.36,14.52,9.562,2.337,0.947,0.631,5.91906,0.0864,0.001,30.263,70.7067,2.621,247.3111111,11.48,0.70027642,15.34756098,21.54277971,0.260163735,1.066949452,0.12,0.336617917,0.027948142,-17.95457764,0.17522085,-12.34445877,0.19806444,0.488372392,0.030272397,0.16,0.011979149,5.496,0.124040316,4.4,0.035071356,0.08486,0.004471756,17.6343704,1.498910594,19.8484725,2.636522781,1.410485,0.114406986,-24.612,1.888683139,2.518,0.647660405,25.49050874,1.983367994,4.801369799,0.654828557,12.21322236,0.855379446,5.470395738,0.337431996,89.15,5.451388814,19.044,2.580165886,13.128,1.53914002,1.7178,0.347932953,1.2034,0.115093267,5.9134154,0.625248983,0.09902,0.008654328,8.20E-04,5.83E-05,32.7956,1.162824647,68.46744,1.054908027,4.1982,1.202549849,273.6755556,25.43521775,19.748,6.123886348,0.676182347,0.011121943,14.53503237,0.919301117,18.55918058,4.707921327,0.268161476,0.022319565
FCNSW_019_2019-03-27_T4_P3,FCNSW_019,FC NSW 1043,27/3/19,4,3,144.34407,-35.74957,79.440002,3.28,0.130005,6.15127707,0.06312561,2.136120081,-0.578973353,-0.016373023,0.390087008,-17.11717606,-11.66590691,0.553162456,n,0,30,"Mature RRG, pig disturbance, litter 80%",2829,3310,1.103,0.103,26,27,47,38,29,33,Silty clay,5.24,4.29,0.0614,17.34,18.90876,1319.88,812.94,142.8,263.16,27744,0,0,1285.2,0,0,36.72,13.26,18258,3019.2,1887,345.78,0,141.78,14.28,231.54,17.34,137.7,0,0,45.9,n,0.021,1.02,16.8504,1.4076,-30.57,3.38,22.79093865,4.845525321,9.870606351,4.320946504,83.06,12.17,7.153,2.408,0.947,0.681,5.53554,0.0965,8.00E-04,29.462,71.4405,2.609,239.9555556,13.16,0.708015163,11.97101449,18.23370483,0.341437288,1.049512195,0.103,0.358074886,0.035832578,-17.80249901,0.22083713,-11.60263252,0.249646615,0.492522949,0.03129577,0.1394,0.011805084,5.59,0.142056327,4.44,0.039874804,0.07556,0.007149098,22.688591,1.565669527,17.725664,0.896799729,1.29117,0.030982399,-27.81,0.703142944,2.834,0.319399436,22.06941793,1.847320094,4.27851732,0.586891124,10.12230308,0.62981819,4.678014041,0.375044199,69.868,3.4035884,15.334,3.011223339,10.3802,1.728216636,2.286,0.95648288,0.9728,0.108658824,4.8790878,0.186243521,0.12664,0.009165348,9.60E-04,6.78E-05,29.2566,1.046124543,71.82484,1.07297563,2.6678,0.674532238,251.6577778,43.51542743,17.316,2.136992279,0.710553497,0.010403184,13.77444667,0.837193556,14.48987296,1.73091086,0.285727565,0.025202162
FCNSW_020_2019-03-27_T4_P4,FCNSW_020,FC NSW 1044,27/3/19,4,4,144.34419,-35.75001,79.309998,3.14999,0,6.41605902,0.007492065,0.527038217,-0.417824209,-0.011131082,0.322068959,-17.62003708,-12.65488815,0.539105892,n,0,30,"60% mature RRG, disturbance by pigs, 40% litter",2829,3810,1.104,0.104,21,31,49,31,32,37,Silty clay,5.21,4.22,0.0597,17.34,17.3757,1281.12,765,134.64,273.36,27846,0,0,1173,0,0,38.76,14.28,18360,3202.8,1887,387.6,0,139.74,16.32,244.8,18.36,136.68,0,0,46.92,n,0.021,1.02,10.2102,1.224,-28.12,3.05,16.89119446,3.302929547,7.691124253,3.428235009,77.44,13.51,5.59,3.413,1.05,0.637,5.23566,0.1053,8.00E-04,33.84,67.6345,4.507,145.5333333,6.88,0.666517204,8.341666667,21.15310078,0.297043154,1.206702015,0.104,0.327587026,0.032121421,-17.89921875,0.197265162,-11.99840546,0.354545293,0.490147424,0.02946119,0.1516,0.021814216,5.514,0.157594416,4.34,0.034351128,0.07426,0.00430007,26.344829,3.010345553,10.535948,0.436814272,1.27251,0.055694097,-25.394,2.119348013,3.246,0.107266024,18.24429998,0.552419406,3.439911487,0.132903386,8.67051711,0.296349835,3.621132232,0.102864421,64.122,8.460679878,14.264,1.4578052,8.7196,1.73079937,2.0068,0.63733299,0.875,0.070587534,4.866056,0.472960172,0.1137,0.008360323,8.20E-04,3.74E-05,32.5022,1.157265328,68.86608,1.002256401,3.5376,0.763803875,194.8533333,18.25147733,11.128,1.761392631,0.679432509,0.010947351,8.285396441,0.112155385,18.57073824,1.940735758,0.279981613,0.00782952
FCNSW_021_2019-03-27_T5_P1,FCNSW_021,FC NSW 1051,27/3/19,5,1,144.29449,-35.72734,80.019997,3.85999,1.099998,6.9005394,0.04964447,0.495429456,1.667062998,0.008091221,0.213511005,-20.73360252,-14.29926205,0.452071577,n,0,30,"RRG 20%, litter 50%",2829,4290,1.042,0.042,31,47,22,38,41,21,Silty loam,5.84,4.74,0.0659,7.07,3.02798,670.64,572.67,177.76,129.28,16059,0,0,773.66,0,0,25.25,0,18685,2424,1616,611.05,0,183.82,12.12,189.88,12.12,43.43,0,0,31.31,n,0.011,1.01,7.0094,0.7373,-29.94,3.66,9.39653523,1.44643114,4.767112478,2.579213363,37.97,8.74,7.553,0.525,0.497,0.461,5.60247,0.1164,9.00E-04,29.364,71.4312,0.662,136.8,6.22,0.708676604,9.506849315,21.99356913,0.196891776,1.452746554,0.042,0.2891902,0.06690647,-19.98160667,0.411047594,-13.84647999,0.556569409,0.42447325,0.034599002,0.0934,0.01607047,6.24,0.151888117,4.836,0.044226689,0.07264,0.004253892,6.1600414,1.256668893,8.809536,1.107969183,0.803178,0.050167958,-26.228,1.465832187,4.162,0.312416389,11.25122379,0.614039634,1.828089837,0.145459124,5.600509335,0.283907693,2.944175444,0.129955955,58.384,9.236544592,7.3,1.039437348,2.4332,1.421319331,0.6958,0.268883134,0.617,0.114328037,4.418376,0.36447735,0.13742,0.013817974,0.001,4.47E-05,29.816,0.943319458,71.1251,0.753223303,4.171,1.049829891,143.5688889,19.99976741,13.368,3.352847148,0.704686453,0.008791834,11.00540884,1.338618531,12.790846,2.519162825,0.212930825,0.008849604
FCNSW_022_2019-03-27_T5_P2,FCNSW_022,FC NSW 1052,27/3/19,5,2,144.29568,-35.72802,79.650002,3.49,0.730003,6.4532814,-0.04750061,2.603435516,0.128039688,0.007770457,0.255378217,-18.47294617,-13.24221706,0.515264273,n,0,30,"Juv RRG, coppiced, 25%; Themeda; woody debris 10%; juncus 1%; litter 70%",2829,2970,1.082,0.082,18,50,33,27,41,32,Silty clay loam,5.4,4.42,0.0621,17.34,13.31406,1272.96,904.74,159.12,289.68,25908,0,0,1213.8,0,0,35.7,13.26,26112,3304.8,2101.2,374.34,0,155.04,16.32,246.84,15.3,136.68,0,0,43.86,n,0.021,1.02,19.8084,1.6014,-25.94,1.27,14.17960311,2.41198737,7.007359976,3.451722767,108.55,14.03,8.23,2.322,0.962,0.661,6.2883,0.0959,8.00E-04,30.632,70.3151,3.478,288.3777778,9.72,0.696553938,12.36942675,29.66849566,0.23061175,0.963753977,0.082,0.306991464,0.041880055,-18.74244156,0.332058495,-13.06732158,0.251174056,0.465144599,0.026123183,0.1252,0.01635665,5.644,0.154421501,4.412,0.065222695,0.07242,0.00711986,15.2880312,0.901220888,19.353576,0.964486171,1.40573,0.124091543,-25.396,0.510721059,1.384,0.120855285,22.77776131,2.416703024,3.975762083,0.486970354,10.41358687,0.959968199,5.691586573,0.606193083,101.678,4.898274594,17.646,1.282156777,8.6876,0.695618114,2.7656,0.610326847,1.237,0.157924349,5.5505782,0.630084173,0.10594,0.005934021,8.00E-04,3.16E-05,30.8336,0.536019085,70.09582,0.403647109,6.1928,1.434467128,287.8844444,27.42726894,18.96,4.586728682,0.694529195,0.004895973,14.31106418,1.810946832,18.50732699,4.25456994,0.24456338,0.009023101
FCNSW_023_2019-03-27_T5_P3,FCNSW_023,FC NSW 1053,27/3/19,5,3,144.29662,-35.72855,79.43,3.27,0.510002,7.05400085,0.135002136,0.849893451,3.077367306,0.029398875,0.25652951,-18.13647842,-12.15582371,0.524669647,n,0,30,Some large and some coppiced RRG 30%; shea-oak - type shrub; 5% juncus and themeda; litter 50%,2829,3140,1.066,0.066,17,51,32,25,42,34,Silty clay loam,5.13,4.03,0.0524,12.24,8.41398,636.48,736.44,140.76,210.12,22440,0,0,661.98,0,12.24,33.66,11.22,21012,2774.4,1825.8,364.14,0,137.7,14.28,198.9,16.32,84.66,0,0,38.76,n,0.018,1.02,17.7378,0.9792,-27.11,2.73,17.64772838,2.948251009,8.38506091,4.40353576,89.28,13.48,9.52,2.288,0.623,0.661,5.02758,NA,NA,NA,NA,1.672,162.0444444,8.32,0.789741592,18.11458333,19.47649573,0.230537493,1.036677271,0.066,0.271231398,0.031834811,-18.43068619,0.335804323,-12.37742291,0.253430187,0.472094124,0.035440997,0.1094,0.01726731,5.424,0.152924818,4.134,0.036823905,0.06074,0.002185086,14.5601166,2.809137079,14.192356,1.081658184,1.147852,0.073843759,-26.538,0.291880112,2.924,0.109206227,18.27716385,0.374247331,3.22918598,0.131674679,8.768328076,0.224972701,4.233947671,0.149397166,88.546,5.988006847,17.924,2.105883663,11.8526,1.235533229,2.4826,0.216922936,0.9122,0.097257082,4.6574806,0.625909646,0.083925,0.00455492,6.25E-04,2.50E-05,33.7075,1.255361469,67.550275,1.076750466,3.6484,1.31143603,184.1733333,9.997761237,10.332,1.647757264,0.691688031,0.026168263,12.70433378,1.623818089,19.28767647,2.767439456,0.249132464,0.012440627
FCNSW_024_2019-03-27_T5_P4,FCNSW_024,FC NSW 1054,27/3/19,5,4,144.29732,-35.72876,78.919998,2.75999,0,5.56973743,-0.209999084,5.333328247,-0.083319426,-0.008850456,0.30462864,-18.13647842,-11.95202255,0.524669647,n,0,30,Mature RRG some juv 10%; Juncus 1%; litter 70%,2829,3140,1.079,0.079,23,44,33,29,39,31,Silty clay loam,5.3,4.4,0.0802,11.22,19.72374,913.92,709.92,128.52,244.8,17340,0,0,935.34,0,0,29.58,12.24,15198,2386.8,1621.8,365.16,0,131.58,12.24,224.4,15.3,138.72,0,0,35.7,n,0.017,1.02,17.4726,1.6626,-26.81,2.57,23.18753437,5.246721429,9.818845014,4.983133034,86.6,16.16,13.66,1.537,1.021,0.659,7.20324,0.0866,9.00E-04,31.377,69.4316,0.963,287.8444444,10.66,0.688746793,10.50920245,27.0022931,0.35446083,1.022248144,0.079,0.309634238,0.036619006,-17.9764328,0.238053098,-12.27480888,0.133711861,0.487255585,0.032107752,0.1192,0.012943724,5.762,0.162646857,4.518,0.03720215,0.06706,0.005850265,25.0068144,5.811977482,16.501918,2.384639094,1.33433,0.110708937,-24.364,1.592233023,2.766,0.084297094,18.9321527,1.727842355,3.799278467,0.444870296,8.473276431,0.658688038,4.164044233,0.376335061,74.314,14.62003782,13.606,1.247716314,8.9806,1.244326388,1.3346,0.437672777,0.9716,0.110567898,5.900371,0.72164883,0.11466,0.011230966,8.80E-04,2.00E-05,31.1352,0.852982673,69.93628,0.715174646,3.2908,1.022359203,277.9644444,33.02384443,14.336,3.847432391,0.691993219,0.007999412,12.29808511,1.399506853,22.97540061,4.519453065,0.298065767,0.014144765
FCNSW_025_2019-03-28_T6_P1,FCNSW_025,FC NSW 1061,28/3/19,6,1,144.274284,-35.696733,79.400002,3.24,1.459999,5.40152121,-0.073753357,1.771710634,1.685418725,0.035678454,0.195973948,-17.95396996,-13.13771057,0.529771388,n,0,30,"Recently thinned RRG 10%, themeda 5%, chenopod 5%; juncus 2%; litter 80%",2829,3630,1.146,0.146,17,22,60,28,27,45,Clay,5.69,4.64,0.1273,29.87,5.44973,2422.56,1791.17,465.56,502.64,43672,0,0,2152.7,0,18.54,50.47,22.66,44496,3234.2,2997.3,1163.9,0,548.99,28.84,299.73,22.66,149.35,0,0,54.59,n,0.033,1.03,25.6161,1.4832,-21.73,5.45,25.32437022,2.581972252,13.31013578,7.698204525,216.07,14.54,3.73,3.31,0.852,0.726,5.63101,0.0844,8.00E-04,33.395,67.9953,7.5,189.5777778,7.18,0.670629242,17.27083333,26.40359022,0.122902248,1.095800636,0.146,0.223225638,0.017244901,-18.38452416,0.187597816,-12.6033699,0.266956777,0.475317294,0.029276197,0.1996,0.025437374,6.132,0.157714933,4.852,0.062481997,0.11736,0.008663175,9.721936,1.559650464,21.570166,1.67244689,1.71089,0.13334081,-23.796,2.140580762,4.07,0.515858508,37.22307136,3.397876001,4.839314262,0.689611961,17.92613922,1.301252534,10.66081835,0.897254255,145.4,19.73295948,15.682,3.497431057,2.111,0.504872063,4.4036,1.987615219,1.2658,0.188478222,7.8703448,1.589642245,0.12574,0.011289003,9.60E-04,5.10E-05,30.8708,1.35355308,70.26576,1.200421877,9.1674,1.649576055,348.6133334,47.02217108,20.684,4.595791118,0.694840496,0.012963052,12.76831586,1.128187277,20.41383892,4.788888063,0.166727624,0.016215691
FCNSW_026_2019-03-28_T6_P2,FCNSW_026,FC NSW 1062,28/3/19,6,2,144.274252,-35.6966,78.470001,2.31,0.529999,4.65716457,0.086250305,8.780653,-0.015686646,0.002873365,0.27865082,-17.53988838,-12.84466743,0.541346312,m,0,30,"RRG 15%; themeda 1%, thistle; litter 50%",2829,3470,1.128,0.128,25,25,50,31,31,38,Silty clay,5.57,4.6,0.08,19.57,14.56832,1625.34,1171.11,199.82,420.24,29561,0,0,1689.2,0,0,38.11,16.48,24926,2976.7,2235.1,436.72,0,234.84,17.51,283.25,19.57,132.87,0,0,48.41,n,0.025,1.03,20.2292,1.7613,-26.85,2.79,31.25246286,5.298784696,15.48165577,7.261856254,140.48,24.54,16.368,6.422,1.225,0.709,5.74122,0.115,9.00E-04,33.302,68.1123,1.75,394.5111111,18.92,0.671624219,11.48538012,20.85153864,0.232980056,1.069579357,0.128,0.279923451,0.031416772,-17.91226311,0.148747346,-12.12374802,0.224591409,0.489253104,0.02967049,0.218,0.045573018,5.878,0.174968569,4.642,0.057913729,0.08008,0.006105932,19.5733656,2.529887211,20.58334,2.740895747,1.653602,0.10322934,-24.418,1.480707263,2.93,0.177988764,30.91886275,1.39186309,4.926760097,0.282882791,15.61267428,0.607467437,7.440687798,0.340471526,109.668,13.1445553,18.232,1.689708259,11.8848,1.615831408,3.1978,0.959884753,1.1972,0.075716841,6.353607,0.784878191,0.12496,0.005073618,9.00E-04,0,32.1344,1.242998656,69.1127,1.061235272,3.2334,1.130603096,279.7422222,29.77392148,17.304,2.989109566,0.682698566,0.01170704,12.28268161,0.92901581,17.32813694,2.071394015,0.213439536,0.006969801
FCNSW_027_2019-03-28_T6_P3,FCNSW_027,FC NSW 1063,28/3/19,6,3,144.274289,-35.696551,78.050003,1.89,0.110001,4.87607479,-0.135780334,6.351511955,-0.048354521,-0.01558402,0.27865082,-17.53988838,-12.84466743,0.541346312,y,0,30,"Disturbed by logging, RRG ~5m; litter 80%",2829,3820,1.099,0.099,28,25,47,34,28,38,Silty clay,5.79,4.73,0.0683,19.38,25.72338,1666.68,997.56,187.68,330.48,23154,0,0,1530,0,0,31.62,15.3,17136,2550,1815.6,445.74,0,187.68,14.28,248.88,17.34,124.44,0,0,42.84,n,0.019,1.02,18.8802,1.3566,-28.71,3.26,19.15327334,4.206803742,9.435431736,3.458509949,71.96,10.1,7.666,1.716,0.504,0.596,6.25566,0.1522,9.00E-04,33.116,68.5572,0.718,255.5777778,10.24,0.674289783,13.91729323,24.95876736,0.326262042,1.216620714,0.099,0.279923451,0.031416772,-17.91226311,0.148747346,-12.12374802,0.224591409,0.489253104,0.02967049,0.1946,0.044771196,6.2,0.202682017,4.872,0.085930204,0.06502,0.004386046,27.7469678,0.902273376,13.98422,1.570284341,1.28293,0.045030245,-27.49,0.586216683,2.944,0.117029911,20.57260074,1.596461925,4.132753904,0.425458746,10.5529157,0.737240351,3.878417042,0.296849871,71.948,16.19544115,8.988,0.954989005,5.2012,1.501971717,1.592,0.596275524,0.6326,0.074169805,4.660661,0.428043199,0.16092,0.006206561,8.40E-04,4.00E-05,32.9184,1.463982261,68.68104,1.23177665,2.2134,0.782991034,201.6844445,43.43770303,12.58,1.718382961,0.676123083,0.013653748,10.82251293,0.980887049,17.08317804,3.672700487,0.284526279,0.015461321
FCNSW_028_2019-03-28_T6_P4,FCNSW_028,FC NSW 1064,28/3/19,6,4,144.274307,-35.696518,77.940002,1.78,0,5.07879019,-0.135002136,4.549187183,-0.347103149,-0.007517815,0.27865082,-17.53988838,-12.84466743,0.541346312,y,0,30,"Mature and juv RRG 15%; 70% litter, surface self-mulching",2829,3710,1.118,0.118,21,21,58,31,27,42,Clay,5.74,4.75,0.0753,19.38,55.51656,2080.8,1182.18,193.8,477.36,29886,0,0,1774.8,0,0,38.76,18.36,21624,3325.2,2142,529.38,0,194.82,17.34,409.02,21.42,141.78,0,0,57.12,n,0.024,1.02,18.7068,1.4178,-28,2.82,20.52449448,3.882643257,10.80898646,4.225006692,59.68,12.3,10.941,2.307,0.472,0.687,6.23832,0.1128,8.00E-04,33.771,67.6615,0,232.5333333,9.46,0.667059374,13.1942446,24.58069063,0.258257618,1.156670201,0.118,0.279923451,0.031416772,-17.91226311,0.148747346,-12.12374802,0.224591409,0.489253104,0.02967049,0.2276,0.055018724,5.98,0.196951771,4.752,0.076902536,0.07422,0.004764179,56.5134596,4.184409877,15.13001,1.576475647,1.272822,0.146848877,-27.048,1.061877582,2.83,0.532465961,21.82311381,1.232799283,4.115939038,0.222120747,11.31553067,0.576241158,4.395744855,0.263965078,58.182,9.339365824,12.8,1.418435758,10.3794,2.699736443,1.7432,0.678780554,0.6054,0.066974323,4.607208,0.485854186,0.11814,0.003296908,7.40E-04,2.45E-05,32.3656,1.457079119,68.8546,1.217432043,1.4564,0.872432095,193.8622222,32.21804677,12.468,1.805985603,0.680374409,0.013596583,12.6697565,2.03263837,15.86995492,2.785674935,0.262054321,0.003829913
FCNSW_029_2019-03-28_T7_P1,FCNSW_029,FC NSW 1071,28/3/19,7,1,144.239511,-35.678113,78.860001,2.7,1.18,6.91645908,0.021240234,0.833409607,-0.138664544,4.51E-05,0.223871365,-18.40586662,-13.83813667,0.517139375,n,0,30,"Mature and Juv RRG, forbs, shrub 30%, juncus 1%, thatch of litter, 100%",2829,3440,1.054,0.054,26,50,25,36,43,21,Silty loam,6.09,5.15,0.1016,14.28,8.5935,1397.4,728.28,187.68,275.4,15708,0,0,1693.2,0,0,26.52,11.22,26010,2529.6,1672.8,770.1,0,197.88,14.28,270.3,14.28,111.18,0,0,32.64,n,0.016,1.02,NA,NA,NA,2.88,22.76919104,3.708898896,10.09418055,7.152259905,152.37,19.06,9.772,1.802,0.742,0.569,5.42232,0.1541,0.0011,29.501,71.4725,7.486,192.8,11.26,0.707834234,12.375,17.12255773,0.215053008,1.150314599,0.054,0.299106997,0.05764123,-18.54522476,0.470918149,-13.08064708,0.295234794,0.469241101,0.032911329,0.1138,0.025995,6.388,0.141258628,5.196,0.054184869,0.10252,0.006591464,9.1968964,0.962778377,17.2478275,4.355679221,1.041665,0.207476708,-21.1725,1.441222716,3.105,0.446028773,22.01134616,0.856918931,3.575281962,0.187608885,9.903707193,0.406286164,6.787318054,0.223443465,103.412,13.62443591,10.982,2.29239918,2.8836,1.801065646,1.0848,0.32727655,0.8108,0.080985431,4.4591918,0.498869415,0.17418,0.010524752,0.00112,2.00E-05,28.366,0.296215969,72.17108,0.19448246,7.0136,0.789946872,168.0844444,18.84619279,17.992,2.491446166,0.717866389,0.002639918,15.71761432,1.908318063,10.27871776,2.163259366,0.213705417,0.004090138
FCNSW_030_2019-03-28_T7_P2,FCNSW_030,FC NSW 1072,28/3/19,7,2,144.238774,-35.677261,78.330002,2.17,0.650002,6.62188911,-0.02015686,0.600877225,1.280064821,0.011195613,0.311869681,-16.52633286,-12.65134239,0.569678485,n,0,30,"Recently thinned RRG 15%, juncus 15%, harvest disturbance",2829,3100,1.088,0.088,27,39,35,33,34,32,Silty clay loam,5.61,4.44,0.0479,13.26,11.64228,987.36,823.14,136.68,318.24,19278,0,0,899.64,0,0,28.56,11.22,19584,2407.2,1621.8,524.28,0,110.16,12.24,240.72,15.3,106.08,0,0,35.7,n,0.019,1.02,14.1984,1.3464,-27.81,2.08,16.57493969,3.260069652,8.043281344,3.336737554,126.44,14.16,3.805,2.666,1.384,0.651,7.83054,0.1038,9.00E-04,33.025,68.5893,7.689,287.4,13.14,0.674996531,10.54545455,21.87214612,0.286473132,0.999363733,0.088,0.288325131,0.056482584,-17.74713707,0.383128359,-12.11263904,0.249384617,0.494720811,0.030919108,0.1178,0.012654643,5.77,0.126530629,4.47,0.04929503,0.05546,0.002822339,13.6898952,0.591207835,15.264182,1.271061817,1.34924,0.013685037,-26.838,1.802516019,2.404,0.138946033,19.76500214,1.169398924,3.79296842,0.173709339,9.415604098,0.584003743,4.081205378,0.30539691,118.432,7.455953594,15.024,0.904447898,4.0666,0.520727241,3.2738,0.90795773,1.4682,0.162214179,6.5534172,0.559471183,0.119,0.006439332,9.00E-04,3.16E-05,31.2832,0.680826292,69.75216,0.513283775,7.6836,0.781184908,277.6355556,11.87801703,17.432,3.256228493,0.690415286,0.00622045,11.32408075,0.970085006,17.40926541,2.188839657,0.283009715,0.010282741
FCNSW_031_2019-03-28_T7_P3,FCNSW_031,FC NSW 1073,28/3/19,7,3,144.238588,-35.676544,78.209999,2.05,0.529999,7.89242125,0.003746033,0.897553921,0.231871322,0.010139047,0.293103456,-17.16644287,-12.61424828,0.55178529,n,0,30,"Recently thinned RRG 20%, juncus 1%, themeda 3%, harvest disturbance; thatch of litter 100%",2829,3100,1.074,0.074,37,31,32,41,32,27,Silty clay loam,5.66,4.58,0.0497,15.3,10.1847,1352.52,678.3,122.4,279.48,37230,0,12.24,1183.2,0,0,41.82,0,17646,5977.2,2152.2,393.72,0,166.26,14.28,225.42,13.26,150.96,0,0,37.74,n,0.016,1.02,14.5452,1.0914,-26.34,1.9,19.82840489,3.523317999,9.005364932,5.094245122,109.24,16.06,6.646,3.867,1.528,0.561,7.31136,0.1166,9.00E-04,31.291,69.9535,5.547,281.1555556,9.5,0.690936298,13.3271028,29.59532164,0.24988762,1.014704843,0.074,0.25220342,0.050200575,-18.02274895,0.36571029,-12.8216795,0.284908268,0.48647818,0.029799403,0.0976,0.010590562,5.872,0.154090882,4.638,0.070950687,0.056,0.004344997,10.8726334,1.166609823,14.20353,2.309998191,1.114288,0.176355452,-25.502,1.489413979,1.976,0.542444467,18.97732645,0.757746798,3.791590173,0.223355079,8.976873282,0.358918977,4.136241521,0.274529507,94.68,9.151960992,16.916,2.060768303,8.9486,1.986705504,3.4468,0.850270745,1.2954,0.135912325,5.508982,0.666075825,0.12178,0.005485836,9.40E-04,4.00E-05,29.953,0.836014055,70.95566,0.784790246,4.5206,0.924815798,244.7777778,22.20052275,16.516,4.085811547,0.703184189,0.008131914,13.45638914,1.650293124,17.75483566,3.840188976,0.28932859,0.013894354
FCNSW_032_2019-03-28_T7_P4,FCNSW_032,FC NSW 1074,28/3/19,7,4,144.237507,-35.675924,77.68,1.52,0,6.50819778,0.01474762,1.572275162,-0.655814588,-0.001909524,0.267692298,-16.9890461,-12.02988434,0.556744099,n,0,30,Recently thinned RRG 5% coverage from coppiced remaining stand; litter 80%,2829,3150,1.07,0.07,35,40,25,40,34,26,Silty loam,5.51,4.62,0.0816,21.42,16.63722,1195.44,686.46,120.36,273.36,33354,0,0,1244.4,0,0,39.78,11.22,16728,5079.6,2060.4,402.9,0,171.36,14.28,213.18,14.28,157.08,0,0,36.72,n,0.016,1.02,15.7692,1.3668,-31.5,2.75,20.39193282,4.149710209,9.207944412,4.743393158,75.32,19.16,14.109,4.242,0.848,0.547,5.31522,0.1023,9.00E-04,33.425,67.9422,0.809,226.0444444,10.26,0.670258229,11.53731343,22.03162227,0.297441746,1.03552492,0.07,0.255584565,0.029888236,-17.72493019,0.324380589,-11.88270855,0.13432273,0.496147847,0.029235049,0.1108,0.015771493,5.856,0.157562686,4.704,0.049959984,0.07088,0.003835935,15.995054,1.158492233,13.75687,0.667134702,1.24227,0.034263482,-27.202,1.9379484,2.824,0.173164662,18.78300651,1.056356118,3.774691462,0.347393259,8.802462466,0.39145518,4.294132174,0.182911771,71.036,4.828184545,16.542,1.079969444,13.6868,0.643507684,1.8792,0.768672193,0.6894,0.046683616,4.1080658,0.417924463,0.11352,0.004912677,8.40E-04,4.00E-05,31.5206,0.652527517,69.42546,0.638248025,1.1268,0.48827056,201.9066667,37.13818069,13.2,1.702069329,0.687753241,0.006378343,11.05368546,0.285798549,15.59072054,2.992876352,0.286131306,0.014715489
FCNSW_033_2019-03-28_T8_P1,FCNSW_033,FC NSW 1081,28/3/19,8,1,144.232062,-35.59318,77.18,1.02,1.019997,6.83653593,0.13999939,2.793794394,0.142957643,0.012658071,0.254582494,-18.96976852,-12.75636768,0.50137645,n,0,30,"Recently thinned RRG 15%, 95% litter, appears to be perched vertosol (black)",2829,3400,1.1,0.1,23,27,50,30,31,38,Silty clay,6.66,5.81,0.2273,21.63,14.38395,2494.66,1489.38,541.78,554.14,63963,0,19.57,3120.9,0,16.48,57.68,22.66,38316,9877.7,4593.8,1246.3,0,889.92,28.84,382.13,16.48,168.92,0,0,63.86,n,0.027,1.03,24.4316,1.4111,-28.77,4.75,29.7235238,3.988628999,14.15737167,8.760525402,133.08,29.63,17.523,5.377,0.848,0.636,7.76723,0.1436,9.00E-04,30.887,70.2397,6.73,353.2222222,21.94,0.694571266,17.31386861,16.09946318,0.174039921,1.081654295,0.1,0.334967765,0.064002959,-19.03125572,0.25396597,-13.00116768,0.374483908,0.454790163,0.029445649,0.13,0.020921281,6.91,0.156588633,5.86,0.09027735,0.24216,0.012439317,18.7145372,2.049658834,20.74324,1.302452557,1.370124,0.106360413,-24.062,2.044806592,4.034,0.200962683,29.17123676,1.822235582,3.620787707,0.467058568,14.16333953,0.494601026,9.427819592,0.460109102,120.94,10.4207351,18.168,3.482320204,7.433,2.613651258,3.6518,1.097764747,0.9732,0.102957467,7.1885432,1.131298831,0.16444,0.008916872,9.80E-04,3.74E-05,29.2408,0.753676217,71.6192,0.684416594,7.0832,0.765206338,281.6711111,27.12482931,18.068,1.842222571,0.710105474,0.007264729,15.59856952,1.815130662,16.00286525,1.862889025,0.153189574,0.018742481
FCNSW_034_2019-03-28_T8_P2,FCNSW_034,FC NSW 1082,28/3/19,8,2,144.231292,-35.593209,76.559998,0.39999,0.399994,5.85486651,-0.003753662,1.333363891,-0.833237946,0.004444208,0.288486421,-17.86809158,-12.56062031,0.532171965,n,0,30,Old RRG with some coppiced 15%; Juncus 10%; litter 90%,2829,3230,1.11,0.11,28,33,39,32,34,34,Silty clay loam,5.98,4.87,0.0759,20.4,9.42786,1552.44,995.52,218.28,410.04,46002,0,13.26,1315.8,0,0,45.9,14.28,24990,7721.4,3049.8,422.28,0,323.34,18.36,217.26,15.3,141.78,0,0,45.9,n,0.021,1.02,17.0952,1.428,NA,1.85,22.47766442,4.442317824,10.68544944,5.049124667,156.85,25.79,14.367,5.504,1.451,0.648,7.56636,0.1086,9.00E-04,32.606,68.7519,5.919,475.0444444,26.84,0.678308252,11.97142857,17.69912237,0.282328444,1.016154118,0.11,0.30702576,0.034337943,-18.39835357,0.37835733,-12.53914566,0.369433127,0.474255615,0.03175372,0.122,0.010329569,6.194,0.117413798,5.002,0.03992493,0.08868,0.006046602,13.243627,1.275356345,21.387368,1.41273764,1.633502,0.091394516,-26.82,0.689456308,2.282,0.45087027,26.8825301,2.187425386,5.188694102,0.474466907,12.3466056,0.946322677,6.480063018,0.616010105,144.722,16.23653578,26.188,1.449270161,14.316,2.224595694,6.6028,1.238308823,1.5938,0.141508445,6.7377974,0.569448794,0.12798,0.009715421,0.001,4.47E-05,30.7006,1.010858675,70.33098,0.869810857,5.5974,1.491710548,402.1111111,25.56962414,24.432,3.60953515,0.69618228,0.009593038,13.18871946,0.995063024,18.10911297,3.110100267,0.276461875,0.012955935
FCNSW_035_2019-03-28_T8_P3,FCNSW_035,FC NSW 1083,28/3/19,8,3,144.230001,-35.592745,76.260002,0.1,0.099998,6.4437232,0.089996338,1.201825023,-0.682665169,-0.002905871,0.328373343,-17.64990044,-11.4412241,0.53827107,n,0,30,Mature RRG recently thinned; litter 100%,2829,3210,1.083,0.083,32,34,34,38,33,29,Silty clay loam,5.33,4.41,0.0818,15.3,18.18456,1215.84,585.48,124.44,342.72,39984,0,12.24,1193.4,0,0,41.82,13.26,20706,6772.8,2519.4,434.52,0,204,16.32,273.36,14.28,139.74,0,0,42.84,n,0.017,1.02,21.777,1.3158,-29.71,2.11,19.80721719,3.598882026,9.106585211,4.662753671,110.94,20.55,8.19,6.119,1.397,0.562,6.5841,0.1143,9.00E-04,32.627,68.765,6.241,421.8666667,18.62,0.678209326,16.5503876,22.6566416,0.261369268,1.040498409,0.083,0.331300232,0.032377086,-18.19759445,0.179484334,-11.99311161,0.311003321,0.480291838,0.032124762,0.1034,0.011935661,5.596,0.153837577,4.544,0.057930993,0.0732,0.00282365,18.942835,1.418047096,14.257194,1.976192182,1.256552,0.041793395,-28.11,0.607182016,2.972,0.38173813,19.04896802,0.984538436,3.495906548,0.229995563,8.912579083,0.468377021,4.165849183,0.224313518,112.244,11.16618673,17.44,1.209396544,7.5476,1.60025981,4.0566,1.005140717,1.9182,0.542193084,5.5147714,0.634900042,0.11314,0.002294036,9.00E-04,3.16E-05,31.9128,0.989145611,69.2244,0.876105171,5.8358,1.040924896,301.2533333,41.66074542,16.156,3.933819518,0.684502708,0.009442605,11.26588777,1.342539285,21.9253832,4.832227575,0.266535275,0.005971218
FCNSW_036_2019-03-28_T8_P4,FCNSW_036,FC NSW 1084,28/3/19,8,4,144.229216,-35.592304,76.160004,0,0,6.72196484,0.050994873,0.849893451,-0.636374235,-0.019034863,0.352858156,-16.98484039,-11.83807468,0.556861699,n,0,30,"V large RRG stumps, mature and juv RRG 40%; litter 90%; self-mulching",2829,3250,1.089,0.089,33,35,32,44,32,25,Silty clay loam,5.5,4.4,0.0497,16.32,19.26882,1328.04,686.46,136.68,310.08,37842,0,10.2,1254.6,0,0,39.78,13.26,18666,6109.8,2386.8,375.36,0,192.78,16.32,256.02,14.28,142.8,0,0,39.78,n,0.016,1.02,24.021,1.3158,-27.06,2.85,19.49980586,3.135617658,8.895972626,5.406124933,81.25,15.38,8.874,2.857,0.995,0.578,5.50494,0.1024,8.00E-04,30.156,70.8188,3.649,401.2222222,18.02,0.701351228,18.25581395,22.26538414,0.219241803,1.046571227,0.089,0.27960951,0.058868503,-17.44407806,0.323321229,-11.76133804,0.305740976,0.505361164,0.027034338,0.108,0.012899612,5.774,0.148344194,4.554,0.073116346,0.05954,0.003372625,18.5241754,0.403197938,18.519128,2.061489336,1.333658,0.092452375,-25.935,1.035539312,2.698,0.220077259,21.20190306,1.424465621,3.890927465,0.375426816,9.571892826,0.518290518,5.23963171,0.300455676,87.698,5.232600118,12.206,1.464894535,5.672,1.16941015,1.8532,0.673396495,1.1424,0.139295226,4.7659504,0.411156122,0.11294,0.005556492,8.60E-04,4.00E-05,31.4572,0.780590507,69.47354,0.694959395,4.6808,0.370058833,273.0355556,37.9083499,14.592,1.508623213,0.688354495,0.007452004,14.0601395,1.676616958,19.61855575,3.567634096,0.260656044,0.013987099
FCNSW_037_2019-03-26_T9_P1,FCNSW_037,FC NSW 1091,26/3/19,9,1,144.423864,-35.825089,82.18,6.02,1.050003,6.52480793,-0.01865387,0.948195279,0.485974818,-0.001828948,0.396814853,-16.94561386,-11.63743877,0.557958186,n,0,30,"River red gum 50% coverage, thick litter, Juncus",2829,2950,1.112,0.112,24,39,37,26,39,35,Silty clay loam,5.4,4.37,0.0593,11.22,8.84238,805.8,595.68,124.44,238.68,42126,0,13.26,948.6,0,0,48.96,13.26,26520,6844.2,2917.2,469.2,0,196.86,20.4,215.22,16.32,119.34,0,0,49.98,n,0.022,1.02,20.0736,1.3362,-27.92,3.92,21.40066306,4.103001153,10.00948391,4.518212348,158.6,16.83,1.875,3.097,3.061,0.657,8.09268,0.1094,8.00E-04,31.744,69.6401,11.858,293.4666667,9,0.686893704,15.02290076,32.60740741,0.282426138,0.925980912,0.112,0.325642264,0.039140217,-17.93955803,0.571098681,-11.94893742,0.364057922,0.490196008,0.031321028,0.1516,0.017676538,5.588,0.125435242,4.414,0.09760123,0.0616,0.004389533,8.8607766,0.379095999,14.66926,1.435820763,1.33803,0.047044356,-26.388,1.634054467,3.62,0.379051448,20.49205596,1.38235213,3.780874868,0.330278031,9.82076263,0.638538884,4.267325129,0.292718346,138.198,7.055815616,12.744,1.267669515,0.9088,0.27133916,1.955,0.597021356,2.3562,0.214638161,6.1715862,0.794066733,0.11348,0.005162499,8.20E-04,2.00E-05,31.2408,0.824054816,69.79918,0.72119666,9.8802,0.865666587,267.6,24.966681,20.508,3.467538608,0.690840058,0.007836826,10.96674451,1.025935079,15.81761675,4.514167902,0.267012493,0.008813936
FCNSW_038_2019-03-26_T9_P2,FCNSW_038,FC NSW 1092,26/3/19,9,2,144.422807,-35.825348,82.230003,6.07,1.100006,7.10196686,-0.010002136,0.333277375,0.66692102,-0.004444472,0.36125654,-18.24755669,-12.04950142,0.521564662,n,0,30,"River red gum, 60% litter coverage, sparse Juncus",2829,3180,1.09,0.09,28,41,31,33,36,32,Silty clay loam,5.5,4.44,0.0487,13.26,6.46986,1038.36,634.44,128.52,244.8,40902,0,12.24,1142.4,0,0,47.94,12.24,25092,7272.6,2937.6,433.5,0,195.84,18.36,196.86,15.3,120.36,0,0,46.92,n,0.019,1.02,14.3412,1.3566,-27.41,3.74,17.28587429,3.104230838,8.646252811,4.057363599,105.25,12.23,1.413,2.618,1.514,0.637,6.8697,0.1112,9.00E-04,31.994,69.2421,8.199,305.0222222,9.24,0.68396649,10.57142857,33.01106301,0.244358042,1.02290562,0.09,0.354125595,0.037454946,-18.11330795,0.235831863,-11.65173092,0.295328371,0.483326358,0.03107859,0.1484,0.022001364,5.934,0.168065463,4.806,0.124643492,0.06794,0.005625353,10.8535288,1.155426976,14.415558,1.961799323,1.253366,0.181354322,-26.416,1.374200131,3.32,0.407590481,22.68589085,2.305038011,4.295162067,0.543967202,10.45977374,0.818903615,5.32438381,0.561083676,128.022,6.834625374,12.664,0.28113342,1.2446,0.483829371,2.3558,0.558000036,1.9406,0.195396929,7.0524906,0.973624933,0.13682,0.010776057,9.60E-04,5.10E-05,30.3778,0.929171427,70.60708,0.777750724,9.0636,0.818186446,318.0577778,28.91784412,27.828,6.29850649,0.699237307,0.008760972,11.72117381,0.973697273,15.36303458,4.894672876,0.268729397,0.011726452
FCNSW_039_2019-03-26_T9_P3,FCNSW_039,FC NSW 1093,26/3/19,9,3,144.422034,-35.825474,81.919998,5.75999,0.790001,6.11000013,-0.053001404,1.715112209,-0.470688045,-0.009224026,0.336838156,-18.27990913,-12.53178406,0.520660281,n,0,30,"River red gum, 30% juncus, 100% litter cover",2829,3180,1.102,0.102,36,35,29,39,32,29,Silty clay loam,5.26,4.08,0.0587,12.24,7.25628,677.28,702.78,173.4,216.24,41412,0,12.24,812.94,0,15.3,48.96,13.26,31722,6772.8,2866.2,1213.8,0,252.96,20.4,264.18,17.34,144.84,0,0,48.96,n,0.02,1.02,22.7052,1.2852,-23.73,4.64,23.24188575,3.565278413,11.31293863,5.401995209,210.47,14.8,0.997,1.682,4.069,0.613,6.47394,0.1035,9.00E-04,31.425,69.8405,12.121,273.5111111,8.32,0.689677136,17.66666667,32.87393162,0.213298984,1.009416755,0.102,0.323560154,0.019563789,-18.18101044,0.25260805,-11.64182797,0.328749009,0.482384509,0.026927332,0.1832,0.044289276,5.61,0.168255758,4.368,0.132302683,0.05554,0.002091076,8.8627666,1.153088387,14.478484,2.56188832,1.00625,0.15985076,-22.686,1.240534562,4.1775,0.207981369,20.54553862,0.969181702,3.232513204,0.224766895,10.31732609,0.314538783,4.89039673,0.243115482,125.14,23.93459066,11.872,1.173326042,1.386,0.459275625,1.324,0.119024787,2.466,0.434617878,5.1400856,0.608334256,0.12912,0.007507823,9.40E-04,2.45E-05,30.8186,0.817503309,70.30604,0.710359435,9.162,1.54652407,263.0888889,19.06025533,21.944,5.963993293,0.695274459,0.007773592,15.2641193,2.167810781,16.14041565,4.612554822,0.212296397,0.011941722
FCNSW_040_2019-03-26_T9_P4,FCNSW_040,FC NSW 1094,26/3/19,9,4,144.421747,-35.825765,81.129997,4.96999,0,5.61882973,0.024467468,2.357022524,0.250294954,-0.00589629,0.411248505,-17.85799026,-12.21760368,0.532454312,y,0,30,"Juvenile river red gum, 20% juncus, 100% leaf litter",2829,3530,1.032,0.032,69,19,13,70,20,11,Loam,5.37,4.17,0.0473,6.262,8.84356,349.46,316.13,113.12,92.92,16564,0,0,438.34,0,0,22.22,0,11918,3030,1181.7,265.63,0,127.26,0,139.38,0,74.74,0,0,20.2,n,0.009,1.01,9.3122,0.7474,-26.46,3.48,12.99204241,2.451504856,6.651297156,2.949606108,52.47,6.24,0.529,0.857,0.938,0.467,3.40572,0.1341,9.00E-04,29.534,71.6879,4.854,176.0444444,8.56,0.708225196,12.45945946,20.56593977,0.255341064,1.207861435,0.032,0.445967173,0.018602729,-17.06620789,0.351234729,-11.38647461,0.236262266,0.518318516,0.024803808,0.1042,0.041918254,5.84,0.235966099,4.488,0.194278151,0.03928,0.002256413,10.1921916,1.021836,9.39198,0.666332287,0.671744,0.025955946,-26.772,0.242247807,3.482,0.267196557,11.75257951,0.650863337,2.303631297,0.210941388,5.991012687,0.337631255,2.735199496,0.122096242,71.066,6.05871323,8.336,2.693326196,0.3004,0.095923198,1.0794,0.516849746,1.2618,0.142697022,3.6896076,0.400968373,0.14562,0.007106574,9.80E-04,2.00E-05,29.3774,0.533119461,71.60366,0.470994701,6.9562,2.131565092,179.76,15.97862988,12.296,1.451046519,0.709093653,0.005076878,13.96626689,0.773896876,15.74425142,2.594463045,0.263247553,0.01806439