Wavenumber,FCNSWMarch19_1091.spa
7999.27978515625,0.453826904296875
7995.422851794868,0.4553544819355011
7991.5659184334845,0.4564596712589264
7987.708985072102,0.4557095766067505
7983.852051710719,0.4550422728061676
7979.995118349337,0.45918548107147217
7976.138184987954,0.45439937710762024
7972.281251626571,0.4489261507987976
7968.424318265189,0.4538237452507019
7964.567384903806,0.4557584226131439
7960.7104515424235,0.457109659910202
7956.853518181041,0.46184003353118896
7952.996584819658,0.45743095874786377
7949.139651458276,0.4490172266960144
7945.2827180968925,0.4487229883670807
7941.42578473551,0.460601806640625
7937.568851374128,0.46803584694862366
7933.711918012745,0.46063175797462463
7929.854984651362,0.45879730582237244
7925.998051289979,0.4593728482723236
7922.141117928597,0.46087023615837097
7918.284184567215,0.4614475667476654
7914.427251205831,0.45155853033065796
7910.570317844449,0.44871512055397034
7906.713384483066,0.45770055055618286
7902.856451121684,0.46263056993484497
7898.999517760301,0.46428656578063965
7895.142584398918,0.46589338779449463
7891.285651037536,0.46373045444488525
7887.428717676153,0.4620817005634308
7883.57178431477,0.4622001051902771
7879.714850953388,0.45561331510543823
7875.857917592005,0.4565401077270508
7872.000984230623,0.45989230275154114
7868.144050869239,0.4608246386051178
7864.287117507857,0.464389830827713
7860.430184146475,0.4591139853000641
7856.573250785092,0.45096176862716675
7852.716317423709,0.45148754119873047
7848.859384062326,0.4520329236984253
7845.002450700944,0.4520038962364197
7841.145517339562,0.4591137170791626
7837.288583978178,0.46063297986984253
7833.431650616796,0.45524147152900696
7829.574717255413,0.4534318745136261
7825.717783894031,0.45185375213623047
7821.860850532648,0.44921231269836426
7818.003917171265,0.4538361728191376
7814.146983809883,0.466090589761734
7810.2900504485,0.467637300491333
7806.433117087117,0.4631288945674896
7802.576183725735,0.4568922817707062
7798.719250364352,0.4575195014476776
7794.86231700297,0.4637005627155304
7791.005383641586,0.4628542363643646
7787.148450280204,0.45588117837905884
7783.291516918822,0.45452848076820374
7779.434583557439,0.45882460474967957
7775.577650196056,0.45961418747901917
7771.720716834673,0.4644681215286255
7767.863783473291,0.4656323194503784
7764.0068501119085,0.46097075939178467
7760.149916750525,0.4632468819618225
7756.292983389143,0.4630153775215149
7752.43605002776,0.4611692428588867
7748.579116666378,0.45848941802978516
7744.722183304995,0.45562613010406494
7740.865249943612,0.4536081850528717
7737.00831658223,0.4523232579231262
7733.151383220847,0.4570593237876892
7729.294449859464,0.4600858986377716
7725.437516498082,0.45524680614471436
7721.580583136699,0.4514230489730835
7717.7236497753165,0.45187312364578247
7713.866716413933,0.45294189453125
7710.009783052551,0.45836272835731506
7706.152849691169,0.4646270275115967
7702.2959163297855,0.4631127417087555
7698.438982968403,0.4589017629623413
7694.58204960702,0.4584325850009918
7690.725116245638,0.4558276832103729
7686.868182884255,0.4517715275287628
7683.011249522872,0.4549923837184906
7679.15431616149,0.46470096707344055
7675.297382800107,0.4648171365261078
7671.4404494387245,0.4570881724357605
7667.583516077342,0.45518240332603455
7663.726582715959,0.45815664529800415
7659.869649354577,0.4575366973876953
7656.0127159931935,0.45729124546051025
7652.155782631811,0.45815420150756836
7648.298849270428,0.45676711201667786
7644.441915909046,0.4546825587749481
7640.5849825476635,0.45600590109825134
7636.72804918628,0.4601830542087555
7632.871115824898,0.46358299255371094
7629.014182463516,0.46319305896759033
7625.1572491021325,0.4559236168861389
7621.30031574075,0.44983386993408203
7617.443382379367,0.45605650544166565
7613.586449017985,0.4599798619747162
7609.7295156566015,0.4581822156906128
7605.872582295219,0.4544098377227783
7602.015648933837,0.4548189043998718
7598.158715572454,0.4607951045036316
7594.301782211071,0.4602058529853821
7590.444848849689,0.45679575204849243
7586.587915488306,0.4569632112979889
7582.730982126924,0.4598764479160309
7578.8740487655405,0.4601658582687378
7575.017115404158,0.45970383286476135
7571.160182042775,0.4556749165058136
7567.303248681393,0.45329681038856506
7563.44631532001,0.4559744596481323
7559.589381958627,0.45724305510520935
7555.732448597245,0.45993170142173767
7551.875515235863,0.45679715275764465
7548.018581874479,0.4553183615207672
7544.161648513097,0.46199893951416016
7540.304715151714,0.46629202365875244
7536.447781790332,0.462892085313797
7532.590848428948,0.45503532886505127
7528.733915067566,0.453124076128006
7524.876981706184,0.454746812582016
7521.020048344801,0.4583354592323303
7517.163114983418,0.45593011379241943
7513.306181622036,0.4530954360961914
7509.449248260653,0.4606897830963135
7505.592314899271,0.4615858197212219
7501.735381537887,0.4586993157863617
7497.878448176505,0.4588603377342224
7494.021514815122,0.4578568637371063
7490.16458145374,0.45576542615890503
7486.307648092357,0.45284661650657654
7482.450714730974,0.45283570885658264
7478.593781369592,0.45424845814704895
7474.73684800821,0.45739027857780457
7470.879914646826,0.4596668481826782
7467.022981285444,0.461694598197937
7463.166047924061,0.463253378868103
7459.309114562679,0.46530768275260925
7455.452181201295,0.464424729347229
7451.595247839913,0.4634021818637848
7447.738314478531,0.4652904272079468
7443.881381117148,0.4637441337108612
7440.024447755765,0.4597724676132202
7436.167514394383,0.4610683023929596
7432.310581033,0.46555525064468384
7428.453647671618,0.4607882499694824
7424.596714310234,0.4564635157585144
7420.739780948852,0.4604822099208832
7416.882847587469,0.4628388583660126
7413.025914226087,0.4678966701030731
7409.168980864704,0.470804363489151
7405.312047503321,0.4625743329524994
7401.455114141939,0.4608250558376312
7397.5981807805565,0.4670897126197815
7393.741247419173,0.4712020456790924
7389.884314057791,0.47037389874458313
7386.027380696408,0.46733421087265015
7382.1704473350255,0.4629959166049957
7378.313513973642,0.45720213651657104
7374.45658061226,0.4602464437484741
7370.599647250878,0.4649507403373718
7366.742713889495,0.46839654445648193
7362.885780528112,0.46835169196128845
7359.02884716673,0.4617370367050171
7355.171913805347,0.45876365900039673
7351.3149804439645,0.455385684967041
7347.458047082581,0.4543725252151489
7343.601113721199,0.4602087140083313
7339.744180359816,0.4619585871696472
7335.8872469984335,0.4632251560688019
7332.030313637051,0.4654459059238434
7328.173380275668,0.46906551718711853
7324.316446914286,0.4708152413368225
7320.459513552903,0.46992653608322144
7316.60258019152,0.4695588946342468
7312.745646830138,0.46518418192863464
7308.888713468755,0.46198469400405884
7305.0317801073725,0.4633137285709381
7301.174846745989,0.4604749381542206
7297.317913384607,0.45697569847106934
7293.460980023225,0.45891863107681274
7289.6040466618415,0.4668888449668884
7285.747113300459,0.46548518538475037
7281.890179939076,0.4639763832092285
7278.033246577694,0.46756547689437866
7274.176313216311,0.47198572754859924
7270.319379854928,0.47027987241744995
7266.462446493546,0.4659020006656647
7262.605513132163,0.46456512808799744
7258.74857977078,0.46324431896209717
7254.891646409398,0.4642709791660309
7251.034713048015,0.46907585859298706
7247.177779686633,0.4695119559764862
7243.3208463252495,0.46824216842651367
7239.463912963867,0.46635034680366516
7235.606979602485,0.46918994188308716
7231.750046241102,0.47497180104255676
7227.893112879719,0.4735286235809326
7224.036179518336,0.4647998809814453
7220.179246156954,0.4606904983520508
7216.322312795572,0.4656217098236084
7212.465379434188,0.47020798921585083
7208.608446072806,0.4731299877166748
7204.751512711423,0.4697504937648773
7200.894579350041,0.46381065249443054
7197.037645988658,0.46516865491867065
7193.180712627275,0.4687538743019104
7189.323779265893,0.4705919325351715
7185.46684590451,0.4717356562614441
7181.609912543127,0.47312211990356445
7177.752979181745,0.47060155868530273
7173.896045820362,0.4672345221042633
7170.03911245898,0.4681410491466522
7166.182179097596,0.4749827980995178
7162.325245736214,0.4806287884712219
7158.468312374832,0.48351114988327026
7154.611379013449,0.4833778738975525
7150.754445652066,0.48160520195961
7146.897512290683,0.4791054427623749
7143.040578929301,0.47590112686157227
7139.183645567919,0.4700143337249756
7135.326712206535,0.46976250410079956
7131.469778845153,0.4740278720855713
7127.61284548377,0.47733965516090393
7123.755912122388,0.47859662771224976
7119.898978761005,0.4798283576965332
7116.042045399622,0.4826104938983917
7112.18511203824,0.4877391755580902
7108.328178676857,0.4883861243724823
7104.471245315474,0.48243728280067444
7100.614311954092,0.47659218311309814
7096.757378592709,0.4766237139701843
7092.900445231327,0.4776211082935333
7089.043511869943,0.48105743527412415
7085.186578508561,0.48579633235931396
7081.329645147179,0.4892162084579468
7077.472711785796,0.48675280809402466
7073.615778424413,0.48492226004600525
7069.75884506303,0.4855882525444031
7065.901911701648,0.4880567491054535
7062.0449783402655,0.48648902773857117
7058.188044978882,0.4803870916366577
7054.3311116175,0.4775371253490448
7050.474178256117,0.4784218966960907
7046.6172448947345,0.47773346304893494
7042.760311533352,0.47648611664772034
7038.903378171969,0.47549664974212646
7035.046444810587,0.4736308157444
7031.189511449204,0.4719024896621704
7027.332578087821,0.4726961553096771
7023.475644726439,0.4736200273036957
7019.618711365056,0.4757736325263977
7015.7617780036735,0.47835615277290344
7011.90484464229,0.4792831838130951
7008.047911280908,0.4773539900779724
7004.190977919526,0.4734320342540741
7000.3340445581425,0.4726439118385315
6996.47711119676,0.4730087220668793
6992.620177835377,0.472951203584671
6988.763244473995,0.4713273346424103
6984.9063111126125,0.46929818391799927
6981.049377751229,0.4689299464225769
6977.192444389847,0.47028714418411255
6973.335511028464,0.47289422154426575
6969.4785776670815,0.47331705689430237
6965.621644305698,0.47090065479278564
6961.764710944316,0.4667379558086395
6957.907777582934,0.4655660390853882
6954.0508442215505,0.4673532545566559
6950.193910860168,0.4688601493835449
6946.336977498786,0.47039324045181274
6942.480044137403,0.4710483253002167
6938.62311077602,0.47049665451049805
6934.766177414637,0.4693954288959503
6930.909244053255,0.4680923521518707
6927.052310691872,0.46669241786003113
6923.1953773304895,0.4658385217189789
6919.338443969107,0.466515451669693
6915.481510607724,0.46916621923446655
6911.624577246342,0.47084012627601624
6907.767643884959,0.47046130895614624
6903.910710523576,0.4695992171764374
6900.053777162194,0.46797019243240356
6896.196843800811,0.46887245774269104
6892.339910439428,0.4679808020591736
6888.482977078045,0.4659295976161957
6884.626043716663,0.466275155544281
6880.769110355281,0.46726560592651367
6876.912176993897,0.4676596224308014
6873.055243632515,0.4676191806793213
6869.198310271133,0.4659807085990906
6865.34137690975,0.4656464457511902
6861.484443548367,0.46813952922821045
6857.627510186984,0.46881216764450073
6853.770576825602,0.46783462166786194
6849.913643464219,0.4681680500507355
6846.056710102836,0.46765655279159546
6842.199776741454,0.46640509366989136
6838.342843380071,0.46827104687690735
6834.485910018689,0.4697459936141968
6830.628976657306,0.4686480760574341
6826.772043295923,0.46820300817489624
6822.915109934541,0.46718496084213257
6819.058176573158,0.4670208990573883
6815.201243211775,0.4690150022506714
6811.344309850392,0.4700266718864441
6807.48737648901,0.46841204166412354
6803.630443127628,0.46743452548980713
6799.773509766244,0.46758556365966797
6795.916576404862,0.46769580245018005
6792.05964304348,0.4662792682647705
6788.202709682097,0.46446797251701355
6784.345776320714,0.4641442894935608
6780.488842959331,0.4651525616645813
6776.631909597949,0.46627116203308105
6772.774976236566,0.4664190113544464
6768.918042875183,0.4659445285797119
6765.061109513801,0.46541377902030945
6761.204176152418,0.4644979238510132
6757.347242791036,0.46447351574897766
6753.490309429653,0.4659658372402191
6749.63337606827,0.46611690521240234
6745.776442706888,0.4629569947719574
6741.919509345505,0.4632580876350403
6738.062575984122,0.4639851152896881
6734.205642622739,0.46182191371917725
6730.348709261357,0.4605328142642975
6726.4917758999745,0.4618595838546753
6722.634842538591,0.4630361795425415
6718.777909177209,0.463431715965271
6714.920975815827,0.46291160583496094
6711.064042454444,0.4634210169315338
6707.207109093061,0.46540284156799316
6703.350175731678,0.4641856551170349
6699.493242370296,0.4611803889274597
6695.636309008913,0.46209898591041565
6691.77937564753,0.46267107129096985
6687.922442286148,0.46145099401474
6684.065508924765,0.4602736830711365
6680.2085755633825,0.46098560094833374
6676.351642202,0.46322548389434814
6672.494708840617,0.46232378482818604
6668.637775479235,0.4610637128353119
6664.7808421178515,0.4614260196685791
6660.923908756469,0.46193698048591614
6657.066975395086,0.4628066420555115
6653.210042033704,0.4634711444377899
6649.3531086723215,0.4644143879413605
6645.496175310938,0.4650661051273346
6641.639241949556,0.46424949169158936
6637.782308588174,0.46250444650650024
6633.9253752267905,0.4620777666568756
6630.068441865408,0.46233218908309937
6626.211508504025,0.461544007062912
6622.354575142643,0.46008923649787903
6618.4976417812595,0.46074163913726807
6614.640708419877,0.46353772282600403
6610.783775058495,0.46425360441207886
6606.926841697112,0.46385735273361206
6603.069908335729,0.4632849097251892
6599.212974974347,0.46292200684547424
6595.356041612964,0.46128326654434204
6591.499108251582,0.45945581793785095
6587.6421748901985,0.459994912147522
6583.785241528816,0.46093976497650146
6579.928308167433,0.46255648136138916
6576.071374806051,0.4622410833835602
6572.214441444668,0.46040457487106323
6568.357508083285,0.4594837427139282
6564.500574721903,0.4593297243118286
6560.643641360521,0.4591057300567627
6556.786707999137,0.45945215225219727
6552.929774637755,0.4591226279735565
6549.072841276372,0.458656907081604
6545.21590791499,0.45863279700279236
6541.3589745536065,0.45992693305015564
6537.502041192224,0.461617648601532
6533.645107830842,0.4606371223926544
6529.788174469459,0.45860180258750916
6525.931241108076,0.4570501148700714
6522.074307746694,0.45637986063957214
6518.217374385311,0.4583006799221039
6514.360441023929,0.4604821503162384
6510.503507662545,0.4587113559246063
6506.646574301163,0.45742884278297424
6502.78964093978,0.4594133496284485
6498.932707578398,0.4588417708873749
6495.075774217015,0.45605704188346863
6491.218840855632,0.4561344385147095
6487.36190749425,0.4592238664627075
6483.504974132868,0.4593796730041504
6479.648040771484,0.4580516815185547
6475.791107410102,0.4571201205253601
6471.934174048719,0.458189994096756
6468.077240687337,0.45953598618507385
6464.220307325953,0.45971983671188354
6460.363373964571,0.4592735171318054
6456.506440603189,0.46024009585380554
6452.649507241806,0.46059176325798035
6448.792573880423,0.4605742394924164
6444.935640519041,0.4607031047344208
6441.078707157658,0.4589487910270691
6437.221773796276,0.4564616084098816
6433.364840434892,0.4570660889148712
6429.50790707351,0.4585942327976227
6425.650973712127,0.4568895995616913
6421.794040350745,0.45596784353256226
6417.937106989362,0.4579448699951172
6414.080173627979,0.45907294750213623
6410.223240266597,0.45852595567703247
6406.3663069052145,0.45800432562828064
6402.509373543831,0.4577990472316742
6398.652440182449,0.4566892683506012
6394.795506821066,0.4561530649662018
6390.9385734596835,0.4561023414134979
6387.0816400983,0.4560702443122864
6383.224706736918,0.4564257562160492
6379.367773375536,0.45759671926498413
6375.510840014153,0.4597473442554474
6371.65390665277,0.46025705337524414
6367.796973291388,0.45902320742607117
6363.940039930005,0.45739638805389404
6360.0831065686225,0.45564132928848267
6356.226173207239,0.4555169343948364
6352.369239845857,0.45598581433296204
6348.512306484474,0.45700812339782715
6344.6553731230915,0.45746952295303345
6340.798439761709,0.4571465849876404
6336.941506400326,0.45648589730262756
6333.084573038944,0.45605024695396423
6329.2276396775615,0.45608851313591003
6325.370706316178,0.4565439522266388
6321.513772954795,0.45704540610313416
6317.656839593413,0.4548383355140686
6313.7999062320305,0.4532293975353241
6309.942972870647,0.45467260479927063
6306.086039509265,0.4543862044811249
6302.229106147883,0.45439574122428894
6298.3721727864995,0.45573845505714417
6294.515239425117,0.4568803310394287
6290.658306063735,0.45702120661735535
6286.801372702352,0.4553298056125641
6282.9444393409685,0.4530443251132965
6279.087505979586,0.45411255955696106
6275.230572618204,0.45561739802360535
6271.373639256821,0.45604604482650757
6267.5167058954385,0.4563518762588501
6263.659772534056,0.4552934169769287
6259.802839172673,0.4543322026729584
6255.945905811291,0.45459675788879395
6252.088972449908,0.45564326643943787
6248.232039088525,0.4558316171169281
6244.375105727142,0.45483332872390747
6240.51817236576,0.45650115609169006
6236.661239004377,0.458326518535614
6232.804305642994,0.45673877000808716
6228.947372281612,0.4556044340133667
6225.09043892023,0.45579952001571655
6221.233505558846,0.4555569589138031
6217.376572197464,0.4546085596084595
6213.519638836082,0.45476409792900085
6209.662705474699,0.45596063137054443
6205.8057721133155,0.45625561475753784
6201.948838751933,0.4560002088546753
6198.091905390551,0.45643380284309387
6194.234972029168,0.45628806948661804
6190.378038667785,0.45571455359458923
6186.521105306403,0.4563314616680145
6182.66417194502,0.4553612768650055
6178.807238583638,0.4543038606643677
6174.950305222255,0.4535541534423828
6171.093371860872,0.45376768708229065
6167.236438499489,0.45511218905448914
6163.379505138107,0.45516425371170044
6159.522571776724,0.45415040850639343
6155.665638415341,0.45325565338134766
6151.808705053959,0.45306092500686646
6147.951771692577,0.4536215662956238
6144.094838331193,0.4532349407672882
6140.237904969811,0.45249637961387634
6136.380971608429,0.4528883397579193
6132.524038247046,0.453599214553833
6128.667104885662,0.45479127764701843
6124.81017152428,0.4550926685333252
6120.953238162898,0.4542286694049835
6117.096304801515,0.4543832838535309
6113.239371440132,0.45445266366004944
6109.38243807875,0.45409393310546875
6105.525504717367,0.453714519739151
6101.668571355985,0.45256587862968445
6097.811637994601,0.45295393466949463
6093.954704633219,0.4545511305332184
6090.097771271836,0.45469993352890015
6086.240837910454,0.4541706144809723
6082.383904549071,0.45451250672340393
6078.526971187688,0.45414671301841736
6074.670037826306,0.45403963327407837
6070.8131044649235,0.4549359977245331
6066.95617110354,0.4547673463821411
6063.099237742158,0.4549603760242462
6059.242304380775,0.4554745554924011
6055.385371019393,0.45363080501556396
6051.528437658009,0.4519083797931671
6047.671504296627,0.45270395278930664
6043.814570935245,0.45372939109802246
6039.957637573862,0.4529021084308624
6036.100704212479,0.45229166746139526
6032.243770851097,0.45226162672042847
6028.386837489714,0.4530488848686218
6024.5299041283315,0.45341840386390686
6020.672970766948,0.4528340995311737
6016.816037405566,0.4524509608745575
6012.959104044183,0.4526626467704773
6009.1021706828005,0.45258086919784546
6005.245237321418,0.4525325298309326
6001.388303960035,0.4521138072013855
5997.531370598653,0.45217981934547424
5993.6744372372705,0.45284709334373474
5989.817503875887,0.45261627435684204
5985.960570514505,0.45228952169418335
5982.103637153122,0.45398321747779846
5978.2467037917395,0.4543963074684143
5974.389770430356,0.45378968119621277
5970.532837068974,0.4530976712703705
5966.675903707592,0.45039311051368713
5962.8189703462085,0.44978538155555725
5958.962036984826,0.45200496912002563
5955.105103623444,0.45277443528175354
5951.248170262061,0.45265433192253113
5947.3912369006775,0.4523240625858307
5943.534303539296,0.4520193338394165
5939.677370177913,0.45242026448249817
5935.82043681653,0.4521826505661011
5931.9635034551475,0.4518583416938782
5928.106570093765,0.4520970582962036
5924.249636732382,0.45229992270469666
5920.392703371,0.4517444372177124
5916.535770009617,0.4513010084629059
5912.678836648234,0.45085835456848145
5908.821903286851,0.45099499821662903
5904.96496992547,0.45196932554244995
5901.108036564086,0.45227327942848206
5897.251103202703,0.4513988792896271
5893.394169841321,0.451185405254364
5889.537236479939,0.45189452171325684
5885.6803031185555,0.45222193002700806
5881.823369757173,0.45188167691230774
5877.966436395791,0.45155107975006104
5874.109503034408,0.4517326056957245
5870.2525696730245,0.45247501134872437
5866.395636311643,0.45298081636428833
5862.53870295026,0.45286014676094055
5858.681769588877,0.45196956396102905
5854.824836227494,0.45156949758529663
5850.967902866112,0.45119279623031616
5847.110969504729,0.45120367407798767
5843.254036143347,0.4512597322463989
5839.397102781964,0.45123186707496643
5835.540169420581,0.4513128101825714
5831.683236059198,0.45139461755752563
5827.826302697817,0.45101356506347656
5823.969369336433,0.451418399810791
5820.11243597505,0.45145708322525024
5816.255502613668,0.45094338059425354
5812.398569252286,0.4515458047389984
5808.541635890902,0.45118704438209534
5804.68470252952,0.450732558965683
5800.827769168138,0.45035210251808167
5796.970835806755,0.450491726398468
5793.113902445371,0.450520783662796
5789.25696908399,0.45064470171928406
5785.400035722607,0.45149752497673035
5781.543102361224,0.4515674412250519
5777.686168999841,0.4509630799293518
5773.829235638459,0.4507289230823517
5769.972302277076,0.4498744606971741
5766.115368915694,0.4497421979904175
5762.258435554311,0.4503398835659027
5758.401502192928,0.4506623148918152
5754.544568831545,0.450993150472641
5750.6876354701635,0.45086753368377686
5746.83070210878,0.44974350929260254
5742.973768747397,0.4497531056404114
5739.116835386015,0.4508378505706787
5735.2599020246325,0.4507122337818146
5731.402968663249,0.45013487339019775
5727.546035301867,0.4499130845069885
5723.689101940485,0.45010778307914734
5719.832168579102,0.4496261477470398
5715.975235217718,0.45048409700393677
5712.118301856337,0.45120030641555786
5708.261368494954,0.45082786679267883
5704.404435133571,0.4505656659603119
5700.547501772188,0.450785756111145
5696.690568410806,0.45034700632095337
5692.833635049423,0.44929268956184387
5688.9767016880405,0.44917792081832886
5685.119768326658,0.4500012695789337
5681.262834965275,0.45048490166664124
5677.405901603892,0.4513646364212036
5673.54896824251,0.4513755440711975
5669.692034881127,0.4496760368347168
5665.835101519744,0.4483557343482971
5661.978168158362,0.448045015335083
5658.1212347969795,0.44847583770751953
5654.264301435596,0.44969189167022705
5650.407368074214,0.45059219002723694
5646.550434712832,0.4508422613143921
5642.6935013514485,0.4505463242530823
5638.836567990065,0.44948482513427734
5634.979634628684,0.44877102971076965
5631.122701267301,0.4490034282207489
5627.2657679059175,0.4495910704135895
5623.408834544535,0.44903090596199036
5619.551901183153,0.448575884103775
5615.69496782177,0.44984057545661926
5611.8380344603875,0.450257807970047
5607.981101099005,0.44953250885009766
5604.124167737622,0.44914180040359497
5600.267234376239,0.4498309791088104
5596.410301014857,0.4504847526550293
5592.553367653474,0.45048704743385315
5588.696434292091,0.4497184455394745
5584.839500930709,0.4488450586795807
5580.982567569326,0.4487133026123047
5577.125634207943,0.4491806626319885
5573.268700846561,0.44918087124824524
5569.411767485179,0.4494295120239258
5565.554834123795,0.4493064880371094
5561.697900762412,0.44932153820991516
5557.84096740103,0.4489384889602661
5553.984034039648,0.4486282169818878
5550.1271006782645,0.44866088032722473
5546.270167316882,0.44870105385780334
5542.4132339555,0.4485319256782532
5538.556300594117,0.4492032825946808
5534.699367232734,0.4501177668571472
5530.842433871352,0.4488484263420105
5526.985500509969,0.4477197229862213
5523.128567148586,0.4483591318130493
5519.271633787203,0.4493516981601715
5515.414700425821,0.4499755799770355
5511.557767064438,0.44972506165504456
5507.700833703056,0.44861099123954773
5503.843900341673,0.44828730821609497
5499.98696698029,0.44830480217933655
5496.130033618908,0.4480956792831421
5492.273100257526,0.44782280921936035
5488.416166896142,0.44765591621398926
5484.559233534759,0.44826123118400574
5480.702300173377,0.4482824206352234
5476.845366811995,0.44818630814552307
5472.988433450611,0.4481019675731659
5469.131500089229,0.4478628933429718
5465.274566727847,0.44759830832481384
5461.417633366464,0.4480871260166168
5457.560700005081,0.44857820868492126
5453.703766643699,0.44821658730506897
5449.846833282316,0.4482121169567108
5445.989899920933,0.44876185059547424
5442.13296655955,0.4483969807624817
5438.276033198168,0.44804540276527405
5434.419099836785,0.4474756717681885
5430.562166475403,0.4474198520183563
5426.70523311402,0.4480556547641754
5422.848299752637,0.4478066861629486
5418.991366391255,0.4471958577632904
5415.1344330298725,0.44724225997924805
5411.277499668489,0.44706663489341736
5407.420566307106,0.44707968831062317
5403.563632945724,0.44803154468536377
5399.706699584342,0.44799375534057617
5395.849766222958,0.44747194647789
5391.992832861576,0.44849056005477905
5388.135899500194,0.44903111457824707
5384.278966138811,0.4491831064224243
5380.422032777428,0.44911086559295654
5376.565099416046,0.4491230249404907
5372.708166054663,0.4496903717517853
5368.85123269328,0.4490349292755127
5364.994299331897,0.448591947555542
5361.137365970515,0.4494321346282959
5357.280432609132,0.4495016038417816
5353.4234992477495,0.44923046231269836
5349.566565886367,0.4492360055446625
5345.709632524984,0.44927990436553955
5341.852699163602,0.45083561539649963
5337.9957658022195,0.4523499608039856
5334.138832440836,0.4530804455280304
5330.281899079453,0.4533768594264984
5326.424965718071,0.4533337652683258
5322.5680323566885,0.453708678483963
5318.711098995305,0.4549376964569092
5314.854165633923,0.45634961128234863
5310.997232272541,0.45762231945991516
5307.1402989111575,0.4586990773677826
5303.283365549775,0.45949962735176086
5299.426432188393,0.4609997272491455
5295.56949882701,0.4626842141151428
5291.7125654656265,0.4637678861618042
5287.855632104244,0.4655159115791321
5283.998698742862,0.4685101807117462
5280.141765381479,0.4708046615123749
5276.2848320200965,0.4724702537059784
5272.427898658714,0.47449955344200134
5268.570965297331,0.4768408536911011
5264.714031935949,0.47839224338531494
5260.857098574566,0.480806827545166
5257.000165213183,0.48378661274909973
5253.1432318518,0.48490267992019653
5249.286298490418,0.48433366417884827
5245.429365129035,0.48481160402297974
5241.572431767652,0.48712635040283203
5237.71549840627,0.48809975385665894
5233.858565044888,0.48769211769104004
5230.0016316835045,0.4879775047302246
5226.144698322122,0.48814335465431213
5222.28776496074,0.4876139163970947
5218.430831599357,0.4878236651420593
5214.5738982379735,0.48798489570617676
5210.716964876591,0.48751819133758545
5206.860031515209,0.48622193932533264
5203.003098153826,0.4853106141090393
5199.146164792443,0.4847501516342163
5195.289231431061,0.48473042249679565
5191.432298069678,0.48378506302833557
5187.575364708296,0.4823226034641266
5183.718431346913,0.48188215494155884
5179.86149798553,0.48211148381233215
5176.004564624147,0.4819536507129669
5172.147631262765,0.48172399401664734
5168.290697901382,0.4815720021724701
5164.433764539999,0.4806939363479614
5160.576831178617,0.47990864515304565
5156.719897817235,0.4796121120452881
5152.862964455851,0.4790250062942505
5149.006031094469,0.47926074266433716
5145.149097733087,0.47857925295829773
5141.292164371704,0.4770408272743225
5137.43523101032,0.47633829712867737
5133.578297648938,0.47671863436698914
5129.721364287556,0.4768954813480377
5125.864430926173,0.47662314772605896
5122.00749756479,0.4753701090812683
5118.150564203408,0.47487136721611023
5114.293630842025,0.4751242697238922
5110.436697480642,0.47507181763648987
5106.57976411926,0.47505202889442444
5102.722830757877,0.47477927803993225
5098.865897396494,0.4747474789619446
5095.008964035112,0.47388604283332825
5091.152030673729,0.4731708765029907
5087.295097312346,0.473192423582077
5083.438163950964,0.47275587916374207
5079.5812305895815,0.4725840389728546
5075.724297228198,0.47215497493743896
5071.867363866815,0.47173383831977844
5068.010430505434,0.4716145098209381
5064.153497144051,0.47136616706848145
5060.296563782667,0.4707206189632416
5056.439630421285,0.4700218141078949
5052.582697059903,0.46992501616477966
5048.72576369852,0.4703209698200226
5044.868830337137,0.4700152575969696
5041.011896975755,0.4692055583000183
5037.154963614372,0.46845561265945435
5033.298030252989,0.46831321716308594
5029.441096891607,0.4680800437927246
5025.584163530224,0.4684508740901947
5021.727230168841,0.46874186396598816
5017.8702968074585,0.46809864044189453
5014.013363446076,0.4675288200378418
5010.156430084693,0.4662189781665802
5006.299496723311,0.4656994938850403
5002.4425633619285,0.46636852622032166
4998.585630000545,0.4669891893863678
4994.728696639162,0.46650323271751404
4990.871763277781,0.4647836685180664
4987.0148299163975,0.4645335376262665
4983.157896555014,0.465210497379303
4979.300963193632,0.46481361985206604
4975.44402983225,0.46403488516807556
4971.5870964708665,0.4638579487800598
4967.730163109484,0.4642440974712372
4963.873229748102,0.4638424217700958
4960.016296386719,0.4633833169937134
4956.159363025336,0.4639509916305542
4952.302429663954,0.46436670422554016
4948.445496302571,0.4642121493816376
4944.588562941188,0.463652104139328
4940.7316295798055,0.4634629786014557
4936.874696218423,0.4632202088832855
4933.01776285704,0.4629989266395569
4929.160829495658,0.4628807008266449
4925.303896134275,0.463249146938324
4921.446962772892,0.4631434679031372
4917.590029411509,0.4626556634902954
4913.733096050128,0.4628187119960785
4909.876162688744,0.46317100524902344
4906.019229327361,0.46214982867240906
4902.162295965979,0.4616806209087372
4898.305362604597,0.4620903432369232
4894.4484292432135,0.4622288942337036
4890.591495881831,0.4621177017688751
4886.734562520449,0.46235084533691406
4882.877629159066,0.46262437105178833
4879.0206957976825,0.46215203404426575
4875.163762436301,0.46172988414764404
4871.306829074918,0.46211695671081543
4867.449895713535,0.46233004331588745
4863.592962352152,0.46244311332702637
4859.73602899077,0.4625086784362793
4855.879095629387,0.46226078271865845
4852.022162268005,0.46227994561195374
4848.165228906622,0.462494432926178
4844.308295545239,0.4627005457878113
4840.451362183856,0.46287548542022705
4836.594428822475,0.4622237980365753
4832.737495461091,0.4611958861351013
4828.880562099708,0.4613466262817383
4825.023628738326,0.46221986413002014
4821.166695376944,0.4628857374191284
4817.30976201556,0.46289968490600586
4813.452828654178,0.4625946879386902
4809.595895292796,0.46272194385528564
4805.738961931413,0.46259915828704834
4801.882028570029,0.4626257121562958
4798.025095208648,0.46289950609207153
4794.168161847265,0.46305882930755615
4790.311228485882,0.4634723961353302
4786.454295124499,0.46381157636642456
4782.597361763117,0.4636915624141693
4778.740428401734,0.463776558637619
4774.883495040352,0.4638034999370575
4771.026561678969,0.4638664126396179
4767.169628317586,0.46384721994400024
4763.312694956203,0.46375975012779236
4759.4557615948215,0.4636055529117584
4755.598828233438,0.4635549783706665
4751.741894872055,0.46371787786483765
4747.884961510673,0.4638897478580475
4744.028028149291,0.46374210715293884
4740.171094787907,0.463602751493454
4736.314161426525,0.46364814043045044
4732.457228065143,0.4644149839878082
4728.60029470376,0.4650875926017761
4724.743361342376,0.46519747376441956
4720.886427980995,0.46481937170028687
4717.029494619612,0.4650365710258484
4713.172561258229,0.4651971757411957
4709.315627896846,0.465332955121994
4705.458694535464,0.46533435583114624
4701.601761174081,0.46516740322113037
4697.7448278126985,0.46529585123062134
4693.887894451316,0.46569228172302246
4690.030961089933,0.4658740162849426
4686.17402772855,0.4660962224006653
4682.317094367168,0.46601206064224243
4678.460161005785,0.46627509593963623
4674.603227644402,0.4670267701148987
4670.74629428302,0.4676460027694702
4666.8893609216375,0.4680854380130768
4663.032427560254,0.468934029340744
4659.175494198872,0.4695824682712555
4655.31856083749,0.4705749452114105
4651.4616274761065,0.4717637896537781
4647.604694114723,0.47228744626045227
4643.747760753341,0.47311317920684814
4639.890827391959,0.4738160967826843
4636.0338940305755,0.4740793704986572
4632.176960669193,0.4751133322715759
4628.320027307811,0.4767610430717468
4624.463093946428,0.47737830877304077
4620.6061605850455,0.4780849516391754
4616.749227223663,0.47932618856430054
4612.89229386228,0.48019325733184814
4609.035360500897,0.4810082018375397
4605.1784271395145,0.48160579800605774
4601.321493778132,0.4819880723953247
4597.464560416749,0.4824126362800598
4593.607627055367,0.483307421207428
4589.750693693984,0.48400959372520447
4585.893760332601,0.4848233461380005
4582.036826971219,0.48641836643218994
4578.179893609837,0.4879834055900574
4574.3229602484535,0.48915937542915344
4570.46602688707,0.49028855562210083
4566.609093525688,0.4910333752632141
4562.752160164306,0.49238112568855286
4558.8952268029225,0.4942232072353363
4555.03829344154,0.4961945414543152
4551.181360080158,0.49708816409111023
4547.324426718775,0.49791181087493896
4543.467493357392,0.4999733567237854
4539.61055999601,0.5021259784698486
4535.753626634627,0.5037285685539246
4531.896693273244,0.5051339864730835
4528.039759911861,0.5050848126411438
4524.182826550479,0.5038942694664001
4520.325893189096,0.5019662380218506
4516.468959827714,0.4993581473827362
4512.612026466331,0.4971106946468353
4508.755093104948,0.4950765073299408
4504.898159743566,0.4935028851032257
4501.041226382184,0.4924464821815491
4497.1842930208,0.49152231216430664
4493.327359659417,0.4904095530509949
4489.470426298035,0.48925885558128357
4485.613492936653,0.4886913001537323
4481.756559575269,0.4883909821510315
4477.899626213887,0.48825180530548096
4474.042692852505,0.48793113231658936
4470.185759491122,0.4877804219722748
4466.328826129739,0.4877775311470032
4462.471892768357,0.4875333607196808
4458.614959406974,0.4873146712779999
4454.758026045591,0.4871160089969635
4450.901092684208,0.48648229241371155
4447.044159322826,0.4862881302833557
4443.187225961443,0.4862949252128601
4439.330292600061,0.4861263334751129
4435.473359238678,0.48603829741477966
4431.616425877295,0.4858981668949127
4427.759492515913,0.48576027154922485
4423.9025591545305,0.4859424829483032
4420.045625793147,0.4861561059951782
4416.188692431764,0.48635920882225037
4412.331759070382,0.48662078380584717
4408.474825709,0.4869498014450073
4404.617892347616,0.4868302047252655
4400.760958986234,0.48702284693717957
4396.904025624852,0.4872075319290161
4393.047092263469,0.4878581762313843
4389.190158902086,0.4885108470916748
4385.333225540704,0.4886454641819
4381.476292179321,0.48906978964805603
4377.619358817938,0.489289790391922
4373.762425456555,0.48992088437080383
4369.905492095173,0.49069178104400635
4366.04855873379,0.4905503988265991
4362.1916253724075,0.49084898829460144
4358.334692011025,0.49171343445777893
4354.477758649642,0.4920116066932678
4350.62082528826,0.49207836389541626
4346.7638919268775,0.4924139082431793
4342.906958565494,0.4927107095718384
4339.050025204111,0.4934249520301819
4335.193091842729,0.4941442310810089
4331.3361584813465,0.49432313442230225
4327.479225119963,0.4945726692676544
4323.622291758581,0.4958849251270294
4319.765358397199,0.4968716502189636
4315.9084250358155,0.4969688355922699
4312.051491674433,0.4973667562007904
4308.194558313051,0.4978545308113098
4304.337624951668,0.49822044372558594
4300.480691590285,0.4987342059612274
4296.623758228902,0.4993727207183838
4292.76682486752,0.4999869465827942
4288.909891506137,0.5006158947944641
4285.0529581447545,0.5015268921852112
4281.196024783372,0.5021364092826843
4277.339091421989,0.5025681853294373
4273.482158060607,0.5033190250396729
4269.625224699224,0.504205048084259
4265.768291337841,0.5051705241203308
4261.911357976458,0.5061985850334167
4258.054424615076,0.5071981549263
4254.197491253693,0.5080896615982056
4250.34055789231,0.5085674524307251
4246.483624530928,0.5084996819496155
4242.626691169546,0.5083447694778442
4238.7697578081625,0.5084482431411743
4234.912824446779,0.5086633563041687
4231.055891085398,0.5087658762931824
4227.198957724015,0.509208619594574
4223.3420243626315,0.5095822811126709
4219.485091001249,0.5097017288208008
4215.628157639867,0.5101204514503479
4211.771224278484,0.510797917842865
4207.914290917101,0.5116276144981384
4204.057357555719,0.5126409530639648
4200.200424194336,0.5130766034126282
4196.343490832953,0.513353168964386
4192.486557471571,0.513616144657135
4188.629624110188,0.5140072703361511
4184.772690748805,0.5146262049674988
4180.915757387423,0.5150995850563049
4177.05882402604,0.5149422883987427
4173.201890664657,0.5148649215698242
4169.344957303275,0.5153235197067261
4165.488023941893,0.5156798362731934
4161.631090580509,0.5161735415458679
4157.774157219126,0.5169367790222168
4153.917223857745,0.5175721645355225
4150.060290496362,0.5180162787437439
4146.203357134978,0.5185341238975525
4142.346423773596,0.5189557671546936
4138.489490412214,0.5194231271743774
4134.632557050831,0.5204784870147705
4130.775623689448,0.5216251611709595
4126.918690328066,0.5227928757667542
4123.061756966683,0.5236936211585999
4119.2048236053,0.5246677994728088
4115.347890243918,0.5258317589759827
4111.490956882535,0.5265381336212158
4107.634023521152,0.5274812579154968
4103.77709015977,0.529130220413208
4099.920156798387,0.5304920673370361
4096.063223437004,0.5313819646835327
4092.206290075622,0.5320383310317993
4088.349356714239,0.5329159498214722
4084.4924233528563,0.533822238445282
4080.6354899914736,0.5342682003974915
4076.7785566300913,0.5344400405883789
4072.9216232687086,0.5348648428916931
4069.064689907326,0.5353707075119019
4065.207756545943,0.5361889004707336
4061.3508231845603,0.5370318293571472
4057.493889823178,0.537750780582428
4053.6369564617953,0.5383532047271729
4049.7800231004126,0.5389805436134338
4045.92308973903,0.5396444797515869
4042.066156377647,0.5403178930282593
4038.209223016265,0.5410585999488831
4034.352289654882,0.542087972164154
4030.4953562934993,0.542629063129425
4026.6384229321166,0.5432792901992798
4022.781489570734,0.544137716293335
4018.9245562093515,0.5449197888374329
4015.067622847969,0.5455639362335205
4011.210689486586,0.546203076839447
4007.3537561252033,0.546755850315094
4003.4968227638205,0.547214150428772
3999.6398894024383,0.5476844310760498
3995.7829560410555,0.5485036969184875
3991.9260226796728,0.5489526987075806
3988.06908931829,0.5497835874557495
3984.2121559569073,0.5503364205360413
3980.355222595525,0.5503672361373901
3976.4982892341422,0.5506519079208374
3972.6413558727595,0.5510715246200562
3968.7844225113768,0.5515236258506775
3964.927489149994,0.5524588823318481
3961.0705557886117,0.5527240037918091
3957.213622427229,0.552740216255188
3953.3566890658462,0.553318202495575
3949.4997557044635,0.554175615310669
3945.6428223430808,0.5546755194664001
3941.7858889816985,0.5550013184547424
3937.9289556203157,0.5554503202438354
3934.072022258933,0.5565885305404663
3930.2150888975502,0.5568667650222778
3926.3581555361675,0.5569497346878052
3922.501222174785,0.5571610927581787
3918.6442888134025,0.5576618313789368
3914.7873554520197,0.557927668094635
3910.930422090637,0.5589981079101562
3907.073488729254,0.5609722137451172
3903.2165553678715,0.5622544884681702
3899.359622006489,0.5617399215698242
3895.502688645106,0.5625093579292297
3891.6457552837237,0.5637831687927246
3887.7888219223414,0.5648069381713867
3883.931888560958,0.566186249256134
3880.074955199576,0.5671605467796326
3876.2180218381927,0.567566990852356
3872.3610884768104,0.5690818428993225
3868.504155115428,0.5690004825592041
3864.647221754045,0.5687163472175598
3860.7902883926627,0.5696660876274109
3856.9333550312795,0.5727126598358154
3853.076421669897,0.5735259652137756
3849.219488308515,0.5732893347740173
3845.3625549471317,0.5755175948143005
3841.5056215857494,0.5773757696151733
3837.648688224366,0.5762727856636047
3833.791754862984,0.5765460729598999
3829.9348215016016,0.5775025486946106
3826.0778881402184,0.5794661641120911
3822.220954778836,0.5816287994384766
3818.364021417453,0.5821963548660278
3814.5070880560706,0.5827674865722656
3810.6501546946884,0.5846133232116699
3806.793221333305,0.5872421264648438
3802.936287971923,0.589019238948822
3799.0793546105397,0.5903822779655457
3795.2224212491574,0.5929309725761414
3791.365487887775,0.5954958200454712
3787.508554526392,0.5983019471168518
3783.6516211650096,0.6015152931213379
3779.7946878036264,0.6054616570472717
3775.937754442244,0.6083321571350098
3772.080821080862,0.6120117902755737
3768.2238877194786,0.6167024970054626
3764.3669543580963,0.6214798092842102
3760.510020996713,0.6270177960395813
3756.653087635331,0.633493959903717
3752.7961542739486,0.639276385307312
3748.9392209125654,0.6456149816513062
3745.082287551183,0.653731107711792
3741.2253541898,0.660262405872345
3737.3684208284176,0.6671507358551025
3733.5114874670353,0.6831825375556946
3729.654554105652,0.6981375813484192
3725.79762074427,0.7220069169998169
3721.9406873828866,0.7688978910446167
3718.0837540215043,0.8256006836891174
3714.226820660122,0.8819538950920105
3710.369887298739,0.9742630124092102
3706.5129539373565,1.0641145706176758
3702.6560205759733,1.1372023820877075
3698.799087214591,1.204654335975647
3694.9421538532088,1.2260252237319946
3691.0852204918256,1.210471272468567
3687.2282871304433,1.1777479648590088
3683.37135376906,1.1705230474472046
3679.514420407678,1.1832280158996582
3675.6574870462955,1.2110894918441772
3671.8005536849123,1.249086618423462
3667.94362032353,1.2827080488204956
3664.086686962147,1.30780029296875
3660.2297536007645,1.3284971714019775
3656.3728202393822,1.3564521074295044
3652.515886877999,1.3790137767791748
3648.6589535166167,1.3913928270339966
3644.8020201552335,1.4016965627670288
3640.9450867938513,1.4127506017684937
3637.088153432469,1.4248496294021606
3633.2312200710858,1.4360548257827759
3629.3742867097035,1.4533354043960571
3625.5173533483203,1.4771277904510498
3621.660419986938,1.4863715171813965
3617.8034866255557,1.4629143476486206
3613.9465532641725,1.424807071685791
3610.08961990279,1.3933923244476318
3606.232686541407,1.367423415184021
3602.3757531800247,1.35084867477417
3598.5188198186424,1.3310281038284302
3594.6618864572592,1.3105391263961792
3590.804953095877,1.299001932144165
3586.9480197344938,1.287788987159729
3583.0910863731115,1.2772356271743774
3579.234153011729,1.2704490423202515
3575.377219650346,1.263696312904358
3571.5202862889637,1.2585164308547974
3567.6633529275805,1.2525500059127808
3563.806419566198,1.245741844177246
3559.949486204816,1.2440975904464722
3556.0925528434327,1.2408244609832764
3552.2356194820504,1.235504150390625
3548.378686120667,1.2323369979858398
3544.521752759285,1.2323719263076782
3540.6648193979026,1.2320361137390137
3536.8078860365194,1.230665922164917
3532.950952675137,1.2301703691482544
3529.094019313754,1.2299236059188843
3525.2370859523717,1.2299673557281494
3521.3801525909894,1.2326853275299072
3517.523219229606,1.2352101802825928
3513.666285868224,1.2359118461608887
3509.8093525068407,1.2373794317245483
3505.9524191454584,1.239952564239502
3502.095485784076,1.2420755624771118
3498.238552422693,1.2427080869674683
3494.3816190613106,1.2439347505569458
3490.5246856999274,1.2475725412368774
3486.667752338545,1.2494659423828125
3482.810818977163,1.2504056692123413
3478.9538856157797,1.2535951137542725
3475.0969522543974,1.2561854124069214
3471.240018893014,1.256821870803833
3467.383085531632,1.2590999603271484
3463.5261521702496,1.2622500658035278
3459.6692188088664,1.2642258405685425
3455.812285447484,1.2659052610397339
3451.955352086101,1.2672256231307983
3448.0984187247186,1.2696268558502197
3444.2414853633363,1.2720022201538086
3440.384552001953,1.272763729095459
3436.527618640571,1.273940086364746
3432.6706852791876,1.2758320569992065
3428.8137519178053,1.2778334617614746
3424.956818556423,1.2784521579742432
3421.09988519504,1.2779278755187988
3417.2429518336576,1.2775893211364746
3413.3860184722744,1.2774457931518555
3409.529085110892,1.2773122787475586
3405.67215174951,1.2774111032485962
3401.8152183881266,1.2769619226455688
3397.9582850267443,1.2767881155014038
3394.101351665361,1.275341510772705
3390.244418303979,1.2740590572357178
3386.3874849425965,1.2728681564331055
3382.5305515812133,1.2719472646713257
3378.673618219831,1.2723644971847534
3374.816684858448,1.2718108892440796
3370.9597514970656,1.2700655460357666
3367.1028181356833,1.268616795539856
3363.2458847743,1.2655032873153687
3359.388951412918,1.2631558179855347
3355.5320180515346,1.2613712549209595
3351.6750846901523,1.2609490156173706
3347.81815132877,1.260518193244934
3343.961217967387,1.2594056129455566
3340.1042846060045,1.2576873302459717
3336.2473512446213,1.2554872035980225
3332.390417883239,1.252830147743225
3328.5334845218567,1.2499439716339111
3324.6765511604735,1.2475950717926025
3320.8196177990912,1.24614417552948
3316.962684437708,1.2443654537200928
3313.1057510763258,1.2430137395858765
3309.2488177149435,1.242188572883606
3305.3918843535603,1.2433987855911255
3301.534950992178,1.2410500049591064
3297.678017630795,1.237801432609558
3293.8210842694125,1.2351813316345215
3289.96415090803,1.2331751585006714
3286.107217546647,1.2307627201080322
3282.2502841852647,1.229034662246704
3278.3933508238815,1.2275952100753784
3274.5364174624992,1.2257177829742432
3270.679484101117,1.22478187084198
3266.8225507397337,1.2231031656265259
3262.9656173783515,1.2210869789123535
3259.1086840169683,1.2186522483825684
3255.251750655586,1.2152647972106934
3251.3948172942037,1.2126072645187378
3247.5378839328205,1.2108581066131592
3243.680950571438,1.2090362310409546
3239.824017210055,1.2068071365356445
3235.9670838486727,1.2048124074935913
3232.1101504872904,1.2025033235549927
3228.253217125907,1.1991753578186035
3224.396283764525,1.1958857774734497
3220.5393504031417,1.1922762393951416
3216.6824170417594,1.1879732608795166
3212.825483680377,1.1838054656982422
3208.968550318994,1.1804296970367432
3205.1116169576117,1.1778321266174316
3201.2546835962285,1.174407720565796
3197.397750234846,1.1699223518371582
3193.540816873464,1.1659696102142334
3189.6838835120807,1.1623094081878662
3185.8269501506984,1.1572866439819336
3181.970016789315,1.1528716087341309
3178.113083427933,1.148050308227539
3174.2561500665506,1.1426215171813965
3170.3992167051674,1.1379770040512085
3166.542283343785,1.1348122358322144
3162.685349982402,1.1312856674194336
3158.8284166210196,1.1272739171981812
3154.9714832596364,1.122676134109497
3151.114549898254,1.1184262037277222
3147.257616536872,1.113883137702942
3143.4006831754887,1.1094824075698853
3139.5437498141064,1.105788230895996
3135.686816452723,1.1018465757369995
3131.829883091341,1.0966793298721313
3127.9729497299586,1.0921504497528076
3124.1160163685754,1.0875338315963745
3120.259083007193,1.0838446617126465
3116.40214964581,1.080595850944519
3112.5452162844276,1.0767602920532227
3108.6882829230453,1.0731077194213867
3104.831349561662,1.0691715478897095
3100.97441620028,1.0646755695343018
3097.1174828388966,1.0610038042068481
3093.2605494775144,1.0572386980056763
3089.403616116132,1.0538820028305054
3085.546682754749,1.0501328706741333
3081.6897493933666,1.0462820529937744
3077.8328160319834,1.0429754257202148
3073.975882670601,1.039663314819336
3070.118949309219,1.0359469652175903
3066.2620159478356,1.0324349403381348
3062.4050825864533,1.0288422107696533
3058.54814922507,1.0249186754226685
3054.691215863688,1.0210578441619873
3050.8342825023055,1.0175026655197144
3046.9773491409223,1.013527512550354
3043.12041577954,1.0105842351913452
3039.263482418157,1.007015585899353
3035.4065490567746,1.002432942390442
3031.5496156953923,0.9986631870269775
3027.692682334009,0.9956661462783813
3023.835748972627,0.9921973943710327
3019.9788156112436,0.9888908863067627
3016.1218822498613,0.9854016304016113
3012.264948888479,0.9821299910545349
3008.408015527096,0.9788932204246521
3004.5510821657135,0.9758880734443665
3000.6941488043303,0.9738380908966064
2996.837215442948,0.9721654057502747
2992.9802820815657,0.9699265956878662
2989.1233487201825,0.9673890471458435
2985.2664153588003,0.9651314616203308
2981.409481997417,0.9645187854766846
2977.5525486360348,0.9640318155288696
2973.6956152746525,0.9628689885139465
2969.8386819132693,0.9615243077278137
2965.981748551887,0.9607930183410645
2962.124815190504,0.9602242708206177
2958.2678818291215,0.9591804146766663
2954.410948467739,0.9580186009407043
2950.554015106356,0.957556426525116
2946.6970817449737,0.9569537043571472
2942.8401483835905,0.9568043351173401
2938.9832150222082,0.9567826390266418
2935.126281660826,0.9565743803977966
2931.2693482994428,0.956104576587677
2927.4124149380605,0.955366849899292
2923.5554815766773,0.9536632299423218
2919.698548215295,0.9502888321876526
2915.8416148539127,0.943644642829895
2911.9846814925295,0.9344289898872375
2908.127748131147,0.9262999296188354
2904.270814769764,0.920246958732605
2900.4138814083817,0.915490984916687
2896.5569480469994,0.9113965034484863
2892.700014685616,0.9069714546203613
2888.843081324234,0.9029629230499268
2884.9861479628507,0.8992128372192383
2881.1292146014684,0.8956007361412048
2877.272281240086,0.8930696249008179
2873.415347878703,0.8909707069396973
2869.5584145173207,0.8883246183395386
2865.7014811559375,0.8855134844779968
2861.844547794555,0.8841850757598877
2857.987614433173,0.8842289447784424
2854.1306810717897,0.8839928507804871
2850.2737477104074,0.8809540271759033
2846.416814349024,0.8726018071174622
2842.559880987642,0.8626706004142761
2838.7029476262596,0.8551068305969238
2834.8460142648764,0.8490421175956726
2830.989080903494,0.8439307808876038
2827.132147542111,0.8402583599090576
2823.2752141807287,0.8369973301887512
2819.4182808193464,0.8332269787788391
2815.561347457963,0.8296483159065247
2811.704414096581,0.8264238834381104
2807.8474807351977,0.8230631351470947
2803.9905473738154,0.8199859857559204
2800.133614012433,0.8173187971115112
2796.27668065105,0.8146164417266846
2792.4197472896676,0.8117228150367737
2788.5628139282844,0.808893620967865
2784.705880566902,0.8060029149055481
2780.84894720552,0.8030527830123901
2776.9920138441366,0.8006922602653503
2773.1350804827543,0.7983206510543823
2769.278147121371,0.7954217791557312
2765.421213759989,0.7927297949790955
2761.5642803986066,0.7904062867164612
2757.7073470372234,0.7883367538452148
2753.850413675841,0.7866315841674805
2749.993480314458,0.7847500443458557
2746.1365469530756,0.7826930284500122
2742.2796135916933,0.7807691693305969
2738.42268023031,0.7789665460586548
2734.565746868928,0.776912271976471
2730.7088135075446,0.775040864944458
2726.8518801461623,0.7731040120124817
2722.99494678478,0.7712188959121704
2719.138013423397,0.7692105174064636
2715.2810800620146,0.767149806022644
2711.4241467006314,0.7654977440834045
2707.567213339249,0.7637298107147217
2703.710279977867,0.7619863152503967
2699.8533466164836,0.760282576084137
2695.9964132551013,0.758453369140625
2692.139479893718,0.7565592527389526
2688.282546532336,0.7548044919967651
2684.4256131709535,0.7533865571022034
2680.5686798095703,0.7519577145576477
2676.711746448188,0.7504843473434448
2672.854813086805,0.7488553524017334
2668.9978797254225,0.7469585537910461
2665.1409463640402,0.7453342080116272
2661.284013002657,0.7440147995948792
2657.4270796412748,0.742519736289978
2653.5701462798916,0.7407913208007812
2649.7132129185093,0.7393856644630432
2645.856279557127,0.7381374835968018
2641.999346195744,0.7366591691970825
2638.1424128343615,0.7352675199508667
2634.2854794729783,0.7337303161621094
2630.428546111596,0.7324272394180298
2626.5716127502137,0.7314404249191284
2622.7146793888305,0.7304088473320007
2618.8577460274482,0.7293546795845032
2615.000812666065,0.7283822894096375
2611.1438793046827,0.7270937561988831
2607.2869459433005,0.7259546518325806
2603.4300125819173,0.7253307700157166
2599.573079220535,0.724663496017456
2595.7161458591518,0.7236286997795105
2591.8592124977695,0.7226848006248474
2588.002279136387,0.7219753861427307
2584.145345775004,0.7213820815086365
2580.2884124136217,0.7205791473388672
2576.4314790522385,0.7196958065032959
2572.574545690856,0.7191624045372009
2568.717612329474,0.7185180187225342
2564.8606789680907,0.7176356911659241
2561.0037456067084,0.7169450521469116
2557.1468122453252,0.7164373993873596
2553.289878883943,0.715948224067688
2549.4329455225607,0.7155728936195374
2545.5760121611775,0.7154372930526733
2541.719078799795,0.7150596976280212
2537.862145438412,0.714586615562439
2534.0052120770297,0.714043915271759
2530.1482787156474,0.7138752937316895
2526.291345354264,0.7138482332229614
2522.434411992882,0.7136743664741516
2518.5774786314987,0.7135668992996216
2514.7205452701164,0.7136130928993225
2510.863611908734,0.7135075330734253
2507.006678547351,0.7133081555366516
2503.1497451859686,0.7129718661308289
2499.2928118245854,0.7128454446792603
2495.435878463203,0.7132008671760559
2491.578945101821,0.7133433222770691
2487.7220117404377,0.7130279541015625
2483.8650783790554,0.7127327919006348
2480.008145017672,0.7127211093902588
2476.15121165629,0.7127392292022705
2472.2942782949076,0.7123989462852478
2468.4373449335244,0.7121884822845459
2464.580411572142,0.7121953964233398
2460.723478210759,0.7124877572059631
2456.8665448493766,0.7128679156303406
2453.0096114879943,0.7128532528877258
2449.152678126611,0.7128209471702576
2445.295744765229,0.7131950855255127
2441.4388114038456,0.7135950326919556
2437.5818780424634,0.7139482498168945
2433.724944681081,0.7143274545669556
2429.868011319698,0.7146983742713928
2426.0110779583156,0.7148792147636414
2422.1541445969324,0.715033233165741
2418.29721123555,0.7155112028121948
2414.440277874168,0.7162070870399475
2410.5833445127846,0.7167924046516418
2406.7264111514023,0.7171047925949097
2402.869477790019,0.7173614501953125
2399.012544428637,0.7178837656974792
2395.1556110672545,0.7181975245475769
2391.2986777058713,0.7188761234283447
2387.441744344489,0.7197445631027222
2383.584810983106,0.720526397228241
2379.7278776217236,0.7212848663330078
2375.8709442603413,0.7219416499137878
2372.014010898958,0.7223314642906189
2368.157077537576,0.7228792905807495
2364.3001441761926,0.7240318059921265
2360.4432108148103,0.7249550223350525
2356.586277453428,0.7256054878234863
2352.729344092045,0.7280429005622864
2348.8724107306625,0.7280061841011047
2345.0154773692793,0.7298474311828613
2341.158544007897,0.7312747836112976
2337.3016106465147,0.7310786247253418
2333.4446772851315,0.7288902997970581
2329.5877439237493,0.728278398513794
2325.730810562366,0.7285619974136353
2321.8738772009838,0.7295042276382446
2318.0169438396015,0.7295777201652527
2314.1600104782183,0.7303739786148071
2310.303077116836,0.7314049601554871
2306.446143755453,0.7323731780052185
2302.5892103940705,0.7328349947929382
2298.732277032688,0.7336165904998779
2294.875343671305,0.7347203493118286
2291.0184103099227,0.7359390258789062
2287.1614769485395,0.7373356819152832
2283.3045435871572,0.7392676472663879
2279.447610225774,0.7413086891174316
2275.5906768643918,0.7434513568878174
2271.7337435030095,0.7456710338592529
2267.8768101416263,0.7476829290390015
2264.019876780244,0.7491730451583862
2260.162943418861,0.7507739663124084
2256.3060100574785,0.7524169683456421
2252.449076696096,0.7541971802711487
2248.592143334713,0.7560980916023254
2244.7352099733307,0.7580662965774536
2240.8782766119475,0.7599451541900635
2237.021343250565,0.7614696621894836
2233.164409889183,0.7621332406997681
2229.3074765277997,0.7624021768569946
2225.4505431664174,0.7624918818473816
2221.5936098050342,0.762032151222229
2217.736676443652,0.7608230710029602
2213.8797430822697,0.7598039507865906
2210.0228097208865,0.7589640617370605
2206.165876359504,0.7585394978523254
2202.308942998121,0.7583805322647095
2198.4520096367387,0.7587765455245972
2194.5950762753564,0.7593382596969604
2190.738142913973,0.7601065039634705
2186.881209552591,0.7610733509063721
2183.0242761912077,0.7624119520187378
2179.1673428298254,0.7637772560119629
2175.310409468443,0.7654344439506531
2171.45347610706,0.7673241496086121
2167.5965427456777,0.7695081233978271
2163.7396093842945,0.7715532183647156
2159.882676022912,0.7738668918609619
2156.02574266153,0.776265561580658
2152.1688093001467,0.7793697118759155
2148.3118759387644,0.7823994159698486
2144.454942577381,0.7851882576942444
2140.598009215999,0.7879533767700195
2136.7410758546166,0.7906352281570435
2132.8841424932334,0.7919468283653259
2129.027209131851,0.7920670509338379
2125.170275770468,0.7917818427085876
2121.3133424090856,0.792051374912262
2117.4564090477033,0.7927384972572327
2113.59947568632,0.7939934134483337
2109.742542324938,0.795539379119873
2105.8856089635547,0.797539234161377
2102.0286756021724,0.7993274331092834
2098.17174224079,0.8012859225273132
2094.314808879407,0.8031924366950989
2090.4578755180246,0.8053255081176758
2086.6009421566414,0.8076683282852173
2082.744008795259,0.8107697367668152
2078.887075433877,0.813734233379364
2075.0301420724936,0.8164926767349243
2071.1732087111113,0.8196136355400085
2067.316275349728,0.823482871055603
2063.459341988346,0.8273743391036987
2059.6024086269636,0.8320536613464355
2055.7454752655804,0.8375616669654846
2051.888541904198,0.8444059491157532
2048.031608542815,0.8526949882507324
2044.1746751814326,0.8638740181922913
2040.3177418200503,0.8778435587882996
2036.460808458667,0.8930990099906921
2032.6038750972848,0.9063231348991394
2028.7469417359016,0.9162988066673279
2024.8900083745193,0.9232958555221558
2021.033075013137,0.9300470352172852
2017.1761416517538,0.9395602941513062
2013.3192082903715,0.9526186585426331
2009.4622749289883,0.9665958881378174
2005.605341567606,0.9791795015335083
2001.7484082062238,0.9881089329719543
1997.8914748448406,0.9939979910850525
1994.0345414834583,0.9967250227928162
1990.177608122075,0.9982214570045471
1986.3206747606928,0.9995343089103699
1982.4637413993105,1.000909447669983
1978.6068080379273,1.0022130012512207
1974.749874676545,1.0030245780944824
1970.8929413151618,1.001889705657959
1967.0360079537795,0.9988166093826294
1963.1790745923972,0.9954684376716614
1959.322141231014,0.9941526651382446
1955.4652078696317,0.9943763017654419
1951.6082745082485,0.9965506792068481
1947.7513411468663,0.99825119972229
1943.894407785484,0.9988919496536255
1940.0374744241008,1.000260353088379
1936.1805410627185,1.0024209022521973
1932.3236077013353,1.0037118196487427
1928.466674339953,1.0053058862686157
1924.6097409785707,1.0081043243408203
1920.7528076171875,1.0147017240524292
1916.8958742558052,1.0265419483184814
1913.038940894422,1.0428879261016846
1909.1820075330397,1.0629603862762451
1905.3250741716574,1.086176872253418
1901.4681408102742,1.1078821420669556
1897.611207448892,1.1275354623794556
1893.7542740875087,1.145713210105896
1889.8973407261265,1.1625128984451294
1886.0404073647442,1.1762702465057373
1882.183474003361,1.1861037015914917
1878.3265406419787,1.1943004131317139
1874.4696072805955,1.2006460428237915
1870.6126739192132,1.2029783725738525
1866.755740557831,1.2004889249801636
1862.8988071964477,1.1925660371780396
1859.0418738350654,1.1766023635864258
1855.1849404736822,1.1536825895309448
1851.3280071123,1.1304945945739746
1847.4710737509176,1.1106986999511719
1843.6141403895344,1.095029592514038
1839.7572070281522,1.0880533456802368
1835.900273666769,1.0857269763946533
1832.0433403053867,1.086362600326538
1828.1864069440044,1.091868281364441
1824.3294735826212,1.1010135412216187
1820.472540221239,1.1103495359420776
1816.6156068598557,1.1185370683670044
1812.7586734984734,1.1271048784255981
1808.901740137091,1.1377311944961548
1805.044806775708,1.148110032081604
1801.1878734143256,1.1562597751617432
1797.3309400529424,1.1639100313186646
1793.4740066915601,1.1688752174377441
1789.6170733301778,1.1747831106185913
1785.7601399687946,1.177362084388733
1781.9032066074124,1.1780521869659424
1778.0462732460292,1.1762219667434692
1774.1893398846469,1.171345829963684
1770.3324065232646,1.1637394428253174
1766.4754731618814,1.1611378192901611
1762.618539800499,1.1599699258804321
1758.761606439116,1.1632179021835327
1754.9046730777336,1.1694015264511108
1751.0477397163513,1.1781455278396606
1747.1908063549681,1.1926021575927734
1743.3338729935858,1.208691954612732
1739.4769396322026,1.2224624156951904
1735.6200062708203,1.2357255220413208
1731.763072909438,1.2526578903198242
1727.9061395480549,1.2680926322937012
1724.0492061866726,1.2796788215637207
1720.1922728252894,1.2907766103744507
1716.335339463907,1.3083958625793457
1712.4784061025248,1.3289095163345337
1708.6214727411416,1.341491460800171
1704.7645393797593,1.3578547239303589
1700.907606018376,1.3771854639053345
1697.0506726569938,1.411678433418274
1693.1937392956115,1.4376131296157837
1689.3368059342283,1.4526431560516357
1685.479872572846,1.4710105657577515
1681.6229392114628,1.4997820854187012
1677.7660058500805,1.511404275894165
1673.9090724886983,1.5208946466445923
1670.052139127315,1.5362005233764648
1666.1952057659328,1.5532763004302979
1662.3382724045496,1.569591760635376
1658.4813390431673,1.5823943614959717
1654.624405681785,1.5880625247955322
1650.7674723204018,1.5983737707138062
1646.9105389590195,1.61618971824646
1643.0536055976363,1.632703423500061
1639.196672236254,1.6402108669281006
1635.3397388748717,1.6481045484542847
1631.4828055134885,1.652109146118164
1627.6258721521062,1.6532752513885498
1623.768938790723,1.6516789197921753
1619.9120054293408,1.6444796323776245
1616.0550720679585,1.6361558437347412
1612.1981387065753,1.6295006275177002
1608.341205345193,1.61793851852417
1604.4842719838098,1.6034150123596191
1600.6273386224275,1.5902684926986694
1596.7704052610452,1.574975848197937
1592.913471899662,1.557878017425537
1589.0565385382797,1.5437506437301636
1585.1996051768965,1.5306413173675537
1581.3426718155142,1.5174747705459595
1577.485738454132,1.5062506198883057
1573.6288050927487,1.4973434209823608
1569.7718717313664,1.490307331085205
1565.9149383699832,1.4805454015731812
1562.058005008601,1.4757541418075562
1558.2010716472187,1.4752609729766846
1554.3441382858355,1.4787626266479492
1550.4872049244532,1.479737401008606
1546.63027156307,1.4809064865112305
1542.7733382016877,1.4848607778549194
1538.9164048403054,1.5011802911758423
1535.0594714789222,1.5089846849441528
1531.20253811754,1.51614248752594
1527.3456047561567,1.5184980630874634
1523.4886713947744,1.5172841548919678
1519.6317380333921,1.517066478729248
1515.774804672009,1.5153683423995972
1511.9178713106267,1.5138564109802246
1508.0609379492435,1.5149755477905273
1504.2040045878612,1.5159940719604492
1500.3470712264789,1.5174150466918945
1496.4901378650957,1.521102786064148
1492.6332045037134,1.5255417823791504
1488.7762711423302,1.5302066802978516
1484.919337780948,1.5384620428085327
1481.0624044195656,1.5443140268325806
1477.2054710581824,1.5521610975265503
1473.3485376968001,1.5711767673492432
1469.491604335417,1.5878121852874756
1465.6346709740346,1.5960465669631958
1461.7777376126523,1.6061506271362305
1457.9208042512691,1.6167434453964233
1454.0638708898869,1.631252408027649
1450.2069375285037,1.6424423456192017
1446.3500041671214,1.6538069248199463
1442.493070805739,1.6642894744873047
1438.6361374443559,1.6767281293869019
1434.7792040829736,1.6935170888900757
1430.9222707215904,1.7047216892242432
1427.065337360208,1.7125518321990967
1423.2084039988258,1.721212387084961
1419.3514706374426,1.731222152709961
1415.4945372760603,1.7392178773880005
1411.6376039146771,1.7448136806488037
1407.7806705532948,1.7457941770553589
1403.9237371919116,1.7487537860870361
1400.0668038305294,1.7568318843841553
1396.209870469147,1.7654885053634644
1392.3529371077639,1.7715721130371094
1388.4960037463816,1.7805418968200684
1384.6390703849984,1.791040301322937
1380.782137023616,1.7982544898986816
1376.9252036622338,1.8035532236099243
1373.0682703008506,1.8129466772079468
1369.2113369394683,1.8202149868011475
1365.354403578085,1.8219407796859741
1361.4974702167028,1.8235007524490356
1357.6405368553205,1.8272337913513184
1353.7836034939373,1.8280553817749023
1349.926670132555,1.8316088914871216
1346.0697367711718,1.8365346193313599
1342.2128034097896,1.8378688097000122
1338.3558700484073,1.8358683586120605
1334.498936687024,1.8355869054794312
1330.6420033256418,1.8376578092575073
1326.7850699642586,1.8362914323806763
1322.9281366028763,1.8298671245574951
1319.071203241494,1.8261274099349976
1315.2142698801108,1.8188329935073853
1311.3573365187285,1.8112103939056396
1307.5004031573453,1.8025528192520142
1303.643469795963,1.7892292737960815
1299.7865364345807,1.7761281728744507
1295.9296030731975,1.7695741653442383
1292.0726697118153,1.7605587244033813
1288.215736350432,1.7493343353271484
1284.3588029890498,1.7402234077453613
1280.5018696276675,1.7311962842941284
1276.6449362662843,1.715399980545044
1272.788002904902,1.6958341598510742
1268.9310695435188,1.67147958278656
1265.0741361821365,1.6447604894638062
1261.2172028207542,1.6174192428588867
1257.360269459371,1.5924758911132812
1253.5033360979887,1.573901653289795
1249.6464027366055,1.5585839748382568
1245.7894693752232,1.5438320636749268
1241.932536013841,1.5261107683181763
1238.0756026524577,1.5037556886672974
1234.2186692910755,1.479240894317627
1230.3617359296923,1.4527734518051147
1226.50480256831,1.4289129972457886
1222.6478692069277,1.4125579595565796
1218.7909358455445,1.4062072038650513
1214.9340024841622,1.4093854427337646
1211.077069122779,1.4182722568511963
1207.2201357613967,1.4326165914535522
1203.3632024000144,1.4470003843307495
1199.5062690386312,1.459694266319275
1195.649335677249,1.4710497856140137
1191.7924023158657,1.4786714315414429
1187.9354689544834,1.4792424440383911
1184.0785355931012,1.475996971130371
1180.221602231718,1.4730387926101685
1176.3646688703357,1.4688911437988281
1172.5077355089525,1.4669461250305176
1168.6508021475702,1.4738388061523438
1164.7938687861879,1.4968996047973633
1160.9369354248047,1.5276069641113281
1157.0800020634224,1.5249276161193848
1153.2230687020392,1.4915846586227417
1149.366135340657,1.4630751609802246
1145.5092019792746,1.4459248781204224
1141.6522686178914,1.434687852859497
1137.7953352565091,1.4248775243759155
1133.938401895126,1.4158138036727905
1130.0814685337436,1.4103212356567383
1126.2245351723614,1.409222960472107
1122.3676018109782,1.4113503694534302
1118.5106684495959,1.416107416152954
1114.6537350882127,1.4237518310546875
1110.7968017268304,1.4263008832931519
1106.939868365448,1.422217607498169
1103.082935004065,1.4194403886795044
1099.2260016426826,1.4169002771377563
1095.3690682812994,1.411734938621521
1091.5121349199171,1.4068312644958496
1087.6552015585348,1.4075216054916382
1083.7982681971516,1.4100589752197266
1079.9413348357693,1.4154659509658813
1076.0844014743861,1.4225906133651733
1072.2274681130039,1.4342173337936401
1068.3705347516216,1.4584461450576782
1064.5136013902384,1.4890304803848267
1060.656668028856,1.5185022354125977
1056.7997346674729,1.5424566268920898
1052.9428013060906,1.5548601150512695
1049.0858679447083,1.565310001373291
1045.228934583325,1.57370126247406
1041.3720012219428,1.5751017332077026
1037.5150678605596,1.5824334621429443
1033.6581344991773,1.595517873764038
1029.801201137795,1.6058871746063232
1025.9442677764118,1.6164251565933228
1022.0873344150295,1.6222063302993774
1018.2304010536463,1.631430745124817
1014.3734676922641,1.6390472650527954
1010.5165343308818,1.6383200883865356
1006.6596009694986,1.6433131694793701
1002.8026676081163,1.6507939100265503
998.9457342467331,1.652042031288147
995.0888008853508,1.6530921459197998
991.2318675239685,1.6543384790420532
987.3749341625853,1.6479215621948242
983.518000801203,1.6399292945861816
979.6610674398198,1.6340590715408325
975.8041340784375,1.6260240077972412
971.9472007170552,1.6135176420211792
968.090267355672,1.6028519868850708
964.2333339942898,1.597318410873413
960.3764006329066,1.5958516597747803
956.5194672715243,1.5994658470153809
952.662533910142,1.603554368019104
948.8056005487588,1.6070698499679565
944.9486671873765,1.6179746389389038
941.0917338259933,1.6320207118988037
937.234800464611,1.6426712274551392
933.3778671032287,1.6522413492202759
929.5209337418455,1.6598422527313232
925.6640003804632,1.6705596446990967
921.80706701908,1.684956669807434
917.9501336576977,1.6948461532592773
914.0932002963154,1.6902631521224976
910.2362669349322,1.6819448471069336
906.37933357355,1.6659337282180786
902.5224002121668,1.6433823108673096
898.6654668507845,1.6281752586364746
894.8085334894022,1.624388575553894
890.951600128019,1.6186271905899048
887.0946667666367,1.6112465858459473
883.2377334052535,1.6126646995544434
879.3808000438712,1.6241531372070312
875.5238666824889,1.6288427114486694
871.6669333211057,1.6197322607040405
867.8099999597234,1.6162809133529663
863.9530665983402,1.6152616739273071
860.0961332369579,1.6098507642745972
856.2391998755757,1.6201688051223755
852.3822665141925,1.6338545083999634
848.5253331528102,1.6541035175323486
844.668399791427,1.6747592687606812
840.8114664300447,1.70014488697052
836.9545330686624,1.7449480295181274
833.0975997072792,1.7917076349258423
829.2406663458969,1.816104769706726
825.3837329845137,1.850582242012024
821.5267996231314,1.9041452407836914
817.6698662617491,1.9627588987350464
813.8129329003659,2.014028310775757
809.9559995389836,2.0188374519348145
806.0990661776004,1.9494245052337646
802.2421328162181,1.8761870861053467
798.3851994548359,1.829649806022644
794.5282660934527,1.804885745048523
790.6713327320704,1.7934024333953857
786.8143993706872,1.775559663772583
782.9574660093049,1.7536873817443848
779.1005326479226,1.7327618598937988
775.2435992865394,1.7163900136947632
771.3866659251571,1.7078149318695068
767.5297325637739,1.6899499893188477
763.6727992023916,1.676023006439209
759.8158658410093,1.6725825071334839
755.9589324796261,1.6786123514175415
752.1019991182438,1.6959912776947021
748.2450657568606,1.7124683856964111
744.3881323954784,1.7216144800186157
740.5311990340961,1.7311407327651978
736.6742656727129,1.7322123050689697
732.8173323113306,1.7286579608917236
728.9603989499474,1.74062180519104
725.1034655885651,1.7610588073730469
721.2465322271828,1.7846384048461914
717.3895988657996,1.8088792562484741
713.5326655044173,1.8313242197036743
709.6757321430341,1.8600159883499146
705.8187987816518,1.9076064825057983
701.9618654202695,1.9832606315612793
698.1049320588863,1.9955809116363525
694.247998697504,1.9395581483840942
690.3910653361208,1.8934311866760254
686.5341319747386,1.8834916353225708
682.6771986133563,1.8779280185699463
678.8202652519731,1.8631703853607178
674.9633318905908,1.8582253456115723
671.1063985292076,1.8388683795928955
667.2494651678253,1.8347407579421997
663.392531806443,1.8462530374526978
659.5355984450598,1.8776535987854004
655.6786650836775,1.9150116443634033
651.8217317222943,1.9095826148986816
647.964798360912,1.9019964933395386
644.1078649995297,1.8898752927780151
640.2509316381465,1.888373613357544
636.3939982767643,1.923424482345581
632.537064915381,1.9776618480682373
628.6801315539988,1.9917386770248413
624.8231981926165,1.968343734741211
620.9662648312333,1.975497841835022
617.109331469851,2.0237300395965576
613.2523981084678,2.082108497619629
609.3954647470855,2.0623831748962402
605.5385313857032,2.0015194416046143
601.68159802432,2.006849527359009
597.8246646629377,2.0252649784088135
593.9677313015545,1.9902268648147583
590.1107979401722,1.9532417058944702
586.25386457879,1.9276952743530273
582.3969312174067,1.9269075393676758
578.5399978560245,1.9380543231964111
574.6830644946413,1.912590742111206
570.826131133259,1.9065943956375122
566.9691977718767,1.8726152181625366
563.1122644104935,1.8394381999969482
559.2553310491112,1.7905375957489014
555.398397687728,1.758793830871582
551.5414643263457,1.7848644256591797
547.6845309649634,1.759581208229065
543.8275976035802,1.6889721155166626
539.9706642421979,1.6727057695388794
536.1137308808147,1.6772284507751465
532.2567975194324,1.7041171789169312
528.3998641580492,1.732745885848999
524.542930796667,1.7255371809005737
520.6859974352847,1.7222055196762085
516.8290640739015,1.737496018409729
512.9721307125192,1.7500072717666626
509.115197351136,1.7611085176467896
505.2582639897537,1.7565780878067017
501.4013306283714,1.7334699630737305
497.5443972669882,1.712044358253479
493.6874639056059,1.6705011129379272
489.8305305442227,1.6248611211776733
485.9735971828404,1.5948431491851807
482.11666382145813,1.5490010976791382
478.25973046007493,1.537697672843933
474.40279709869264,1.534022331237793
470.54586373730945,1.5198974609375
466.68893037592716,1.4799327850341797
462.83199701454487,1.476511001586914
458.97506365316167,1.5028128623962402
455.1181302917794,1.5212273597717285
451.2611969303962,1.567984938621521
447.4042635690139,1.5676792860031128
443.5473302076316,1.5946465730667114
439.6903968462484,1.6351786851882935
435.8334634848661,1.6027743816375732
431.9765301234829,1.608734130859375
428.1195967621006,1.6519087553024292
424.26266340071834,1.678148627281189
420.40573003933514,1.6749801635742188
416.54879667795285,1.7083479166030884
412.69186331656965,1.71425199508667
408.83492995518736,1.7120120525360107
404.9779965938051,1.678178071975708
401.1210632324219,1.5933810472488403
