Wavenumber,SS8.spa
7999.27978515625,0.8134121298789978
7995.422851794868,0.8211008310317993
7991.5659184334845,0.8080270290374756
7987.708985072102,0.7965900301933289
7983.852051710719,0.7856321930885315
7979.995118349337,0.7737405300140381
7976.138184987954,0.7710920572280884
7972.281251626571,0.799401581287384
7968.424318265189,0.828153669834137
7964.567384903806,0.827568531036377
7960.7104515424235,0.8145018815994263
7956.853518181041,0.8059810400009155
7952.996584819658,0.8011037707328796
7949.139651458276,0.7878938317298889
7945.2827180968925,0.7895866632461548
7941.42578473551,0.8154233694076538
7937.568851374128,0.8344448804855347
7933.711918012745,0.8308842182159424
7929.854984651362,0.8158711791038513
7925.998051289979,0.8168848752975464
7922.141117928597,0.8290239572525024
7918.284184567215,0.8190060257911682
7914.427251205831,0.7938114404678345
7910.570317844449,0.7777977585792542
7906.713384483066,0.7856838703155518
7902.856451121684,0.8005999326705933
7898.999517760301,0.8103430867195129
7895.142584398918,0.8183341026306152
7891.285651037536,0.8098034858703613
7887.428717676153,0.8013051748275757
7883.57178431477,0.8046460747718811
7879.714850953388,0.8077967166900635
7875.857917592005,0.8103516697883606
7872.000984230623,0.8096585869789124
7868.144050869239,0.8034706711769104
7864.287117507857,0.7989017963409424
7860.430184146475,0.8016260862350464
7856.573250785092,0.8072761297225952
7852.716317423709,0.8073621988296509
7848.859384062326,0.7979370951652527
7845.002450700944,0.790894627571106
7841.145517339562,0.7937121987342834
7837.288583978178,0.8055434226989746
7833.431650616796,0.803346574306488
7829.574717255413,0.7908915877342224
7825.717783894031,0.7836915254592896
7821.860850532648,0.7925947308540344
7818.003917171265,0.8030030131340027
7814.146983809883,0.8001316785812378
7810.2900504485,0.8010484576225281
7806.433117087117,0.798934280872345
7802.576183725735,0.8023673892021179
7798.719250364352,0.8161933422088623
7794.86231700297,0.8090618848800659
7791.005383641586,0.7964497804641724
7787.148450280204,0.7910230159759521
7783.291516918822,0.7918614745140076
7779.434583557439,0.7982030510902405
7775.577650196056,0.804624617099762
7771.720716834673,0.7974093556404114
7767.863783473291,0.790393590927124
7764.0068501119085,0.7870091199874878
7760.149916750525,0.7881056666374207
7756.292983389143,0.8014929294586182
7752.43605002776,0.8179988861083984
7748.579116666378,0.8167942762374878
7744.722183304995,0.8146341443061829
7740.865249943612,0.813151478767395
7737.00831658223,0.802476167678833
7733.151383220847,0.79193514585495
7729.294449859464,0.786353349685669
7725.437516498082,0.7886788249015808
7721.580583136699,0.7922185063362122
7717.7236497753165,0.7884926199913025
7713.866716413933,0.7844991087913513
7710.009783052551,0.8074227571487427
7706.152849691169,0.815387487411499
7702.2959163297855,0.7857646942138672
7698.438982968403,0.7759866714477539
7694.58204960702,0.7919701933860779
7690.725116245638,0.7994310855865479
7686.868182884255,0.8071166276931763
7683.011249522872,0.8198899030685425
7679.15431616149,0.8097494840621948
7675.297382800107,0.7992263436317444
7671.4404494387245,0.7988387942314148
7667.583516077342,0.8024472594261169
7663.726582715959,0.8120506405830383
7659.869649354577,0.8132773041725159
7656.0127159931935,0.8027225136756897
7652.155782631811,0.7932098507881165
7648.298849270428,0.7878812551498413
7644.441915909046,0.7868936657905579
7640.5849825476635,0.7934393286705017
7636.72804918628,0.7983084321022034
7632.871115824898,0.7966136932373047
7629.014182463516,0.7989686727523804
7625.1572491021325,0.8035339713096619
7621.30031574075,0.8014324903488159
7617.443382379367,0.7983344197273254
7613.586449017985,0.8026955127716064
7609.7295156566015,0.8049147725105286
7605.872582295219,0.8047572374343872
7602.015648933837,0.807125449180603
7598.158715572454,0.8097666501998901
7594.301782211071,0.8083317875862122
7590.444848849689,0.8103638291358948
7586.587915488306,0.8066389560699463
7582.730982126924,0.7996573448181152
7578.8740487655405,0.7887696027755737
7575.017115404158,0.7934549450874329
7571.160182042775,0.8009594678878784
7567.303248681393,0.7941226959228516
7563.44631532001,0.785514235496521
7559.589381958627,0.7828642725944519
7555.732448597245,0.7893897294998169
7551.875515235863,0.7996888756752014
7548.018581874479,0.8052398562431335
7544.161648513097,0.803504467010498
7540.304715151714,0.8072718977928162
7536.447781790332,0.8031488656997681
7532.590848428948,0.7978556156158447
7528.733915067566,0.8006371259689331
7524.876981706184,0.8045013546943665
7521.020048344801,0.8031039237976074
7517.163114983418,0.8043617606163025
7513.306181622036,0.8120891451835632
7509.449248260653,0.8037851452827454
7505.592314899271,0.7960947155952454
7501.735381537887,0.7988380193710327
7497.878448176505,0.8013874292373657
7494.021514815122,0.8008172512054443
7490.16458145374,0.8043244481086731
7486.307648092357,0.8031851649284363
7482.450714730974,0.8088995218276978
7478.593781369592,0.8088805079460144
7474.73684800821,0.8016828298568726
7470.879914646826,0.8010821342468262
7467.022981285444,0.8023375272750854
7463.166047924061,0.7987198233604431
7459.309114562679,0.8006352186203003
7455.452181201295,0.8010915517807007
7451.595247839913,0.7931044697761536
7447.738314478531,0.7863646745681763
7443.881381117148,0.7918641567230225
7440.024447755765,0.795009970664978
7436.167514394383,0.7923601865768433
7432.310581033,0.7948243021965027
7428.453647671618,0.7910082936286926
7424.596714310234,0.7891511917114258
7420.739780948852,0.7932019233703613
7416.882847587469,0.8096952438354492
7413.025914226087,0.8234805464744568
7409.168980864704,0.8252138495445251
7405.312047503321,0.8223183751106262
7401.455114141939,0.8145028948783875
7397.5981807805565,0.811967670917511
7393.741247419173,0.8093196153640747
7389.884314057791,0.8034171462059021
7386.027380696408,0.8012930750846863
7382.1704473350255,0.7937321662902832
7378.313513973642,0.7854239344596863
7374.45658061226,0.7905214428901672
7370.599647250878,0.7965437769889832
7366.742713889495,0.8048586845397949
7362.885780528112,0.811497151851654
7359.02884716673,0.8162267804145813
7355.171913805347,0.8134413361549377
7351.3149804439645,0.8035445809364319
7347.458047082581,0.7969074845314026
7343.601113721199,0.7960997819900513
7339.744180359816,0.8075781464576721
7335.8872469984335,0.8181197047233582
7332.030313637051,0.8161481618881226
7328.173380275668,0.811325192451477
7324.316446914286,0.8121623992919922
7320.459513552903,0.8134223222732544
7316.60258019152,0.8014875650405884
7312.745646830138,0.7950876951217651
7308.888713468755,0.8004928231239319
7305.0317801073725,0.8004461526870728
7301.174846745989,0.7980172038078308
7297.317913384607,0.7963492274284363
7293.460980023225,0.7928857803344727
7289.6040466618415,0.7931035161018372
7285.747113300459,0.7985443472862244
7281.890179939076,0.805740237236023
7278.033246577694,0.8111160397529602
7274.176313216311,0.8082569241523743
7270.319379854928,0.7990404963493347
7266.462446493546,0.7959392666816711
7262.605513132163,0.7904210686683655
7258.74857977078,0.7927680015563965
7254.891646409398,0.8044888377189636
7251.034713048015,0.8083763122558594
7247.177779686633,0.8041616082191467
7243.3208463252495,0.7972571849822998
7239.463912963867,0.7943933606147766
7235.606979602485,0.7992191910743713
7231.750046241102,0.7974268794059753
7227.893112879719,0.7985915541648865
7224.036179518336,0.808253288269043
7220.179246156954,0.8085114359855652
7216.322312795572,0.8047118186950684
7212.465379434188,0.8081080913543701
7208.608446072806,0.8072812557220459
7204.751512711423,0.8064360022544861
7200.894579350041,0.806281328201294
7197.037645988658,0.8066458702087402
7193.180712627275,0.8096314072608948
7189.323779265893,0.8145760297775269
7185.46684590451,0.8192051649093628
7181.609912543127,0.817343533039093
7177.752979181745,0.8140354752540588
7173.896045820362,0.8106494545936584
7170.03911245898,0.8060165047645569
7166.182179097596,0.8071693778038025
7162.325245736214,0.812205970287323
7158.468312374832,0.817436933517456
7154.611379013449,0.8196732997894287
7150.754445652066,0.8212395310401917
7146.897512290683,0.8128480911254883
7143.040578929301,0.8077390789985657
7139.183645567919,0.8073886036872864
7135.326712206535,0.8038151860237122
7131.469778845153,0.8060495853424072
7127.61284548377,0.8139610290527344
7123.755912122388,0.8159833550453186
7119.898978761005,0.8130031824111938
7116.042045399622,0.8138025999069214
7112.18511203824,0.8185104727745056
7108.328178676857,0.8185919523239136
7104.471245315474,0.8178595900535583
7100.614311954092,0.8181992173194885
7096.757378592709,0.8190923929214478
7092.900445231327,0.8175606727600098
7089.043511869943,0.8137223720550537
7085.186578508561,0.8150242567062378
7081.329645147179,0.8242209553718567
7077.472711785796,0.8287383913993835
7073.615778424413,0.8273022174835205
7069.75884506303,0.8279919624328613
7065.901911701648,0.8256587386131287
7062.0449783402655,0.8233169913291931
7058.188044978882,0.822616457939148
7054.3311116175,0.8185998201370239
7050.474178256117,0.8165943026542664
7046.6172448947345,0.8110609650611877
7042.760311533352,0.814943790435791
7038.903378171969,0.8221303820610046
7035.046444810587,0.8204677700996399
7031.189511449204,0.8140856027603149
7027.332578087821,0.8039590716362
7023.475644726439,0.8061167597770691
7019.618711365056,0.8130406141281128
7015.7617780036735,0.8114104866981506
7011.90484464229,0.8118418455123901
7008.047911280908,0.8111826181411743
7004.190977919526,0.814582109451294
7000.3340445581425,0.8167348504066467
6996.47711119676,0.8116826415061951
6992.620177835377,0.8043844699859619
6988.763244473995,0.8103954792022705
6984.9063111126125,0.8182188868522644
6981.049377751229,0.8206120729446411
6977.192444389847,0.8210664987564087
6973.335511028464,0.8210394978523254
6969.4785776670815,0.8173332214355469
6965.621644305698,0.8145726323127747
6961.764710944316,0.8130776882171631
6957.907777582934,0.81072598695755
6954.0508442215505,0.8116683959960938
6950.193910860168,0.8066810965538025
6946.336977498786,0.8003278374671936
6942.480044137403,0.7995443344116211
6938.62311077602,0.8010798692703247
6934.766177414637,0.8057260513305664
6930.909244053255,0.8131680488586426
6927.052310691872,0.819230854511261
6923.1953773304895,0.8205532431602478
6919.338443969107,0.8127368688583374
6915.481510607724,0.8080233335494995
6911.624577246342,0.8062337636947632
6907.767643884959,0.8076978325843811
6903.910710523576,0.8128213882446289
6900.053777162194,0.8116203546524048
6896.196843800811,0.8085287809371948
6892.339910439428,0.8067335486412048
6888.482977078045,0.8079777956008911
6884.626043716663,0.8072071075439453
6880.769110355281,0.8067111372947693
6876.912176993897,0.8048006892204285
6873.055243632515,0.8050873279571533
6869.198310271133,0.8081072568893433
6865.34137690975,0.8065268397331238
6861.484443548367,0.8082217574119568
6857.627510186984,0.8133976459503174
6853.770576825602,0.8095436096191406
6849.913643464219,0.8078404664993286
6846.056710102836,0.810160756111145
6842.199776741454,0.8083019256591797
6838.342843380071,0.8067545294761658
6834.485910018689,0.8089032769203186
6830.628976657306,0.8113939166069031
6826.772043295923,0.8117707967758179
6822.915109934541,0.8076735138893127
6819.058176573158,0.8020442128181458
6815.201243211775,0.8037744760513306
6811.344309850392,0.8043053150177002
6807.48737648901,0.8032435774803162
6803.630443127628,0.807237446308136
6799.773509766244,0.8102589845657349
6795.916576404862,0.8088441491127014
6792.05964304348,0.8056439757347107
6788.202709682097,0.805828332901001
6784.345776320714,0.8078106045722961
6780.488842959331,0.8092201352119446
6776.631909597949,0.8091601729393005
6772.774976236566,0.810453474521637
6768.918042875183,0.8095610737800598
6765.061109513801,0.8084665536880493
6761.204176152418,0.8072749972343445
6757.347242791036,0.805592954158783
6753.490309429653,0.8055832386016846
6749.63337606827,0.8076915144920349
6745.776442706888,0.8101740479469299
6741.919509345505,0.8085699677467346
6738.062575984122,0.8089055418968201
6734.205642622739,0.8086061477661133
6730.348709261357,0.8027511239051819
6726.4917758999745,0.7982859015464783
6722.634842538591,0.7992242574691772
6718.777909177209,0.8022711873054504
6714.920975815827,0.8034573197364807
6711.064042454444,0.8015459775924683
6707.207109093061,0.8032857179641724
6703.350175731678,0.8048660159111023
6699.493242370296,0.8039227724075317
6695.636309008913,0.8012502789497375
6691.77937564753,0.8006106019020081
6687.922442286148,0.7997217178344727
6684.065508924765,0.7991223931312561
6680.2085755633825,0.801304817199707
6676.351642202,0.8058513402938843
6672.494708840617,0.8053303956985474
6668.637775479235,0.801815390586853
6664.7808421178515,0.799173891544342
6660.923908756469,0.7969486713409424
6657.066975395086,0.7958930730819702
6653.210042033704,0.7995762228965759
6649.3531086723215,0.803240954875946
6645.496175310938,0.8062599897384644
6641.639241949556,0.812236487865448
6637.782308588174,0.8082616925239563
6633.9253752267905,0.8012492060661316
6630.068441865408,0.7987328767776489
6626.211508504025,0.7983032464981079
6622.354575142643,0.7991414666175842
6618.4976417812595,0.7997791171073914
6614.640708419877,0.8002687096595764
6610.783775058495,0.8040733933448792
6606.926841697112,0.8075740337371826
6603.069908335729,0.8052508234977722
6599.212974974347,0.8005993962287903
6595.356041612964,0.7983132600784302
6591.499108251582,0.7996743321418762
6587.6421748901985,0.8011223673820496
6583.785241528816,0.8004398941993713
6579.928308167433,0.7999184131622314
6576.071374806051,0.8012385368347168
6572.214441444668,0.8025844693183899
6568.357508083285,0.8032329678535461
6564.500574721903,0.8004420399665833
6560.643641360521,0.7972181439399719
6556.786707999137,0.7963961958885193
6552.929774637755,0.7966539859771729
6549.072841276372,0.7997907400131226
6545.21590791499,0.8004605770111084
6541.3589745536065,0.7984830737113953
6537.502041192224,0.7995297312736511
6533.645107830842,0.7977442145347595
6529.788174469459,0.7938340902328491
6525.931241108076,0.7953996658325195
6522.074307746694,0.796990156173706
6518.217374385311,0.7972784638404846
6514.360441023929,0.7987978458404541
6510.503507662545,0.7961153388023376
6506.646574301163,0.7964553833007812
6502.78964093978,0.7998528480529785
6498.932707578398,0.7978388071060181
6495.075774217015,0.7981376647949219
6491.218840855632,0.8021273016929626
6487.36190749425,0.8026987314224243
6483.504974132868,0.7992464900016785
6479.648040771484,0.7988918423652649
6475.791107410102,0.7976757884025574
6471.934174048719,0.7947068214416504
6468.077240687337,0.7961115837097168
6464.220307325953,0.7955697774887085
6460.363373964571,0.7925305962562561
6456.506440603189,0.7919370532035828
6452.649507241806,0.7930494546890259
6448.792573880423,0.7983025908470154
6444.935640519041,0.8009434342384338
6441.078707157658,0.7997056841850281
6437.221773796276,0.7974695563316345
6433.364840434892,0.7962226867675781
6429.50790707351,0.7965622544288635
6425.650973712127,0.7967256307601929
6421.794040350745,0.7995091676712036
6417.937106989362,0.7998862266540527
6414.080173627979,0.7963372468948364
6410.223240266597,0.7949811816215515
6406.3663069052145,0.7971305251121521
6402.509373543831,0.7983133792877197
6398.652440182449,0.7977345585823059
6394.795506821066,0.7938582897186279
6390.9385734596835,0.7916542291641235
6387.0816400983,0.7936517596244812
6383.224706736918,0.7942745685577393
6379.367773375536,0.7943285703659058
6375.510840014153,0.7961723208427429
6371.65390665277,0.7964339852333069
6367.796973291388,0.7960407733917236
6363.940039930005,0.7945852279663086
6360.0831065686225,0.7919539213180542
6356.226173207239,0.7932418584823608
6352.369239845857,0.7941058278083801
6348.512306484474,0.7910293340682983
6344.6553731230915,0.7907330393791199
6340.798439761709,0.7942400574684143
6336.941506400326,0.7958424091339111
6333.084573038944,0.7925062775611877
6329.2276396775615,0.7916029095649719
6325.370706316178,0.7919210195541382
6321.513772954795,0.7930833697319031
6317.656839593413,0.7940089106559753
6313.7999062320305,0.7940008044242859
6309.942972870647,0.7954743504524231
6306.086039509265,0.7943733334541321
6302.229106147883,0.7915370464324951
6298.3721727864995,0.790023148059845
6294.515239425117,0.7914959192276001
6290.658306063735,0.7949797511100769
6286.801372702352,0.7956140041351318
6282.9444393409685,0.7938278317451477
6279.087505979586,0.793282687664032
6275.230572618204,0.7939275503158569
6271.373639256821,0.7940127849578857
6267.5167058954385,0.7948355078697205
6263.659772534056,0.7959129214286804
6259.802839172673,0.7921724915504456
6255.945905811291,0.7871937155723572
6252.088972449908,0.7881695032119751
6248.232039088525,0.7926867604255676
6244.375105727142,0.7954323291778564
6240.51817236576,0.7934606671333313
6236.661239004377,0.7920832633972168
6232.804305642994,0.7954136729240417
6228.947372281612,0.7952635288238525
6225.09043892023,0.7938835620880127
6221.233505558846,0.7937115430831909
6217.376572197464,0.792061448097229
6213.519638836082,0.7916070222854614
6209.662705474699,0.7911098003387451
6205.8057721133155,0.7900786995887756
6201.948838751933,0.7901054620742798
6198.091905390551,0.790248692035675
6194.234972029168,0.789840817451477
6190.378038667785,0.7888091802597046
6186.521105306403,0.7909101843833923
6182.66417194502,0.7908651232719421
6178.807238583638,0.7877876162528992
6174.950305222255,0.7882635593414307
6171.093371860872,0.7902589440345764
6167.236438499489,0.7913512587547302
6163.379505138107,0.7898927330970764
6159.522571776724,0.7887246608734131
6155.665638415341,0.7892531752586365
6151.808705053959,0.7908684015274048
6147.951771692577,0.7931491136550903
6144.094838331193,0.7921539545059204
6140.237904969811,0.7890719771385193
6136.380971608429,0.788968026638031
6132.524038247046,0.7902570962905884
6128.667104885662,0.7878677248954773
6124.81017152428,0.7859978079795837
6120.953238162898,0.7886868119239807
6117.096304801515,0.7898195385932922
6113.239371440132,0.7884091138839722
6109.38243807875,0.7877820730209351
6105.525504717367,0.7876965403556824
6101.668571355985,0.7884348630905151
6097.811637994601,0.7896832227706909
6093.954704633219,0.7900329232215881
6090.097771271836,0.7885217070579529
6086.240837910454,0.7852454781532288
6082.383904549071,0.7861642241477966
6078.526971187688,0.7886137366294861
6074.670037826306,0.7856595516204834
6070.8131044649235,0.7825849652290344
6066.95617110354,0.7835996747016907
6063.099237742158,0.7856934070587158
6059.242304380775,0.7874645590782166
6055.385371019393,0.7889595627784729
6051.528437658009,0.7920054197311401
6047.671504296627,0.7900460362434387
6043.814570935245,0.7865718007087708
6039.957637573862,0.7873287796974182
6036.100704212479,0.7881711721420288
6032.243770851097,0.7866647839546204
6028.386837489714,0.7870081067085266
6024.5299041283315,0.7902027368545532
6020.672970766948,0.7893809676170349
6016.816037405566,0.7863932847976685
6012.959104044183,0.7863245606422424
6009.1021706828005,0.7894733548164368
6005.245237321418,0.7890748977661133
6001.388303960035,0.7850496172904968
5997.531370598653,0.783906877040863
5993.6744372372705,0.7854195833206177
5989.817503875887,0.7873041033744812
5985.960570514505,0.7879580855369568
5982.103637153122,0.7865869402885437
5978.2467037917395,0.7857174277305603
5974.389770430356,0.785495400428772
5970.532837068974,0.7860110998153687
5966.675903707592,0.7874937653541565
5962.8189703462085,0.7868871688842773
5958.962036984826,0.7863290905952454
5955.105103623444,0.7858405709266663
5951.248170262061,0.784205436706543
5947.3912369006775,0.7844142317771912
5943.534303539296,0.7860665321350098
5939.677370177913,0.7873446345329285
5935.82043681653,0.784659206867218
5931.9635034551475,0.7821744680404663
5928.106570093765,0.7822619676589966
5924.249636732382,0.783198356628418
5920.392703371,0.7854459285736084
5916.535770009617,0.7854670286178589
5912.678836648234,0.7848743796348572
5908.821903286851,0.7873440384864807
5904.96496992547,0.786312460899353
5901.108036564086,0.7834346294403076
5897.251103202703,0.7841158509254456
5893.394169841321,0.7853972315788269
5889.537236479939,0.7840245366096497
5885.6803031185555,0.7830961346626282
5881.823369757173,0.7849476337432861
5877.966436395791,0.7858803272247314
5874.109503034408,0.7854130864143372
5870.2525696730245,0.7845709919929504
5866.395636311643,0.7857677340507507
5862.53870295026,0.7862935662269592
5858.681769588877,0.7837092280387878
5854.824836227494,0.7810375094413757
5850.967902866112,0.7806046009063721
5847.110969504729,0.783205509185791
5843.254036143347,0.7838107347488403
5839.397102781964,0.7828449606895447
5835.540169420581,0.7837598323822021
5831.683236059198,0.7825068831443787
5827.826302697817,0.7797220349311829
5823.969369336433,0.7800370454788208
5820.11243597505,0.7820270657539368
5816.255502613668,0.7801231741905212
5812.398569252286,0.778416633605957
5808.541635890902,0.780842125415802
5804.68470252952,0.7822752594947815
5800.827769168138,0.7822473645210266
5796.970835806755,0.7821898460388184
5793.113902445371,0.7827181220054626
5789.25696908399,0.7838039398193359
5785.400035722607,0.7823538184165955
5781.543102361224,0.7822287678718567
5777.686168999841,0.7831081748008728
5773.829235638459,0.7819191217422485
5769.972302277076,0.7811574935913086
5766.115368915694,0.779791533946991
5762.258435554311,0.7792282700538635
5758.401502192928,0.7792218327522278
5754.544568831545,0.7778236865997314
5750.6876354701635,0.7777482867240906
5746.83070210878,0.7799088358879089
5742.973768747397,0.77956622838974
5739.116835386015,0.7793130874633789
5735.2599020246325,0.782202422618866
5731.402968663249,0.7838603854179382
5727.546035301867,0.783028781414032
5723.689101940485,0.7803261876106262
5719.832168579102,0.7791929841041565
5715.975235217718,0.7803890109062195
5712.118301856337,0.7807329297065735
5708.261368494954,0.78021240234375
5704.404435133571,0.7780654430389404
5700.547501772188,0.7772527933120728
5696.690568410806,0.7768111824989319
5692.833635049423,0.7785694003105164
5688.9767016880405,0.7780415415763855
5685.119768326658,0.7772755026817322
5681.262834965275,0.7797753214836121
5677.405901603892,0.7812286615371704
5673.54896824251,0.7796257734298706
5669.692034881127,0.7784010171890259
5665.835101519744,0.7791763544082642
5661.978168158362,0.7786708474159241
5658.1212347969795,0.7764865756034851
5654.264301435596,0.7769783735275269
5650.407368074214,0.7780865430831909
5646.550434712832,0.7783530354499817
5642.6935013514485,0.7794060111045837
5638.836567990065,0.7818077802658081
5634.979634628684,0.7819835543632507
5631.122701267301,0.7787853479385376
5627.2657679059175,0.775854229927063
5623.408834544535,0.7757160663604736
5619.551901183153,0.775751531124115
5615.69496782177,0.7759147882461548
5611.8380344603875,0.7762352824211121
5607.981101099005,0.7748002409934998
5604.124167737622,0.7743158936500549
5600.267234376239,0.775783896446228
5596.410301014857,0.7770126461982727
5592.553367653474,0.7761950492858887
5588.696434292091,0.7765354514122009
5584.839500930709,0.7771244645118713
5580.982567569326,0.7784785032272339
5577.125634207943,0.779887855052948
5573.268700846561,0.779049277305603
5569.411767485179,0.7767899632453918
5565.554834123795,0.7755460143089294
5561.697900762412,0.7755516171455383
5557.84096740103,0.7745640277862549
5553.984034039648,0.775080144405365
5550.1271006782645,0.7761942744255066
5546.270167316882,0.775078535079956
5542.4132339555,0.7752917408943176
5538.556300594117,0.7780479192733765
5534.699367232734,0.7766596674919128
5530.842433871352,0.7749477624893188
5526.985500509969,0.7740116715431213
5523.128567148586,0.7719610333442688
5519.271633787203,0.771274209022522
5515.414700425821,0.7736194729804993
5511.557767064438,0.7755976319313049
5507.700833703056,0.7751626968383789
5503.843900341673,0.7751748561859131
5499.98696698029,0.775539755821228
5496.130033618908,0.774855375289917
5492.273100257526,0.7736060619354248
5488.416166896142,0.7736860513687134
5484.559233534759,0.7751646637916565
5480.702300173377,0.7744483351707458
5476.845366811995,0.773697018623352
5472.988433450611,0.7747368812561035
5469.131500089229,0.7745579481124878
5465.274566727847,0.7727439403533936
5461.417633366464,0.7716298699378967
5457.560700005081,0.7731624245643616
5453.703766643699,0.7735037207603455
5449.846833282316,0.7734256386756897
5445.989899920933,0.7749358415603638
5442.13296655955,0.773582935333252
5438.276033198168,0.7721535563468933
5434.419099836785,0.7728675603866577
5430.562166475403,0.7732341885566711
5426.70523311402,0.7738567590713501
5422.848299752637,0.771510899066925
5418.991366391255,0.7706173062324524
5415.1344330298725,0.7726927995681763
5411.277499668489,0.7715244293212891
5407.420566307106,0.769741415977478
5403.563632945724,0.7697568535804749
5399.706699584342,0.7711400389671326
5395.849766222958,0.7735422253608704
5391.992832861576,0.77186518907547
5388.135899500194,0.7693431973457336
5384.278966138811,0.7709720134735107
5380.422032777428,0.7728718519210815
5376.565099416046,0.7734361290931702
5372.708166054663,0.7751278281211853
5368.85123269328,0.7760892510414124
5364.994299331897,0.7749824523925781
5361.137365970515,0.7740936279296875
5357.280432609132,0.7737956643104553
5353.4234992477495,0.7731360793113708
5349.566565886367,0.7717484831809998
5345.709632524984,0.7710084915161133
5341.852699163602,0.774086058139801
5337.9957658022195,0.7762696743011475
5334.138832440836,0.7758714556694031
5330.281899079453,0.7746875882148743
5326.424965718071,0.7759827375411987
5322.5680323566885,0.7790215611457825
5318.711098995305,0.7802910804748535
5314.854165633923,0.7816959619522095
5310.997232272541,0.7830994725227356
5307.1402989111575,0.7826943397521973
5303.283365549775,0.7826907634735107
5299.426432188393,0.7846121788024902
5295.56949882701,0.7876543402671814
5291.7125654656265,0.7893050909042358
5287.855632104244,0.7912985682487488
5283.998698742862,0.7938018441200256
5280.141765381479,0.7982556819915771
5276.2848320200965,0.8041954636573792
5272.427898658714,0.8082638382911682
5268.570965297331,0.8093551397323608
5264.714031935949,0.8117801547050476
5260.857098574566,0.8158515095710754
5257.000165213183,0.8194431066513062
5253.1432318518,0.8221287727355957
5249.286298490418,0.8236472606658936
5245.429365129035,0.8253637552261353
5241.572431767652,0.8264941573143005
5237.71549840627,0.8288842439651489
5233.858565044888,0.8297195434570312
5230.0016316835045,0.8287534713745117
5226.144698322122,0.8286891579627991
5222.28776496074,0.8293733596801758
5218.430831599357,0.8289845585823059
5214.5738982379735,0.8262267112731934
5210.716964876591,0.8228482007980347
5206.860031515209,0.8214583396911621
5203.003098153826,0.8222438097000122
5199.146164792443,0.8207683563232422
5195.289231431061,0.8190968036651611
5191.432298069678,0.8180164098739624
5187.575364708296,0.816436231136322
5183.718431346913,0.8156054615974426
5179.86149798553,0.8153625726699829
5176.004564624147,0.8144508004188538
5172.147631262765,0.8124059438705444
5168.290697901382,0.8113132119178772
5164.433764539999,0.8114627003669739
5160.576831178617,0.8112133741378784
5156.719897817235,0.8083184361457825
5152.862964455851,0.8056203722953796
5149.006031094469,0.8053914904594421
5145.149097733087,0.8056589961051941
5141.292164371704,0.8065725564956665
5137.43523101032,0.8065329194068909
5133.578297648938,0.8054471611976624
5129.721364287556,0.8048329949378967
5125.864430926173,0.8042798638343811
5122.00749756479,0.8038310408592224
5118.150564203408,0.8028549551963806
5114.293630842025,0.8020308613777161
5110.436697480642,0.8021711111068726
5106.57976411926,0.8019531965255737
5102.722830757877,0.8021093606948853
5098.865897396494,0.8015705943107605
5095.008964035112,0.7998297810554504
5091.152030673729,0.7985250353813171
5087.295097312346,0.7978894114494324
5083.438163950964,0.7963545918464661
5079.5812305895815,0.7964041829109192
5075.724297228198,0.7968249917030334
5071.867363866815,0.7957067489624023
5068.010430505434,0.7954093813896179
5064.153497144051,0.7951300144195557
5060.296563782667,0.7944626212120056
5056.439630421285,0.7944313287734985
5052.582697059903,0.7927095293998718
5048.72576369852,0.7922417521476746
5044.868830337137,0.7939422130584717
5041.011896975755,0.7940769195556641
5037.154963614372,0.7923243045806885
5033.298030252989,0.7904538512229919
5029.441096891607,0.7890748977661133
5025.584163530224,0.78876793384552
5021.727230168841,0.7883831262588501
5017.8702968074585,0.7872182130813599
5014.013363446076,0.7859469056129456
5010.156430084693,0.7859215140342712
5006.299496723311,0.7869314551353455
5002.4425633619285,0.7872351408004761
4998.585630000545,0.7866390943527222
4994.728696639162,0.7857273817062378
4990.871763277781,0.7848074436187744
4987.0148299163975,0.7838726043701172
4983.157896555014,0.7833394408226013
4979.300963193632,0.7834131121635437
4975.44402983225,0.7825626730918884
4971.5870964708665,0.7808488607406616
4967.730163109484,0.7798724174499512
4963.873229748102,0.780063807964325
4960.016296386719,0.7796545028686523
4956.159363025336,0.7793753147125244
4952.302429663954,0.7790948748588562
4948.445496302571,0.7782461643218994
4944.588562941188,0.7785577178001404
4940.7316295798055,0.7791089415550232
4936.874696218423,0.7784553170204163
4933.01776285704,0.7777289152145386
4929.160829495658,0.7770789861679077
4925.303896134275,0.7762977480888367
4921.446962772892,0.7763543725013733
4917.590029411509,0.776980996131897
4913.733096050128,0.7765129804611206
4909.876162688744,0.7755381464958191
4906.019229327361,0.7759095430374146
4902.162295965979,0.7769489288330078
4898.305362604597,0.7766904830932617
4894.4484292432135,0.7757920622825623
4890.591495881831,0.7745782732963562
4886.734562520449,0.7736431360244751
4882.877629159066,0.7736602425575256
4879.0206957976825,0.7738597393035889
4875.163762436301,0.7733486294746399
4871.306829074918,0.7729186415672302
4867.449895713535,0.7722910642623901
4863.592962352152,0.7735238075256348
4859.73602899077,0.7739582657814026
4855.879095629387,0.773230791091919
4852.022162268005,0.7736718058586121
4848.165228906622,0.7737826704978943
4844.308295545239,0.7727638483047485
4840.451362183856,0.7709919810295105
4836.594428822475,0.7713616490364075
4832.737495461091,0.7737956643104553
4828.880562099708,0.7733225226402283
4825.023628738326,0.7715844511985779
4821.166695376944,0.7710232734680176
4817.30976201556,0.7711380124092102
4813.452828654178,0.7710569500923157
4809.595895292796,0.7698721885681152
4805.738961931413,0.7690002918243408
4801.882028570029,0.7692292928695679
4798.025095208648,0.7696159482002258
4794.168161847265,0.7692810893058777
4790.311228485882,0.7688077092170715
4786.454295124499,0.7697119116783142
4782.597361763117,0.769194483757019
4778.740428401734,0.7679197192192078
4774.883495040352,0.7675005793571472
4771.026561678969,0.7684853076934814
4767.169628317586,0.7687864303588867
4763.312694956203,0.7686273455619812
4759.4557615948215,0.7684011459350586
4755.598828233438,0.7675227522850037
4751.741894872055,0.7672101855278015
4747.884961510673,0.7677527666091919
4744.028028149291,0.7673566341400146
4740.171094787907,0.7668220400810242
4736.314161426525,0.7668154239654541
4732.457228065143,0.7670395374298096
4728.60029470376,0.767955482006073
4724.743361342376,0.7674816846847534
4720.886427980995,0.7658283114433289
4717.029494619612,0.7664812207221985
4713.172561258229,0.7671802043914795
4709.315627896846,0.7668882012367249
4705.458694535464,0.7658295035362244
4701.601761174081,0.7654854655265808
4697.7448278126985,0.7654854655265808
4693.887894451316,0.7652915120124817
4690.030961089933,0.7644158601760864
4686.17402772855,0.764558732509613
4682.317094367168,0.7656453847885132
4678.460161005785,0.7661279439926147
4674.603227644402,0.7651840448379517
4670.74629428302,0.7645279765129089
4666.8893609216375,0.7648305892944336
4663.032427560254,0.7646563053131104
4659.175494198872,0.763483464717865
4655.31856083749,0.7636769413948059
4651.4616274761065,0.7653228044509888
4647.604694114723,0.7658394575119019
4643.747760753341,0.7663730978965759
4639.890827391959,0.7664671540260315
4636.0338940305755,0.7654210925102234
4632.176960669193,0.765036404132843
4628.320027307811,0.7655125856399536
4624.463093946428,0.7668699026107788
4620.6061605850455,0.7674055695533752
4616.749227223663,0.7675084471702576
4612.89229386228,0.7674656510353088
4609.035360500897,0.7681711912155151
4605.1784271395145,0.7687051892280579
4601.321493778132,0.7687747478485107
4597.464560416749,0.7685222029685974
4593.607627055367,0.7689758539199829
4589.750693693984,0.7689577341079712
4585.893760332601,0.7675668001174927
4582.036826971219,0.7682237029075623
4578.179893609837,0.7690157294273376
4574.3229602484535,0.7688177227973938
4570.46602688707,0.7694372534751892
4566.609093525688,0.769843339920044
4562.752160164306,0.7702621817588806
4558.8952268029225,0.7713428139686584
4555.03829344154,0.7719714045524597
4551.181360080158,0.7723483443260193
4547.324426718775,0.7732600569725037
4543.467493357392,0.7738609313964844
4539.61055999601,0.7744685411453247
4535.753626634627,0.7752275466918945
4531.896693273244,0.7763448357582092
4528.039759911861,0.7762515544891357
4524.182826550479,0.7749955058097839
4520.325893189096,0.7743968963623047
4516.468959827714,0.7742420434951782
4512.612026466331,0.774151623249054
4508.755093104948,0.7740788459777832
4504.898159743566,0.773949921131134
4501.041226382184,0.7734950184822083
4497.1842930208,0.7733293771743774
4493.327359659417,0.7732744812965393
4489.470426298035,0.7736926078796387
4485.613492936653,0.7742889523506165
4481.756559575269,0.7748932242393494
4477.899626213887,0.7752633094787598
4474.042692852505,0.7740585207939148
4470.185759491122,0.7738097310066223
4466.328826129739,0.7747855186462402
4462.471892768357,0.7749106287956238
4458.614959406974,0.7752363085746765
4454.758026045591,0.7754114270210266
4450.901092684208,0.774572491645813
4447.044159322826,0.7735608816146851
4443.187225961443,0.7733030915260315
4439.330292600061,0.7734313607215881
4435.473359238678,0.773216724395752
4431.616425877295,0.7736374735832214
4427.759492515913,0.772760808467865
4423.9025591545305,0.7713504433631897
4420.045625793147,0.7705958485603333
4416.188692431764,0.7696285843849182
4412.331759070382,0.7697600722312927
4408.474825709,0.7705894112586975
4404.617892347616,0.7706438302993774
4400.760958986234,0.7702365517616272
4396.904025624852,0.7705711722373962
4393.047092263469,0.7711644172668457
4389.190158902086,0.771222710609436
4385.333225540704,0.7705293893814087
4381.476292179321,0.7702566981315613
4377.619358817938,0.7709436416625977
4373.762425456555,0.7712562680244446
4369.905492095173,0.7712855935096741
4366.04855873379,0.7705205082893372
4362.1916253724075,0.7703464031219482
4358.334692011025,0.7713496685028076
4354.477758649642,0.7721238732337952
4350.62082528826,0.772365152835846
4346.7638919268775,0.7721183896064758
4342.906958565494,0.7712163925170898
4339.050025204111,0.7705655097961426
4335.193091842729,0.7711904644966125
4331.3361584813465,0.772188663482666
4327.479225119963,0.772474467754364
4323.622291758581,0.7721138000488281
4319.765358397199,0.77199387550354
4315.9084250358155,0.7725934982299805
4312.051491674433,0.7729941606521606
4308.194558313051,0.773125410079956
4304.337624951668,0.7733245491981506
4300.480691590285,0.7738111019134521
4296.623758228902,0.7742491364479065
4292.76682486752,0.7746490836143494
4288.909891506137,0.7749924063682556
4285.0529581447545,0.7754642367362976
4281.196024783372,0.7768507599830627
4277.339091421989,0.7770848274230957
4273.482158060607,0.7769768834114075
4269.625224699224,0.7779697179794312
4265.768291337841,0.7782194018363953
4261.911357976458,0.7780653238296509
4258.054424615076,0.7787818908691406
4254.197491253693,0.7802605032920837
4250.34055789231,0.7814796566963196
4246.483624530928,0.7821899056434631
4242.626691169546,0.782575786113739
4238.7697578081625,0.7822986245155334
4234.912824446779,0.7826719880104065
4231.055891085398,0.7833040356636047
4227.198957724015,0.7840456962585449
4223.3420243626315,0.7848565578460693
4219.485091001249,0.7860047221183777
4215.628157639867,0.7870508432388306
4211.771224278484,0.7874423265457153
4207.914290917101,0.7875766158103943
4204.057357555719,0.7881044745445251
4200.200424194336,0.7887483239173889
4196.343490832953,0.7892919182777405
4192.486557471571,0.7905007600784302
4188.629624110188,0.7915454506874084
4184.772690748805,0.7917555570602417
4180.915757387423,0.7913177013397217
4177.05882402604,0.7907026410102844
4173.201890664657,0.7908883094787598
4169.344957303275,0.7921898365020752
4165.488023941893,0.7926334142684937
4161.631090580509,0.7921237349510193
4157.774157219126,0.7925127744674683
4153.917223857745,0.7934713959693909
4150.060290496362,0.7945520281791687
4146.203357134978,0.7951553463935852
4142.346423773596,0.795685887336731
4138.489490412214,0.7963061928749084
4134.632557050831,0.79697585105896
4130.775623689448,0.7977082133293152
4126.918690328066,0.7981246113777161
4123.061756966683,0.7985350489616394
4119.2048236053,0.7998067736625671
4115.347890243918,0.8011426329612732
4111.490956882535,0.8016162514686584
4107.634023521152,0.8019706010818481
4103.77709015977,0.8030495047569275
4099.920156798387,0.8038322329521179
4096.063223437004,0.8048401474952698
4092.206290075622,0.8059961795806885
4088.349356714239,0.8068897724151611
4084.4924233528563,0.8082451820373535
4080.6354899914736,0.8095248341560364
4076.7785566300913,0.8102946281433105
4072.9216232687086,0.8114070892333984
4069.064689907326,0.8120145797729492
4065.207756545943,0.8121492266654968
4061.3508231845603,0.8131770491600037
4057.493889823178,0.8142470121383667
4053.6369564617953,0.8149517178535461
4049.7800231004126,0.8163049817085266
4045.92308973903,0.8170983195304871
4042.066156377647,0.8178630471229553
4038.209223016265,0.8189473152160645
4034.352289654882,0.8194077610969543
4030.4953562934993,0.819110631942749
4026.6384229321166,0.8203213214874268
4022.781489570734,0.8221217393875122
4018.9245562093515,0.8234953284263611
4015.067622847969,0.8237072229385376
4011.210689486586,0.8237926959991455
4007.3537561252033,0.8249120712280273
4003.4968227638205,0.8262706398963928
3999.6398894024383,0.8270049691200256
3995.7829560410555,0.8277170658111572
3991.9260226796728,0.8286824822425842
3988.06908931829,0.8294572830200195
3984.2121559569073,0.8302172422409058
3980.355222595525,0.8309876918792725
3976.4982892341422,0.8315668106079102
3972.6413558727595,0.8318959474563599
3968.7844225113768,0.832188606262207
3964.927489149994,0.8321506977081299
3961.0705557886117,0.8320966958999634
3957.213622427229,0.8328601717948914
3953.3566890658462,0.8337210416793823
3949.4997557044635,0.8352150917053223
3945.6428223430808,0.8363572955131531
3941.7858889816985,0.8362312912940979
3937.9289556203157,0.8358908295631409
3934.072022258933,0.8367295265197754
3930.2150888975502,0.8361476063728333
3926.3581555361675,0.8360663056373596
3922.501222174785,0.8368949890136719
3918.6442888134025,0.8374060988426208
3914.7873554520197,0.8373037576675415
3910.930422090637,0.837948739528656
3907.073488729254,0.8392466306686401
3903.2165553678715,0.8393581509590149
3899.359622006489,0.8382353186607361
3895.502688645106,0.8389154076576233
3891.6457552837237,0.8403820991516113
3887.7888219223414,0.8426939249038696
3883.931888560958,0.8442593812942505
3880.074955199576,0.8437291979789734
3876.2180218381927,0.8423494100570679
3872.3610884768104,0.8421016931533813
3868.504155115428,0.8430861830711365
3864.647221754045,0.8444304466247559
3860.7902883926627,0.8447132110595703
3856.9333550312795,0.8466525673866272
3853.076421669897,0.8461509346961975
3849.219488308515,0.8458781242370605
3845.3625549471317,0.8484710454940796
3841.5056215857494,0.8508625030517578
3837.648688224366,0.8498286604881287
3833.791754862984,0.8501876592636108
3829.9348215016016,0.8513036966323853
3826.0778881402184,0.8538650274276733
3822.220954778836,0.8566879034042358
3818.364021417453,0.8570489883422852
3814.5070880560706,0.8572587966918945
3810.6501546946884,0.8593413233757019
3806.793221333305,0.8614456057548523
3802.936287971923,0.8632590174674988
3799.0793546105397,0.8653762936592102
3795.2224212491574,0.8678949475288391
3791.365487887775,0.8699896335601807
3787.508554526392,0.8729549050331116
3783.6516211650096,0.8772424459457397
3779.7946878036264,0.8817469477653503
3775.937754442244,0.8845234513282776
3772.080821080862,0.8873772621154785
3768.2238877194786,0.8911342024803162
3764.3669543580963,0.895470917224884
3760.510020996713,0.9010026454925537
3756.653087635331,0.907746434211731
3752.7961542739486,0.9132620692253113
3748.9392209125654,0.9197724461555481
3745.082287551183,0.926580548286438
3741.2253541898,0.9308241605758667
3737.3684208284176,0.9355604648590088
3733.5114874670353,0.9481493234634399
3729.654554105652,0.9597310423851013
3725.79762074427,0.9775633215904236
3721.9406873828866,1.012891173362732
3718.0837540215043,1.05503511428833
3714.226820660122,1.0981515645980835
3710.369887298739,1.171805739402771
3706.5129539373565,1.24386465549469
3702.6560205759733,1.3087090253829956
3698.799087214591,1.379967212677002
3694.9421538532088,1.415117859840393
3691.0852204918256,1.4173626899719238
3687.2282871304433,1.407086968421936
3683.37135376906,1.4119017124176025
3679.514420407678,1.4354275465011597
3675.6574870462955,1.475472092628479
3671.8005536849123,1.5314085483551025
3667.94362032353,1.577294945716858
3664.086686962147,1.616135597229004
3660.2297536007645,1.6562299728393555
3656.3728202393822,1.701274037361145
3652.515886877999,1.7423745393753052
3648.6589535166167,1.784696340560913
3644.8020201552335,1.8151425123214722
3640.9450867938513,1.8353644609451294
3637.088153432469,1.8586186170578003
3633.2312200710858,1.8827612400054932
3629.3742867097035,1.8990836143493652
3625.5173533483203,1.9182302951812744
3621.660419986938,1.9282467365264893
3617.8034866255557,1.9148645401000977
3613.9465532641725,1.8958030939102173
3610.08961990279,1.891008973121643
3606.232686541407,1.8951338529586792
3602.3757531800247,1.8963412046432495
3598.5188198186424,1.8888020515441895
3594.6618864572592,1.8832815885543823
3590.804953095877,1.883244514465332
3586.9480197344938,1.874458909034729
3583.0910863731115,1.87058424949646
3579.234153011729,1.8657755851745605
3575.377219650346,1.8577150106430054
3571.5202862889637,1.8500285148620605
3567.6633529275805,1.8425756692886353
3563.806419566198,1.836414098739624
3559.949486204816,1.8377681970596313
3556.0925528434327,1.836422324180603
3552.2356194820504,1.832460641860962
3548.378686120667,1.828823208808899
3544.521752759285,1.8269675970077515
3540.6648193979026,1.828899621963501
3536.8078860365194,1.8273404836654663
3532.950952675137,1.827610731124878
3529.094019313754,1.8275010585784912
3525.2370859523717,1.825980544090271
3521.3801525909894,1.8277913331985474
3517.523219229606,1.8305569887161255
3513.666285868224,1.832892656326294
3509.8093525068407,1.8303152322769165
3505.9524191454584,1.8279129266738892
3502.095485784076,1.839370608329773
3498.238552422693,1.849841833114624
3494.3816190613106,1.8532907962799072
3490.5246856999274,1.8522775173187256
3486.667752338545,1.8509111404418945
3482.810818977163,1.8527631759643555
3478.9538856157797,1.8531322479248047
3475.0969522543974,1.8561105728149414
3471.240018893014,1.8615671396255493
3467.383085531632,1.8628592491149902
3463.5261521702496,1.8626874685287476
3459.6692188088664,1.8648393154144287
3455.812285447484,1.8628740310668945
3451.955352086101,1.8686769008636475
3448.0984187247186,1.878293752670288
3444.2414853633363,1.8840137720108032
3440.384552001953,1.8846856355667114
3436.527618640571,1.8842005729675293
3432.6706852791876,1.8826544284820557
3428.8137519178053,1.879595160484314
3424.956818556423,1.883312702178955
3421.09988519504,1.8860056400299072
3417.2429518336576,1.881490707397461
3413.3860184722744,1.8754041194915771
3409.529085110892,1.871850609779358
3405.67215174951,1.8722481727600098
3401.8152183881266,1.8719407320022583
3397.9582850267443,1.8667469024658203
3394.101351665361,1.859882116317749
3390.244418303979,1.8625946044921875
3386.3874849425965,1.8648459911346436
3382.5305515812133,1.8598265647888184
3378.673618219831,1.8546319007873535
3374.816684858448,1.851970911026001
3370.9597514970656,1.8483216762542725
3367.1028181356833,1.8416619300842285
3363.2458847743,1.8352506160736084
3359.388951412918,1.8319206237792969
3355.5320180515346,1.8286199569702148
3351.6750846901523,1.8292523622512817
3347.81815132877,1.8271814584732056
3343.961217967387,1.8242297172546387
3340.1042846060045,1.8201972246170044
3336.2473512446213,1.810698390007019
3332.390417883239,1.8067320585250854
3328.5334845218567,1.807126522064209
3324.6765511604735,1.7997440099716187
3320.8196177990912,1.7925399541854858
3316.962684437708,1.7896580696105957
3313.1057510763258,1.7852106094360352
3309.2488177149435,1.7797930240631104
3305.3918843535603,1.7814275026321411
3301.534950992178,1.7801761627197266
3297.678017630795,1.7741351127624512
3293.8210842694125,1.7681306600570679
3289.96415090803,1.7671033143997192
3286.107217546647,1.7650175094604492
3282.2502841852647,1.7590090036392212
3278.3933508238815,1.7569005489349365
3274.5364174624992,1.7554807662963867
3270.679484101117,1.7541618347167969
3266.8225507397337,1.7503482103347778
3262.9656173783515,1.7442741394042969
3259.1086840169683,1.737420678138733
3255.251750655586,1.7337545156478882
3251.3948172942037,1.7351433038711548
3247.5378839328205,1.7338316440582275
3243.680950571438,1.7270267009735107
3239.824017210055,1.7176753282546997
3235.9670838486727,1.712821125984192
3232.1101504872904,1.7092397212982178
3228.253217125907,1.7040177583694458
3224.396283764525,1.70100998878479
3220.5393504031417,1.6947075128555298
3216.6824170417594,1.6866023540496826
3212.825483680377,1.6813029050827026
3208.968550318994,1.6716035604476929
3205.1116169576117,1.6623231172561646
3201.2546835962285,1.6561399698257446
3197.397750234846,1.6498008966445923
3193.540816873464,1.6428148746490479
3189.6838835120807,1.635388970375061
3185.8269501506984,1.6248083114624023
3181.970016789315,1.6163119077682495
3178.113083427933,1.607477068901062
3174.2561500665506,1.5993255376815796
3170.3992167051674,1.5928210020065308
3166.542283343785,1.5873935222625732
3162.685349982402,1.579545497894287
3158.8284166210196,1.5704290866851807
3154.9714832596364,1.5598896741867065
3151.114549898254,1.5509085655212402
3147.257616536872,1.5425875186920166
3143.4006831754887,1.5338799953460693
3139.5437498141064,1.527450680732727
3135.686816452723,1.5194350481033325
3131.829883091341,1.5088130235671997
3127.9729497299586,1.5006914138793945
3124.1160163685754,1.4908093214035034
3120.259083007193,1.4828331470489502
3116.40214964581,1.4766006469726562
3112.5452162844276,1.4695295095443726
3108.6882829230453,1.4618545770645142
3104.831349561662,1.452756643295288
3100.97441620028,1.4422346353530884
3097.1174828388966,1.4359241724014282
3093.2605494775144,1.4296629428863525
3089.403616116132,1.4234269857406616
3085.546682754749,1.4157359600067139
3081.6897493933666,1.4069613218307495
3077.8328160319834,1.3993674516677856
3073.975882670601,1.3914732933044434
3070.118949309219,1.3826186656951904
3066.2620159478356,1.3742845058441162
3062.4050825864533,1.3657463788986206
3058.54814922507,1.3584939241409302
3054.691215863688,1.3510842323303223
3050.8342825023055,1.3443195819854736
3046.9773491409223,1.3377588987350464
3043.12041577954,1.3317253589630127
3039.263482418157,1.3243868350982666
3035.4065490567746,1.3147348165512085
3031.5496156953923,1.3046939373016357
3027.692682334009,1.2978390455245972
3023.835748972627,1.2917234897613525
3019.9788156112436,1.285971760749817
3016.1218822498613,1.2801728248596191
3012.264948888479,1.2746148109436035
3008.408015527096,1.267812967300415
3004.5510821657135,1.2602452039718628
3000.6941488043303,1.25376558303833
2996.837215442948,1.2490679025650024
2992.9802820815657,1.2441344261169434
2989.1233487201825,1.2387440204620361
2985.2664153588003,1.2318848371505737
2981.409481997417,1.2270088195800781
2977.5525486360348,1.2232249975204468
2973.6956152746525,1.2186890840530396
2969.8386819132693,1.2139414548873901
2965.981748551887,1.210457682609558
2962.124815190504,1.2069413661956787
2958.2678818291215,1.2022347450256348
2954.410948467739,1.197615623474121
2950.554015106356,1.1951345205307007
2946.6970817449737,1.193318247795105
2942.8401483835905,1.1903815269470215
2938.9832150222082,1.1856738328933716
2935.126281660826,1.1823548078536987
2931.2693482994428,1.1800427436828613
2927.4124149380605,1.176060676574707
2923.5554815766773,1.1717064380645752
2919.698548215295,1.165824294090271
2915.8416148539127,1.156782865524292
2911.9846814925295,1.1474220752716064
2908.127748131147,1.138573169708252
2904.270814769764,1.130815029144287
2900.4138814083817,1.1245932579040527
2896.5569480469994,1.1184558868408203
2892.700014685616,1.1122747659683228
2888.843081324234,1.1074756383895874
2884.9861479628507,1.1027350425720215
2881.1292146014684,1.0977532863616943
2877.272281240086,1.0928534269332886
2873.415347878703,1.0876598358154297
2869.5584145173207,1.0823289155960083
2865.7014811559375,1.0774707794189453
2861.844547794555,1.074175238609314
2857.987614433173,1.0720359086990356
2854.1306810717897,1.0693358182907104
2850.2737477104074,1.0645158290863037
2846.416814349024,1.0558907985687256
2842.559880987642,1.0460511445999146
2838.7029476262596,1.0381770133972168
2834.8460142648764,1.0318256616592407
2830.989080903494,1.025793194770813
2827.132147542111,1.0202590227127075
2823.2752141807287,1.0152579545974731
2819.4182808193464,1.011117696762085
2815.561347457963,1.0068984031677246
2811.704414096581,1.0025217533111572
2807.8474807351977,0.9977900981903076
2803.9905473738154,0.9935556054115295
2800.133614012433,0.9899595379829407
2796.27668065105,0.9866465926170349
2792.4197472896676,0.9829592704772949
2788.5628139282844,0.9788615703582764
2784.705880566902,0.9751655459403992
2780.84894720552,0.9720078706741333
2776.9920138441366,0.9689227938652039
2773.1350804827543,0.9653792977333069
2769.278147121371,0.9617822766304016
2765.421213759989,0.9587407112121582
2761.5642803986066,0.955761730670929
2757.7073470372234,0.9531844854354858
2753.850413675841,0.9504064917564392
2749.993480314458,0.9472678899765015
2746.1365469530756,0.944290816783905
2742.2796135916933,0.9415801763534546
2738.42268023031,0.9392830729484558
2734.565746868928,0.9366800785064697
2730.7088135075446,0.9340575933456421
2726.8518801461623,0.9318344593048096
2722.99494678478,0.9295911192893982
2719.138013423397,0.9270840883255005
2715.2810800620146,0.9239821434020996
2711.4241467006314,0.9211797714233398
2707.567213339249,0.9188509583473206
2703.710279977867,0.9164823889732361
2699.8533466164836,0.9143481254577637
2695.9964132551013,0.9119611382484436
2692.139479893718,0.9092851877212524
2688.282546532336,0.9072093963623047
2684.4256131709535,0.9052646160125732
2680.5686798095703,0.9032926559448242
2676.711746448188,0.9012824296951294
2672.854813086805,0.8990124464035034
2668.9978797254225,0.8968578577041626
2665.1409463640402,0.8947901129722595
2661.284013002657,0.8928636908531189
2657.4270796412748,0.8911867141723633
2653.5701462798916,0.8892681002616882
2649.7132129185093,0.8870682716369629
2645.856279557127,0.8853346109390259
2641.999346195744,0.8841660618782043
2638.1424128343615,0.8826412558555603
2634.2854794729783,0.8811386227607727
2630.428546111596,0.879744827747345
2626.5716127502137,0.8785626292228699
2622.7146793888305,0.8776826858520508
2618.8577460274482,0.8764315247535706
2615.000812666065,0.8746677041053772
2611.1438793046827,0.8736007809638977
2607.2869459433005,0.8730851411819458
2603.4300125819173,0.8721825480461121
2599.573079220535,0.8711779117584229
2595.7161458591518,0.870322048664093
2591.8592124977695,0.8692435026168823
2588.002279136387,0.8684718608856201
2584.145345775004,0.8679165244102478
2580.2884124136217,0.8672604560852051
2576.4314790522385,0.8666564226150513
2572.574545690856,0.8662093281745911
2568.717612329474,0.8661105036735535
2564.8606789680907,0.86612468957901
2561.0037456067084,0.8658417463302612
2557.1468122453252,0.86564040184021
2553.289878883943,0.8655523657798767
2549.4329455225607,0.8654652833938599
2545.5760121611775,0.8657053112983704
2541.719078799795,0.866517961025238
2537.862145438412,0.8673111796379089
2534.0052120770297,0.8678774237632751
2530.1482787156474,0.8685604929924011
2526.291345354264,0.8694873452186584
2522.434411992882,0.8704354763031006
2518.5774786314987,0.8707258105278015
2514.7205452701164,0.8704199194908142
2510.863611908734,0.8701507449150085
2507.006678547351,0.8697050213813782
2503.1497451859686,0.8692333698272705
2499.2928118245854,0.8689659237861633
2495.435878463203,0.8688251972198486
2491.578945101821,0.868682861328125
2487.7220117404377,0.8687394857406616
2483.8650783790554,0.869047999382019
2480.008145017672,0.8691646456718445
2476.15121165629,0.869171142578125
2472.2942782949076,0.8694530725479126
2468.4373449335244,0.870423436164856
2464.580411572142,0.8715274333953857
2460.723478210759,0.8723951578140259
2456.8665448493766,0.873108983039856
2453.0096114879943,0.8743036389350891
2449.152678126611,0.8751314878463745
2445.295744765229,0.875913143157959
2441.4388114038456,0.8772329092025757
2437.5818780424634,0.8785063028335571
2433.724944681081,0.8797725439071655
2429.868011319698,0.8810847401618958
2426.0110779583156,0.8822494745254517
2422.1541445969324,0.8835693597793579
2418.29721123555,0.8845683932304382
2414.440277874168,0.8854307532310486
2410.5833445127846,0.8869261741638184
2406.7264111514023,0.8886436820030212
2402.869477790019,0.8899149894714355
2399.012544428637,0.8911624550819397
2395.1556110672545,0.8927735090255737
2391.2986777058713,0.894577145576477
2387.441744344489,0.8960075378417969
2383.584810983106,0.8970894813537598
2379.7278776217236,0.8979145884513855
2375.8709442603413,0.8989031314849854
2372.014010898958,0.9005030393600464
2368.157077537576,0.902184784412384
2364.3001441761926,0.9032536745071411
2360.4432108148103,0.9049699306488037
2356.586277453428,0.9063533544540405
2352.729344092045,0.9079580903053284
2348.8724107306625,0.9096312522888184
2345.0154773692793,0.9115484356880188
2341.158544007897,0.9133121371269226
2337.3016106465147,0.9142037034034729
2333.4446772851315,0.9159767627716064
2329.5877439237493,0.9168305993080139
2325.730810562366,0.9181617498397827
2321.8738772009838,0.920730471611023
2318.0169438396015,0.922004222869873
2314.1600104782183,0.9228886365890503
2310.303077116836,0.9240068793296814
2306.446143755453,0.9254900813102722
2302.5892103940705,0.9270679950714111
2298.732277032688,0.9281672835350037
2294.875343671305,0.9292555451393127
2291.0184103099227,0.9309267401695251
2287.1614769485395,0.9322888255119324
2283.3045435871572,0.9337174296379089
2279.447610225774,0.9353170990943909
2275.5906768643918,0.9369087815284729
2271.7337435030095,0.9381514191627502
2267.8768101416263,0.9396111369132996
2264.019876780244,0.9415814280509949
2260.162943418861,0.943196177482605
2256.3060100574785,0.9446418285369873
2252.449076696096,0.9460002183914185
2248.592143334713,0.9472078084945679
2244.7352099733307,0.9486585855484009
2240.8782766119475,0.9501910209655762
2237.021343250565,0.951835036277771
2233.164409889183,0.9529462456703186
2229.3074765277997,0.9534968137741089
2225.4505431664174,0.9541337490081787
2221.5936098050342,0.9549148082733154
2217.736676443652,0.9555131793022156
2213.8797430822697,0.9561018347740173
2210.0228097208865,0.9567353129386902
2206.165876359504,0.9574888348579407
2202.308942998121,0.9578450918197632
2198.4520096367387,0.9586533308029175
2194.5950762753564,0.9593884944915771
2190.738142913973,0.9602590799331665
2186.881209552591,0.9615657925605774
2183.0242761912077,0.9629458785057068
2179.1673428298254,0.964030385017395
2175.310409468443,0.9651947021484375
2171.45347610706,0.9661112427711487
2167.5965427456777,0.9670280814170837
2163.7396093842945,0.9682044386863708
2159.882676022912,0.9694344401359558
2156.02574266153,0.9707254767417908
2152.1688093001467,0.9721624255180359
2148.3118759387644,0.9734513163566589
2144.454942577381,0.9742609858512878
2140.598009215999,0.9750559329986572
2136.7410758546166,0.9761983156204224
2132.8841424932334,0.9768955111503601
2129.027209131851,0.9778714179992676
2125.170275770468,0.9784809947013855
2121.3133424090856,0.9788110852241516
2117.4564090477033,0.9790598750114441
2113.59947568632,0.9798681139945984
2109.742542324938,0.9807228446006775
2105.8856089635547,0.981400191783905
2102.0286756021724,0.9817891120910645
2098.17174224079,0.9825918078422546
2094.314808879407,0.9835386872291565
2090.4578755180246,0.9841310977935791
2086.6009421566414,0.9847114086151123
2082.744008795259,0.9856866598129272
2078.887075433877,0.9866060614585876
2075.0301420724936,0.9875288009643555
2071.1732087111113,0.9885698556900024
2067.316275349728,0.9895041584968567
2063.459341988346,0.9902160167694092
2059.6024086269636,0.991449236869812
2055.7454752655804,0.9924503564834595
2051.888541904198,0.9943856000900269
2048.031608542815,0.9968200325965881
2044.1746751814326,0.9996128678321838
2040.3177418200503,1.0026887655258179
2036.460808458667,1.006280541419983
2032.6038750972848,1.0090667009353638
2028.7469417359016,1.011919379234314
2024.8900083745193,1.0145037174224854
2021.033075013137,1.0167030096054077
2017.1761416517538,1.0194252729415894
2013.3192082903715,1.023012399673462
2009.4622749289883,1.0263296365737915
2005.605341567606,1.0297658443450928
2001.7484082062238,1.0328872203826904
1997.8914748448406,1.0350245237350464
1994.0345414834583,1.0358805656433105
1990.177608122075,1.0368287563323975
1986.3206747606928,1.037984013557434
1982.4637413993105,1.0392111539840698
1978.6068080379273,1.0405206680297852
1974.749874676545,1.0420900583267212
1970.8929413151618,1.0428471565246582
1967.0360079537795,1.0434962511062622
1963.1790745923972,1.0437917709350586
1959.322141231014,1.0447298288345337
1955.4652078696317,1.0463076829910278
1951.6082745082485,1.0477930307388306
1947.7513411468663,1.0488309860229492
1943.894407785484,1.0502090454101562
1940.0374744241008,1.0519835948944092
1936.1805410627185,1.0542091131210327
1932.3236077013353,1.05584716796875
1928.466674339953,1.057349443435669
1924.6097409785707,1.0589033365249634
1920.7528076171875,1.0611692667007446
1916.8958742558052,1.0646693706512451
1913.038940894422,1.0702494382858276
1909.1820075330397,1.0764446258544922
1905.3250741716574,1.0834393501281738
1901.4681408102742,1.0903446674346924
1897.611207448892,1.0975838899612427
1893.7542740875087,1.1040064096450806
1889.8973407261265,1.1099587678909302
1886.0404073647442,1.1152615547180176
1882.183474003361,1.119768500328064
1878.3265406419787,1.1238784790039062
1874.4696072805955,1.1278828382492065
1870.6126739192132,1.1304625272750854
1866.755740557831,1.1324520111083984
1862.8988071964477,1.1323621273040771
1859.0418738350654,1.1307131052017212
1855.1849404736822,1.1267732381820679
1851.3280071123,1.1226977109909058
1847.4710737509176,1.1199480295181274
1843.6141403895344,1.119141936302185
1839.7572070281522,1.1205250024795532
1835.900273666769,1.1233136653900146
1832.0433403053867,1.1266744136810303
1828.1864069440044,1.1314659118652344
1824.3294735826212,1.136897087097168
1820.472540221239,1.1414955854415894
1816.6156068598557,1.1454049348831177
1812.7586734984734,1.1512709856033325
1808.901740137091,1.157212257385254
1805.044806775708,1.1626255512237549
1801.1878734143256,1.1668529510498047
1797.3309400529424,1.1703288555145264
1793.4740066915601,1.1725083589553833
1789.6170733301778,1.1763548851013184
1785.7601399687946,1.178819179534912
1781.9032066074124,1.1817337274551392
1778.0462732460292,1.184635043144226
1774.1893398846469,1.1868388652801514
1770.3324065232646,1.1900368928909302
1766.4754731618814,1.1962178945541382
1762.618539800499,1.2022078037261963
1758.761606439116,1.2123405933380127
1754.9046730777336,1.2220137119293213
1751.0477397163513,1.2338653802871704
1747.1908063549681,1.2507312297821045
1743.3338729935858,1.26705801486969
1739.4769396322026,1.2818423509597778
1735.6200062708203,1.3012495040893555
1731.763072909438,1.3281725645065308
1727.9061395480549,1.3510385751724243
1724.0492061866726,1.3691333532333374
1720.1922728252894,1.389896035194397
1716.335339463907,1.4229251146316528
1712.4784061025248,1.459598422050476
1708.6214727411416,1.4828120470046997
1704.7645393797593,1.5129610300064087
1700.907606018376,1.5455937385559082
1697.0506726569938,1.5889846086502075
1693.1937392956115,1.6276400089263916
1689.3368059342283,1.6572256088256836
1685.479872572846,1.6944750547409058
1681.6229392114628,1.7472213506698608
1677.7660058500805,1.7725974321365356
1673.9090724886983,1.797723650932312
1670.052139127315,1.8290541172027588
1666.1952057659328,1.8547720909118652
1662.3382724045496,1.8752740621566772
1658.4813390431673,1.8936667442321777
1654.624405681785,1.9029297828674316
1650.7674723204018,1.9177697896957397
1646.9105389590195,1.9364850521087646
1643.0536055976363,1.9452621936798096
1639.196672236254,1.9434378147125244
1635.3397388748717,1.9261294603347778
1631.4828055134885,1.9095336198806763
1627.6258721521062,1.896348237991333
1623.768938790723,1.8743113279342651
1619.9120054293408,1.8445255756378174
1616.0550720679585,1.8113462924957275
1612.1981387065753,1.7841854095458984
1608.341205345193,1.7616477012634277
1604.4842719838098,1.7372349500656128
1600.6273386224275,1.7164257764816284
1596.7704052610452,1.6989476680755615
1592.913471899662,1.6839615106582642
1589.0565385382797,1.6701773405075073
1585.1996051768965,1.6573290824890137
1581.3426718155142,1.6442618370056152
1577.485738454132,1.6325218677520752
1573.6288050927487,1.6210123300552368
1569.7718717313664,1.6126731634140015
1565.9149383699832,1.6010894775390625
1562.058005008601,1.595253348350525
1558.2010716472187,1.5830860137939453
1554.3441382858355,1.5735167264938354
1550.4872049244532,1.5672506093978882
1546.63027156307,1.5639504194259644
1542.7733382016877,1.5583332777023315
1538.9164048403054,1.547274112701416
1535.0594714789222,1.539974570274353
1531.20253811754,1.5355528593063354
1527.3456047561567,1.5332690477371216
1523.4886713947744,1.5382333993911743
1519.6317380333921,1.5378819704055786
1515.774804672009,1.537378191947937
1511.9178713106267,1.5388610363006592
1508.0609379492435,1.542283058166504
1504.2040045878612,1.5480766296386719
1500.3470712264789,1.5518157482147217
1496.4901378650957,1.55519437789917
1492.6332045037134,1.5605961084365845
1488.7762711423302,1.5653051137924194
1484.919337780948,1.5725533962249756
1481.0624044195656,1.5780929327011108
1477.2054710581824,1.584470510482788
1473.3485376968001,1.5960602760314941
1469.491604335417,1.6097928285598755
1465.6346709740346,1.6190987825393677
1461.7777376126523,1.6251487731933594
1457.9208042512691,1.6295911073684692
1454.0638708898869,1.6403040885925293
1450.2069375285037,1.645734429359436
1446.3500041671214,1.6476666927337646
1442.493070805739,1.6491299867630005
1438.6361374443559,1.6511311531066895
1434.7792040829736,1.6528600454330444
1430.9222707215904,1.6530756950378418
1427.065337360208,1.651132583618164
1423.2084039988258,1.644726276397705
1419.3514706374426,1.638684630393982
1415.4945372760603,1.6394760608673096
1411.6376039146771,1.638053297996521
1407.7806705532948,1.6377418041229248
1403.9237371919116,1.6381467580795288
1400.0668038305294,1.6351888179779053
1396.209870469147,1.6327273845672607
1392.3529371077639,1.6351453065872192
1388.4960037463816,1.6339397430419922
1384.6390703849984,1.6314600706100464
1380.782137023616,1.627367377281189
1376.9252036622338,1.6240735054016113
1373.0682703008506,1.6244664192199707
1369.2113369394683,1.6222949028015137
1365.354403578085,1.6195367574691772
1361.4974702167028,1.6177691221237183
1357.6405368553205,1.614919662475586
1353.7836034939373,1.6122664213180542
1349.926670132555,1.613011360168457
1346.0697367711718,1.6176446676254272
1342.2128034097896,1.6204856634140015
1338.3558700484073,1.6216962337493896
1334.498936687024,1.6238619089126587
1330.6420033256418,1.6277445554733276
1326.7850699642586,1.6303519010543823
1322.9281366028763,1.633163571357727
1319.071203241494,1.6397627592086792
1315.2142698801108,1.6465624570846558
1311.3573365187285,1.648710012435913
1307.5004031573453,1.651188850402832
1303.643469795963,1.6548271179199219
1299.7865364345807,1.6578890085220337
1295.9296030731975,1.6632362604141235
1292.0726697118153,1.6698423624038696
1288.215736350432,1.6756529808044434
1284.3588029890498,1.6838268041610718
1280.5018696276675,1.6949130296707153
1276.6449362662843,1.701512098312378
1272.788002904902,1.7039430141448975
1268.9310695435188,1.7045440673828125
1265.0741361821365,1.7018189430236816
1261.2172028207542,1.69957435131073
1257.360269459371,1.6977437734603882
1253.5033360979887,1.6924387216567993
1249.6464027366055,1.6880954504013062
1245.7894693752232,1.6873239278793335
1241.932536013841,1.6851335763931274
1238.0756026524577,1.6797293424606323
1234.2186692910755,1.6731077432632446
1230.3617359296923,1.666898250579834
1226.50480256831,1.6605933904647827
1222.6478692069277,1.6592799425125122
1218.7909358455445,1.6624529361724854
1214.9340024841622,1.6676279306411743
1211.077069122779,1.6773444414138794
1207.2201357613967,1.6924253702163696
1203.3632024000144,1.7083064317703247
1199.5062690386312,1.7269043922424316
1195.649335677249,1.7420889139175415
1191.7924023158657,1.7557986974716187
1187.9354689544834,1.7725368738174438
1184.0785355931012,1.7883548736572266
1180.221602231718,1.8008596897125244
1176.3646688703357,1.8145453929901123
1172.5077355089525,1.824211835861206
1168.6508021475702,1.8318644762039185
1164.7938687861879,1.8564221858978271
1160.9369354248047,1.8916294574737549
1157.0800020634224,1.89690363407135
1153.2230687020392,1.8723068237304688
1149.366135340657,1.8528906106948853
1145.5092019792746,1.8512648344039917
1141.6522686178914,1.8503721952438354
1137.7953352565091,1.839996337890625
1133.938401895126,1.836561918258667
1130.0814685337436,1.844461441040039
1126.2245351723614,1.847022533416748
1122.3676018109782,1.8394078016281128
1118.5106684495959,1.8414133787155151
1114.6537350882127,1.8515167236328125
1110.7968017268304,1.8559298515319824
1106.939868365448,1.8552919626235962
1103.082935004065,1.8549736738204956
1099.2260016426826,1.849071979522705
1095.3690682812994,1.8386163711547852
1091.5121349199171,1.8267673254013062
1087.6552015585348,1.8183765411376953
1083.7982681971516,1.8096486330032349
1079.9413348357693,1.7941017150878906
1076.0844014743861,1.7759658098220825
1072.2274681130039,1.7608102560043335
1068.3705347516216,1.7494094371795654
1064.5136013902384,1.7416892051696777
1060.656668028856,1.736622929573059
1056.7997346674729,1.73531973361969
1052.9428013060906,1.7352185249328613
1049.0858679447083,1.7366594076156616
1045.228934583325,1.7443740367889404
1041.3720012219428,1.7541121244430542
1037.5150678605596,1.7588640451431274
1033.6581344991773,1.7676962614059448
1029.801201137795,1.7867900133132935
1025.9442677764118,1.8005844354629517
1022.0873344150295,1.8085445165634155
1018.2304010536463,1.8106902837753296
1014.3734676922641,1.810795545578003
1010.5165343308818,1.8083637952804565
1006.6596009694986,1.8130959272384644
1002.8026676081163,1.8269593715667725
998.9457342467331,1.83407461643219
995.0888008853508,1.8376247882843018
991.2318675239685,1.8440836668014526
987.3749341625853,1.8472874164581299
983.518000801203,1.8417630195617676
979.6610674398198,1.8444130420684814
975.8041340784375,1.8470299243927002
971.9472007170552,1.8434232473373413
968.090267355672,1.8475499153137207
964.2333339942898,1.8500542640686035
960.3764006329066,1.8436602354049683
956.5194672715243,1.8451812267303467
952.662533910142,1.8559070825576782
948.8056005487588,1.8593580722808838
944.9486671873765,1.8602226972579956
941.0917338259933,1.8681812286376953
937.234800464611,1.876039743423462
933.3778671032287,1.8769135475158691
929.5209337418455,1.8798216581344604
925.6640003804632,1.8875348567962646
921.80706701908,1.899886965751648
917.9501336576977,1.900827169418335
914.0932002963154,1.8823703527450562
910.2362669349322,1.866654872894287
906.37933357355,1.8545225858688354
902.5224002121668,1.8424421548843384
898.6654668507845,1.8392976522445679
894.8085334894022,1.8477035760879517
890.951600128019,1.859107494354248
887.0946667666367,1.8632402420043945
883.2377334052535,1.8682177066802979
879.3808000438712,1.865659236907959
875.5238666824889,1.8643914461135864
871.6669333211057,1.8612573146820068
867.8099999597234,1.8500479459762573
863.9530665983402,1.8359123468399048
860.0961332369579,1.8215618133544922
856.2391998755757,1.8099383115768433
852.3822665141925,1.8027352094650269
848.5253331528102,1.810305118560791
844.668399791427,1.8332693576812744
840.8114664300447,1.8564060926437378
836.9545330686624,1.869551658630371
833.0975997072792,1.9054969549179077
829.2406663458969,1.9372810125350952
825.3837329845137,1.9403399229049683
821.5267996231314,1.9452638626098633
817.6698662617491,1.9646694660186768
813.8129329003659,1.9993922710418701
809.9559995389836,2.019482374191284
806.0990661776004,2.02093768119812
802.2421328162181,2.0188491344451904
798.3851994548359,1.9989498853683472
794.5282660934527,2.0171635150909424
790.6713327320704,2.04799747467041
786.8143993706872,2.0419251918792725
782.9574660093049,2.0168490409851074
779.1005326479226,1.9950364828109741
775.2435992865394,2.0128297805786133
771.3866659251571,2.0184500217437744
767.5297325637739,2.005513906478882
763.6727992023916,1.9972156286239624
759.8158658410093,1.9983396530151367
755.9589324796261,2.010810136795044
752.1019991182438,2.022468328475952
748.2450657568606,2.025505542755127
744.3881323954784,2.029905080795288
740.5311990340961,2.006631851196289
736.6742656727129,1.9840143918991089
732.8173323113306,1.977658748626709
728.9603989499474,2.0184953212738037
725.1034655885651,2.0871152877807617
721.2465322271828,2.0817272663116455
717.3895988657996,2.0635063648223877
713.5326655044173,2.090029239654541
709.6757321430341,2.1288232803344727
705.8187987816518,2.1581430435180664
701.9618654202695,2.1702115535736084
698.1049320588863,2.1610915660858154
694.247998697504,2.1440958976745605
690.3910653361208,2.1352121829986572
686.5341319747386,2.121062994003296
682.6771986133563,2.1301000118255615
678.8202652519731,2.118555784225464
674.9633318905908,2.0904901027679443
671.1063985292076,2.08192777633667
667.2494651678253,2.091177463531494
663.392531806443,2.1123995780944824
659.5355984450598,2.1416513919830322
655.6786650836775,2.161395311355591
651.8217317222943,2.1966323852539062
647.964798360912,2.1973819732666016
644.1078649995297,2.173389196395874
640.2509316381465,2.148510217666626
636.3939982767643,2.1613247394561768
632.537064915381,2.160888910293579
628.6801315539988,2.119894504547119
624.8231981926165,2.098607063293457
620.9662648312333,2.109060049057007
617.109331469851,2.117662191390991
613.2523981084678,2.133469820022583
609.3954647470855,2.194171905517578
605.5385313857032,2.2016894817352295
601.68159802432,2.1374619007110596
597.8246646629377,2.1336352825164795
593.9677313015545,2.1591544151306152
590.1107979401722,2.1411335468292236
586.25386457879,2.066293954849243
582.3969312174067,2.013336658477783
578.5399978560245,2.0186264514923096
574.6830644946413,2.0322210788726807
570.826131133259,2.022859573364258
566.9691977718767,1.979437232017517
563.1122644104935,1.9408257007598877
559.2553310491112,1.9280352592468262
555.398397687728,1.907516598701477
551.5414643263457,1.9023445844650269
547.6845309649634,1.8950713872909546
543.8275976035802,1.9150279760360718
539.9706642421979,1.896734356880188
536.1137308808147,1.8809785842895508
532.2567975194324,1.904285192489624
528.3998641580492,1.8967647552490234
524.542930796667,1.812257170677185
520.6859974352847,1.8759220838546753
516.8290640739015,1.8785929679870605
512.9721307125192,1.8860855102539062
509.115197351136,1.8447086811065674
505.2582639897537,1.8338278532028198
501.4013306283714,1.8320850133895874
497.5443972669882,1.8192559480667114
493.6874639056059,1.834124207496643
489.8305305442227,1.8507431745529175
485.9735971828404,1.8329871892929077
482.11666382145813,1.803591251373291
478.25973046007493,1.7481926679611206
474.40279709869264,1.7568280696868896
470.54586373730945,1.7210301160812378
466.68893037592716,1.698019027709961
462.83199701454487,1.6551878452301025
458.97506365316167,1.6966278553009033
455.1181302917794,1.7036904096603394
451.2611969303962,1.7340352535247803
447.4042635690139,1.7824163436889648
443.5473302076316,1.7266693115234375
439.6903968462484,1.6968872547149658
435.8334634848661,1.7397139072418213
431.9765301234829,1.8418420553207397
428.1195967621006,1.9212208986282349
424.26266340071834,1.8468594551086426
420.40573003933514,1.789034366607666
416.54879667795285,1.8562589883804321
412.69186331656965,1.7538762092590332
408.83492995518736,1.6236850023269653
404.9779965938051,1.6038939952850342
401.1210632324219,1.655597448348999
