CombID,UniqueID,PrelimID,Date,Transect,Plot,Easting,Northing,Height,RHeight,RTHeight,Inun,C14_0,iC15_0,aC15_0,C14_1,C15_0,iC16_0,C15_1,C16_0,C16_1w11t,C16_1w7t,aC17_0,C16_1,C16_1w9c,C18isomer1,C18isomer2,C18isomer3,C18isomer4,C17_0,me10C16_0,C17_1,C18_0,C18_1n9t,C18_1n9c,C19isomer3,C18_2n6c,me10C18_0,C18_3n3
FCNSW_001_2019-03-26_T0_P1,FCNSW_001,FC NSW 1001,26/3/19,0,1,144.425419,-35.73389,80.57,4.41,0.300003,n,0.03,0.14,0.042,0.049,0.017,0.08,0.008,0.182,0.005,0.088,0.03,0.023,0.047,0.02,0.013,0.02,0.003,0.01,0.009,0.014,0.031,0.003,0.066,0.015,0.032,0.023,0.001
FCNSW_002_2019-03-26_T0_P2,FCNSW_002,FC NSW 1002,26/3/19,0,2,144.425642,-35.734851,80.779999,4.62,0.510002,n,0.025,0.143,0.037,0.044,0.015,0.077,0.007,0.183,0.006,0.094,0.031,0.049,0.049,0.016,0.01,0.026,0.003,0.006,0.008,0.009,0.026,0.004,0.078,0.013,0.02,0.02,0.001
FCNSW_003_2019-03-26_T0_P3,FCNSW_003,FC NSW 1003,26/3/19,0,3,144.425268,-35.73518,80.739998,4.57999,0.470001,n,0.025,0.127,0.035,0.048,0.013,0.058,0.003,0.162,0.111,0.084,0.026,0.042,0.042,0.015,0.008,0.018,0.003,0.007,0.007,0.01,0.024,0.002,0.062,0.012,0.032,0.023,0.001
FCNSW_004_2019-03-26_T0_P4,FCNSW_004,FC NSW 1004,26/3/19,0,4,144.425377,-35.735393,80.269997,4.10999,0,n,0.023,0.13,0.041,0.023,0.015,0.063,0.005,0.159,0.11,0.1,0.027,0.037,0.037,0.014,0.009,0.02,0.003,0.007,0.006,0.008,0.024,0.019,0.071,0.009,0.013,0.027,0
FCNSW_005_2019-03-26_T1_P1,FCNSW_005,FC NSW 1011,26/3/19,1,1,144.417459,-35.745008,81.370003,5.21,1.810005,n,0.022,0.08,0.024,0.067,0.007,0.043,0.004,0.164,0.114,0.12,0.019,0.068,0.068,0.011,0.005,0.008,0.006,0.004,0.016,0.013,0.019,0.004,0.06,0.017,0.028,0.006,0.002
FCNSW_006_2019-03-26_T1_P2,FCNSW_006,FC NSW 1012,26/3/19,1,2,144.417561,-35.745289,80.519997,4.35999,0.959999,n,0.021,0.133,0.035,0.041,0.013,0.066,0.005,0.16,0.112,0.081,0.029,0.041,0.041,0.016,0.01,0.022,0.003,0.006,0.008,0.008,0.024,0.003,0.062,0.015,0.023,0.023,0
FCNSW_007_2019-03-26_T1_P3,FCNSW_007,FC NSW 1013,26/3/19,1,3,144.417647,-35.745413,80.190002,4.03,0.630005,m,0.021,0.139,0.039,0.035,0.012,0.063,0.004,0.159,0.11,0.083,0.027,0.043,0.043,0.017,0.009,0.018,0.003,0.007,0.009,0.011,0.023,0.003,0.062,0.017,0.014,0.028,0
FCNSW_008_2019-03-26_T1_P4,FCNSW_008,FC NSW 1014,26/3/19,1,4,144.417776,-35.745531,79.559998,3.39999,0,y,0.026,0.135,0.04,0.034,0.014,0.059,0.038,0.166,0.112,0.079,0.025,0.041,0.04,0.01,0.01,0.01,0.004,0.007,0.007,0.011,0.023,0.002,0.06,0.011,0.014,0.02,0
FCNSW_009_2019-03-27_T2_P1,FCNSW_009,FC NSW 1021,27/3/19,2,1,144.382395,-35.780812,81.239998,5.07999,1.220001,n,0.019,0.109,0.029,0.027,0.011,0.078,0.004,0.166,0.116,0.093,0.034,0.036,0.036,0.014,0.021,0.029,0.003,0.005,0.008,0.009,0.024,0.004,0.062,0.012,0.028,0.024,0
FCNSW_010_2019-03-27_T2_P2,FCNSW_010,FC NSW 1022,27/3/19,2,2,144.383235,-35.780596,80.730003,4.57,0.710007,n,0.02,0.126,0.026,0.076,0.011,0.061,0.003,0.158,0.111,0.079,0.029,0.042,0.042,0.021,0.014,0.021,0.002,0.006,0.005,0.009,0.021,0.005,0.061,0.015,0.014,0.02,0
FCNSW_011_2019-03-27_T2_P3,FCNSW_011,FC NSW 1023,27/3/19,2,3,144.384195,-35.780728,80.694283,4.53428,0.674286,m,0.022,0.141,0.032,0.022,0.011,0.059,0.037,0.16,0.11,0.091,0.026,0.042,0.042,0.011,0.007,0.02,0.004,0.006,0.007,0.009,0.021,0.005,0.064,0.012,0.016,0.024,0
FCNSW_012_2019-03-27_T2_P4,FCNSW_012,FC NSW 1024,27/3/19,2,4,144.384389,-35.780678,80.019997,3.85999,0,y,0.018,0.134,0.029,0.018,0.011,0.069,0.045,0.156,0.11,0.087,0.033,0.037,0.037,0.024,0.016,0.024,0.003,0.005,0.005,0.007,0.022,0.002,0.064,0.009,0.018,0.018,0
FCNSW_013_2019-03-25_T3_P1,FCNSW_013,FC NSW 1031,25/3/19,3,1,144.42359,-35.862426,82.900002,6.74,0,n,0.021,0.13,0.035,0.019,0.013,0.069,0.004,0.159,0.111,0.096,0.029,0.041,0.041,0.022,0.015,0.022,0.003,0.006,0.007,0.007,0.021,0.003,0.066,0.012,0.021,0.025,0
FCNSW_014_2019-03-25_T3_P2,FCNSW_014,FC NSW 1032,25/3/19,3,2,144.424764,-35.862395,82.980003,6.82,0.080002,n,0.02,0.136,0.034,0.018,0.011,0.063,0.005,0.166,0.118,0.088,0.026,0.043,0.043,0.022,0.015,0.022,0.002,0.006,0.008,0.008,0.022,0.009,0.062,0.015,0.015,0.027,0
FCNSW_015_2019-03-25_T3_P3,FCNSW_015,FC NSW 1033,25/3/19,3,3,144.42555,-35.86226,83.300003,7.14,0.400002,n,0.02,0.13,0.032,0.026,0.012,0.075,0.006,0.152,0.109,0.115,0.025,0.037,0.037,0.024,0.016,0.024,0.002,0.006,0.009,0.009,0.02,0.011,0.055,0.006,0.016,0.025,0
FCNSW_016_2019-03-25_T3_P4,FCNSW_016,FC NSW 1034,25/3/19,3,4,144.42597,-35.862151,83.5,7.34,0.599998,n,0.018,0.128,0.046,0.027,0.011,0.061,0.039,0.161,0.114,0.082,0.025,0.042,0.042,0.012,0.008,0.004,0.006,0.006,0.008,0.007,0.026,0.003,0.065,0.016,0.014,0.03,0
FCNSW_017_2019-03-27_T4_P1,FCNSW_017,FC NSW 1041,27/3/19,4,1,144.34441,-35.74825,80.510002,4.35,1.200005,n,0.021,0.098,0.027,0.041,0.011,0.078,0.005,0.173,0.124,0.073,0.03,0.031,0.031,0.028,0.019,0.028,0.001,0.005,0.007,0.01,0.027,0.005,0.064,0.014,0.03,0.019,0.001
FCNSW_018_2019-03-27_T4_P2,FCNSW_018,FC NSW 1042,27/3/19,4,2,144.34441,-35.74903,79.57,3.41,0.260002,n,0.018,0.13,0.028,0.079,0.013,0.065,0.003,0.141,0.101,0.105,0.024,0.036,0.036,0.022,0.015,0.022,0.003,0.006,0.007,0.006,0.02,0.002,0.059,0.01,0.02,0.03,0
FCNSW_019_2019-03-27_T4_P3,FCNSW_019,FC NSW 1043,27/3/19,4,3,144.34407,-35.74957,79.440002,3.28,0.130005,n,0.024,0.134,0.031,0.088,0.015,0.056,0.003,0.151,0.107,0.089,0.024,0.042,0.041,0.012,0.007,0.02,0.005,0.007,0.007,0.006,0.021,0.002,0.058,0.011,0.014,0.025,0
FCNSW_020_2019-03-27_T4_P4,FCNSW_020,FC NSW 1044,27/3/19,4,4,144.34419,-35.75001,79.309998,3.14999,0,n,0.02,0.122,0.027,0.078,0.013,0.057,0.038,0.165,0.117,0.076,0.023,0.038,0.038,0.018,0.012,0.018,0.002,0.006,0.006,0.007,0.021,0.002,0.058,0.006,0.013,0.019,0.001
FCNSW_021_2019-03-27_T5_P1,FCNSW_021,FC NSW 1051,27/3/19,5,1,144.29449,-35.72734,80.019997,3.85999,1.099998,n,0.008,0.111,0.031,0.045,0.009,0.054,0.001,0.172,0.127,0.066,0.033,0.044,0.044,0.023,0.014,0.023,0.002,0.003,0.005,0.006,0.025,0.001,0.078,0.012,0.044,0.013,0.004
FCNSW_022_2019-03-27_T5_P2,FCNSW_022,FC NSW 1052,27/3/19,5,2,144.29568,-35.72802,79.650002,3.49,0.730003,n,0.02,0.138,0.029,0.08,0.013,0.06,0.003,0.137,0.097,0.1,0.024,0.045,0.045,0.018,0.012,0.018,0.004,0.007,0.009,0.009,0.02,0.003,0.053,0.014,0.014,0.026,0
FCNSW_023_2019-03-27_T5_P3,FCNSW_023,FC NSW 1053,27/3/19,5,3,144.29662,-35.72855,79.43,3.27,0.510002,n,0.025,0.142,0.032,0.018,0.014,0.075,0.004,0.177,0.006,0.1,0.032,0.051,0.051,0.025,0.017,0.025,0.004,0.007,0.008,0.013,0.026,0.004,0.076,0.018,0.024,0.024,0
FCNSW_024_2019-03-27_T5_P4,FCNSW_024,FC NSW 1054,27/3/19,5,4,144.29732,-35.72876,78.919998,2.75999,0,n,0.022,0.124,0.031,0.086,0.013,0.06,0.004,0.153,0.108,0.075,0.023,0.037,0.037,0.017,0.012,0.017,0.002,0.006,0.007,0.01,0.023,0.018,0.065,0.01,0.018,0.021,0.001
FCNSW_025_2019-03-28_T6_P1,FCNSW_025,FC NSW 1061,28/3/19,6,1,144.274284,-35.696733,79.400002,3.24,1.459999,n,0.011,0.12,0.037,0.052,0.009,0.073,0.003,0.15,0.111,0.085,0.038,0.036,0.037,0.033,0.023,0.033,0.003,0.004,0.006,0.007,0.02,0.007,0.052,0.009,0.017,0.023,0
FCNSW_026_2019-03-28_T6_P2,FCNSW_026,FC NSW 1062,28/3/19,6,2,144.274252,-35.6966,78.470001,2.31,0.529999,m,0.017,0.132,0.032,0.021,0.011,0.06,0.041,0.156,0.115,0.079,0.027,0.043,0.043,0.024,0.015,0.024,0.005,0.007,0.002,0.009,0.021,0.003,0.058,0.012,0.023,0.023,0
FCNSW_027_2019-03-28_T6_P3,FCNSW_027,FC NSW 1063,28/3/19,6,3,144.274289,-35.696551,78.050003,1.89,0.110001,y,0.026,0.144,0.036,0.02,0.013,0.058,0.039,0.16,0.115,0.08,0.026,0.043,0.043,0.021,0.014,0.021,0.003,0.007,0.008,0.008,0.02,0.003,0.054,0.01,0.009,0.018,0
FCNSW_028_2019-03-28_T6_P4,FCNSW_028,FC NSW 1064,28/3/19,6,4,144.274307,-35.696518,77.940002,1.78,0,y,0.027,0.126,0.033,0.094,0.014,0.047,0.033,0.155,0.114,0.067,0.021,0.045,0.045,0.016,0.008,0.016,0,0.007,0.007,0.009,0.019,0.016,0.046,0.01,0.01,0.015,0.001
FCNSW_029_2019-03-28_T7_P1,FCNSW_029,FC NSW 1071,28/3/19,7,1,144.239511,-35.678113,78.860001,2.7,1.18,n,0.019,0.109,0.038,0.034,0.011,0.064,0.004,0.181,0.13,0.081,0.023,0.048,0.048,0.007,0.004,0.004,0.008,0.006,0.009,0.009,0.027,0.002,0.066,0.019,0.026,0.021,0.001
FCNSW_030_2019-03-28_T7_P2,FCNSW_030,FC NSW 1072,28/3/19,7,2,144.238774,-35.677261,78.330002,2.17,0.650002,n,0.016,0.13,0.027,0.077,0.012,0.061,0.003,0.145,0.106,0.08,0.023,0.039,0.039,0.021,0.014,0.021,0.003,0.006,0.006,0.007,0.019,0.015,0.068,0.01,0.026,0.025,0.001
FCNSW_031_2019-03-28_T7_P3,FCNSW_031,FC NSW 1073,28/3/19,7,3,144.238588,-35.676544,78.209999,2.05,0.529999,n,0.019,0.133,0.03,0.085,0.012,0.062,0.004,0.14,0.102,0.087,0.024,0.038,0.039,0.02,0.013,0.02,0.003,0.007,0.006,0.008,0.02,0.016,0.064,0.008,0.014,0.027,0
FCNSW_032_2019-03-28_T7_P4,FCNSW_032,FC NSW 1074,28/3/19,7,4,144.237507,-35.675924,77.68,1.52,0,n,0.023,0.131,0.033,0.02,0.015,0.066,0.006,0.167,0.122,0.087,0.024,0.043,0.043,0.012,0.012,0.012,0.003,0.008,0.009,0.01,0.024,0.022,0.058,0.012,0.013,0.026,0
FCNSW_033_2019-03-28_T8_P1,FCNSW_033,FC NSW 1081,28/3/19,8,1,144.232062,-35.59318,77.18,1.02,1.019997,n,0.024,0.117,0.042,0.038,0.012,0.076,0.004,0.187,0.005,0.103,0.028,0.056,0.055,0.01,0.006,0.005,0.01,0.006,0.011,0.014,0.028,0.004,0.074,0.022,0.047,0.018,0
FCNSW_034_2019-03-28_T8_P2,FCNSW_034,FC NSW 1082,28/3/19,8,2,144.231292,-35.593209,76.559998,0.39999,0.399994,n,0.024,0.134,0.038,0.026,0.014,0.061,0.005,0.161,0.118,0.084,0.026,0.044,0.044,0.017,0.011,0.017,0.004,0.007,0.008,0.012,0.023,0.002,0.064,0.015,0.013,0.028,0
FCNSW_035_2019-03-28_T8_P3,FCNSW_035,FC NSW 1083,28/3/19,8,3,144.230001,-35.592745,76.260002,0.1,0.099998,n,0.023,0.13,0.03,0.084,0.014,0.06,0.004,0.152,0.11,0.08,0.021,0.041,0.041,0.017,0.011,0.017,0.002,0.007,0.007,0.008,0.02,0.019,0.054,0.011,0.014,0.022,0
FCNSW_036_2019-03-28_T8_P4,FCNSW_036,FC NSW 1084,28/3/19,8,4,144.229216,-35.592304,76.160004,0,0,n,0.024,0.142,0.035,0.02,0.015,0.058,0.004,0.155,0.114,0.085,0.023,0.048,0.048,0.018,0.011,0.018,0.004,0.008,0.008,0.009,0.021,0.017,0.06,0.013,0.017,0.026,0
FCNSW_037_2019-03-26_T9_P1,FCNSW_037,FC NSW 1091,26/3/19,9,1,144.423864,-35.825089,82.18,6.02,1.050003,n,0.017,0.135,0.03,0.084,0.012,0.054,0.003,0.144,0.105,0.088,0.022,0.042,0.042,0.016,0.011,0.016,0.005,0.006,0.007,0.007,0.022,0.003,0.065,0.012,0.023,0.03,0
FCNSW_038_2019-03-26_T9_P2,FCNSW_038,FC NSW 1092,26/3/19,9,2,144.422807,-35.825348,82.230003,6.07,1.100006,n,0.018,0.125,0.033,0.021,0.012,0.062,0.005,0.169,0.123,0.089,0.027,0.044,0.044,0.008,0.015,0.008,0.004,0.007,0.002,0.01,0.024,0.003,0.072,0.012,0.035,0.029,0
FCNSW_039_2019-03-26_T9_P3,FCNSW_039,FC NSW 1093,26/3/19,9,3,144.422034,-35.825474,81.919998,5.75999,0.790001,n,0.014,0.135,0.03,0.085,0.01,0.05,0.034,0.138,0.102,0.081,0.02,0.042,0.042,0.016,0.011,0.016,0.004,0.005,0.001,0.006,0.019,0.011,0.069,0.011,0.018,0.029,0
FCNSW_040_2019-03-26_T9_P4,FCNSW_040,FC NSW 1094,26/3/19,9,4,144.421747,-35.825765,81.129997,4.96999,0,y,0.017,0.134,0.028,0.081,0.011,0.05,0.035,0.171,0.126,0.083,0.021,0.04,0.04,0,0,0,0,0.005,0.002,0.009,0.018,0.012,0.065,0.01,0.023,0.021,0
FCNSW_041_2019-07-31_T0_P1,FCNSW_041,FC NSW 1001,31/7/19,0,1,144.425419,-35.73389,80.57,4.41,0.300003,n,0.022,0.12,0.034,0.025,0.013,0.071,0.006,0.172,0.125,0.075,0.023,0.047,0.047,0.015,0.009,0.015,0.003,0.007,0.004,0.013,0.022,0.002,0.061,0.015,0.031,0.022,0.001
FCNSW_042_2019-07-31_T0_P2,FCNSW_042,FC NSW 1002,31/7/19,0,2,144.425642,-35.734851,80.779999,4.62,0.510002,n,0.022,0.11,0.026,0.045,0.013,0.083,0.005,0.158,0.117,0.088,0.032,0.035,0.035,0.029,0.019,0.029,0.012,0.006,0.002,0.01,0.021,0.002,0.066,0.005,0.015,0.016,0.002
FCNSW_043_2019-07-31_T0_P3,FCNSW_043,FC NSW 1003,31/7/19,0,3,144.425268,-35.73518,80.739998,4.57999,0.470001,n,0.023,0.123,0.033,0.051,0.014,0.076,0.005,0.153,0.113,0.095,0.03,0.035,0.035,0.023,0.014,0.023,0.001,0.007,0.003,0.01,0.021,0.014,0.056,0.006,0.014,0.022,0
FCNSW_044_2019-07-31_T0_P4,FCNSW_044,FC NSW 1004,31/7/19,0,4,144.425377,-35.735393,80.269997,4.10999,0,n,0.021,0.129,0.033,0.023,0.015,0.077,0.003,0.163,0.122,0.097,0.026,0.039,0.039,0.018,0.012,0.018,0.001,0.006,0.001,0.007,0.019,0.019,0.067,0.006,0.016,0.025,0
FCNSW_045_2019-07-31_T1_P1,FCNSW_045,FC NSW 1011,31/7/19,1,1,144.417459,-35.745008,81.370003,5.21,1.810005,n,0.02,0.088,0.025,0.017,0.007,0.047,0.002,0.169,0.126,0.164,0.02,0.079,0.079,0,0,0,0.002,0.002,0.004,0.015,0.016,0.002,0.058,0.012,0.035,0.006,0.004
FCNSW_046_2019-07-31_T1_P2,FCNSW_046,FC NSW 1012,31/7/19,1,2,144.417561,-35.745289,80.519997,4.35999,0.959999,n,0.019,0.142,0.031,0.045,0.013,0.094,0.004,0.165,0.004,0.096,0.04,0.043,0.043,0.035,0.022,0.035,0.015,0.007,0.003,0.012,0.022,0.002,0.071,0,0.018,0.022,0
FCNSW_047_2019-07-31_T1_P3,FCNSW_047,FC NSW 1013,31/7/19,1,3,144.417647,-35.745413,80.190002,4.03,0.630005,m,0.022,0.147,0.039,0.034,0.013,0.087,0.002,0.179,0.042,0.096,0.034,0.041,0.041,0.023,0.013,0.023,0,0.006,0.003,0.013,0.021,0.001,0.074,0.009,0.007,0.029,0
FCNSW_048_2019-07-31_T1_P4,FCNSW_048,FC NSW 1014,31/7/19,1,4,144.417776,-35.745531,79.559998,3.39999,0,y,0.022,0.148,0.011,0.038,0.014,0.078,0.003,0.196,0.035,0.095,0.032,0.046,0.046,0.02,0.012,0.02,0,0.006,0.002,0.011,0.019,0.021,0.072,0.006,0.02,0.026,0.001
FCNSW_049_2019-07-31_T2_P1,FCNSW_049,FC NSW 1021,31/7/19,2,1,144.382395,-35.780812,81.239998,5.07999,1.220001,n,0.02,0.11,0.007,0.027,0.011,0.104,0.005,0.181,0.04,0.1,0.045,0.035,0.035,0.042,0.026,0.042,0.016,0.004,0.001,0.009,0.022,0.003,0.065,0,0.026,0.022,0.002
FCNSW_050_2019-07-31_T2_P2,FCNSW_050,FC NSW 1022,31/7/19,2,2,144.383235,-35.780596,80.730003,4.57,0.710007,n,0.015,0.14,0.024,0.075,0.009,0.08,0,0.181,0.037,0.09,0.038,0.048,0.048,0.029,0.018,0.029,0,0.004,0,0.001,0.02,0.002,0.073,0,0.014,0.022,0
FCNSW_051_2019-07-31_T2_P3,FCNSW_051,FC NSW 1023,31/7/19,2,3,144.384195,-35.780728,80.694283,4.53428,0.674286,m,0.021,0.147,0.007,0.023,0.014,0.081,0.002,0.178,0.044,0.106,0.032,0.051,0.051,0.023,0.015,0.023,0.003,0.006,0.001,0.008,0.022,0.002,0.071,0.013,0.03,0.026,0.001
FCNSW_052_2019-07-31_T2_P4,FCNSW_052,FC NSW 1024,31/7/19,2,4,144.384389,-35.780678,80.019997,3.85999,0,y,0.019,0.153,0.005,0.021,0.011,0.07,0.05,0.187,0.033,0.088,0.03,0.051,0.051,0.021,0.013,0.021,0,0.004,0.002,0.011,0.022,0,0.071,0.01,0.034,0.02,0.001
FCNSW_053_2019-07-29_T3_P1,FCNSW_053,FC NSW 1031,29/7/19,3,1,144.42359,-35.862426,82.900002,6.74,0,n,0.014,0.106,0.021,0.062,0.013,0.078,0.007,0.148,0.111,0.105,0.024,0.038,0.038,0.019,0.013,0.019,0.001,0.005,0.002,0.009,0.017,0.016,0.064,0.007,0.04,0.021,0.002
FCNSW_054_2019-07-29_T3_P2,FCNSW_054,FC NSW 1032,29/7/19,3,2,144.424764,-35.862395,82.980003,6.82,0.080002,n,0.02,0.134,0.026,0.076,0.013,0.081,0.005,0.17,0.041,0.102,0.023,0.049,0.049,0.02,0.012,0.02,0,0.005,0.002,0.003,0.02,0.012,0.065,0.007,0.023,0.021,0
FCNSW_055_2019-07-29_T3_P3,FCNSW_055,FC NSW 1033,29/7/19,3,3,144.42555,-35.86226,83.300003,7.14,0.400002,n,0.023,0.129,0.029,0.085,0.015,0.074,0.004,0.179,0.042,0.103,0.021,0.048,0.048,0.006,0.01,0.006,0.002,0.006,0.002,0.001,0.022,0.012,0.061,0.01,0.039,0.023,0.001
FCNSW_056_2019-07-29_T3_P4,FCNSW_056,FC NSW 1034,29/7/19,3,4,144.42597,-35.862151,83.5,7.34,0.599998,n,0.02,0.142,0.008,0.027,0.012,0.08,0.055,0.189,0.035,0.088,0.031,0.054,0.053,0.001,0,0.001,0.005,0.005,0,0.002,0.025,0.015,0.079,0.019,0.021,0.032,0.001
FCNSW_057_2019-07-31_T4_P1,FCNSW_057,FC NSW 1041,31/7/19,4,1,144.34441,-35.74825,80.510002,4.35,1.200005,n,0.024,0.114,0.016,0.049,0.012,0.1,0.006,0.185,0.036,0.082,0.038,0.033,0.033,0.036,0.023,0.036,0.014,0.004,0.001,0.009,0.025,0.008,0.058,0,0.038,0.019,0.002
FCNSW_058_2019-07-31_T4_P2,FCNSW_058,FC NSW 1042,31/7/19,4,2,144.34441,-35.74903,79.57,3.41,0.260002,n,0.016,0.131,0.025,0.076,0.014,0.089,0.004,0.168,0.045,0.092,0.033,0.037,0.037,0.032,0.02,0.032,0.012,0.005,0.001,0.007,0.018,0.002,0.054,0.002,0.025,0.021,0.001
FCNSW_059_2019-07-31_T4_P3,FCNSW_059,FC NSW 1043,31/7/19,4,3,144.34407,-35.74957,79.440002,3.28,0.130005,n,0.023,0.126,0.028,0.08,0.015,0.066,0.046,0.164,0.037,0.09,0.024,0.041,0.042,0.02,0.012,0.02,0.002,0.007,0.001,0.007,0.02,0.016,0.053,0.009,0.029,0.021,0.001
FCNSW_060_2019-07-31_T4_P4,FCNSW_060,FC NSW 1044,31/7/19,4,4,144.34419,-35.75001,79.309998,3.14999,0,n,0.018,0.138,0.027,0.081,0.016,0.087,0.004,0.169,0.045,0.104,0.031,0.038,0.038,0.03,0.018,0.03,0.011,0.007,0,0.005,0.019,0,0.055,0,0.008,0.021,0
FCNSW_061_2019-07-30_T5_P1,FCNSW_061,FC NSW 1051,30/7/19,5,1,144.29449,-35.72734,80.019997,3.85999,1.099998,n,0,0.121,0.026,0.089,0.006,0.067,0,0.206,0.035,0.065,0.049,0.044,0.044,0.034,0.018,0.034,0,0,0,0.005,0.025,0,0.06,0,0.057,0.008,0.008
FCNSW_062_2019-07-30_T5_P2,FCNSW_062,FC NSW 1052,30/7/19,5,2,144.29568,-35.72802,79.650002,3.49,0.730003,n,0.026,0.145,0.028,0.081,0.015,0.071,0.005,0.168,0.04,0.098,0.026,0.05,0.05,0.018,0.011,0.018,0.001,0.007,0.002,0.008,0.022,0.002,0.048,0.011,0.021,0.026,0.002
FCNSW_063_2019-07-30_T5_P3,FCNSW_063,FC NSW 1053,30/7/19,5,3,144.29662,-35.72855,79.43,3.27,0.510002,n,0.021,0.155,0.025,0.081,0.012,0.085,0.001,0.187,0.039,0.083,0.037,0.054,0.054,0.024,0,0.024,0,0.004,0,0.007,0.016,0,0.063,0,0.013,0.015,0
FCNSW_064_2019-07-30_T5_P4,FCNSW_064,FC NSW 1054,30/7/19,5,4,144.29732,-35.72876,78.919998,2.75999,0,n,0.018,0.169,0.003,0.023,0.012,0.082,0.063,0.206,0.034,0.056,0.037,0.053,0.053,0.025,0.001,0.025,0,0.003,0,0.003,0.014,0.001,0.08,0,0.024,0.014,0
FCNSW_065_2019-07-30_T6_P1,FCNSW_065,FC NSW 1061,30/7/19,6,1,144.274284,-35.696733,79.400002,3.24,1.459999,n,0.021,0.121,0.01,0.031,0.012,0.088,0.003,0.179,0.037,0.085,0.04,0.048,0.048,0.032,0.021,0.032,0.003,0.005,0,0.003,0.026,0.005,0.056,0.014,0.043,0.021,0.013
FCNSW_066_2019-07-30_T6_P2,FCNSW_066,FC NSW 1062,30/7/19,6,2,144.274252,-35.6966,78.470001,2.31,0.529999,m,0.02,0.149,0.006,0.021,0.014,0.081,0.002,0.177,0.041,0.089,0.034,0.054,0.055,0.027,0.017,0.027,0.002,0.006,0.001,0.007,0.022,0.004,0.066,0.008,0.043,0.025,0.003
FCNSW_067_2019-07-30_T6_P3,FCNSW_067,FC NSW 1063,30/7/19,6,3,144.274289,-35.696551,78.050003,1.89,0.110001,y,0.026,0.145,0.004,0.019,0.016,0.08,0.002,0.207,0.039,0.091,0.032,0.053,0.053,0.03,0.018,0.03,0,0.007,0,0.007,0.022,0.001,0.063,0.005,0.029,0.018,0.005
FCNSW_068_2019-07-30_T6_P4,FCNSW_068,FC NSW 1064,30/7/19,6,4,144.274307,-35.696518,77.940002,1.78,0,y,0.028,0.134,0.032,0.094,0.014,0.056,0.041,0.185,0.031,0.072,0.023,0.05,0.05,0.015,0.008,0.015,0,0.007,0,0.003,0.02,0,0.05,0.008,0.045,0.015,0.005
FCNSW_069_2019-07-30_T7_P1,FCNSW_069,FC NSW 1071,30/7/19,7,1,144.239511,-35.678113,78.860001,2.7,1.18,n,0.017,0.132,0.008,0.034,0.006,0.071,0.054,0.217,0.035,0.072,0.027,0.067,0.067,0,0,0,0.006,0.001,0,0.004,0.022,0.009,0.066,0.017,0.045,0.011,0.013
FCNSW_070_2019-07-30_T7_P2,FCNSW_070,FC NSW 1072,30/7/19,7,2,144.238774,-35.677261,78.330002,2.17,0.650002,n,0.016,0.157,0.029,0.088,0.011,0.085,0,0.163,0.035,0.075,0.027,0.053,0.052,0.022,0.013,0.022,0,0.003,0,0.002,0.016,0.01,0.071,0.003,0.028,0.017,0
FCNSW_071_2019-07-30_T7_P3,FCNSW_071,FC NSW 1073,30/7/19,7,3,144.238588,-35.676544,78.209999,2.05,0.529999,n,0.021,0.148,0.031,0.091,0.013,0.077,0.002,0.167,0.04,0.091,0.027,0.051,0.049,0.022,0.014,0.022,0,0.005,0,0.001,0.021,0.002,0.064,0.005,0.017,0.02,0
FCNSW_072_2019-07-30_T7_P4,FCNSW_072,FC NSW 1074,30/7/19,7,4,144.237507,-35.675924,77.68,1.52,0,n,0.025,0.154,0.029,0.087,0.013,0.064,0.001,0.218,0.033,0.07,0.024,0.054,0.055,0.009,0.006,0.009,0,0.006,0,0.004,0.025,0.018,0.058,0.003,0.012,0.022,0.001
FCNSW_073_2019-07-31_T8_P1,FCNSW_073,FC NSW 1081,31/7/19,8,1,144.232062,-35.59318,77.18,1.02,1.019997,n,0.023,0.109,0.012,0.041,0.01,0.073,0.004,0.213,0.052,0.121,0.03,0.056,0.056,0,0,0,0.004,0.003,0.001,0.01,0.022,0.003,0.062,0.011,0.045,0.011,0.028
FCNSW_074_2019-07-31_T8_P2,FCNSW_074,FC NSW 1082,31/7/19,8,2,144.231292,-35.593209,76.559998,0.39999,0.399994,n,0.023,0.149,0.009,0.027,0.016,0.074,0.005,0.188,0.041,0.093,0.029,0.048,0.049,0.019,0.012,0.019,0.003,0.009,0.003,0.011,0.026,0.003,0.073,0.016,0.02,0.034,0
FCNSW_075_2019-07-31_T8_P3,FCNSW_075,FC NSW 1083,31/7/19,8,3,144.230001,-35.592745,76.260002,0.1,0.099998,n,0.025,0.142,0.03,0.087,0.014,0.059,0.043,0.19,0.032,0.074,0.022,0.051,0.051,0.009,0.007,0.009,0,0.005,0,0.004,0.022,0,0.066,0.009,0.028,0.022,0
FCNSW_076_2019-07-31_T8_P4,FCNSW_076,FC NSW 1084,31/7/19,8,4,144.229216,-35.592304,76.160004,0,0,n,0.022,0.153,0.035,0.094,0.016,0.069,0.003,0.168,0.036,0.085,0.025,0.046,0.046,0.015,0.008,0.015,0.001,0.007,0,0.005,0.021,0.001,0.059,0.012,0.022,0.026,0.007
FCNSW_077_2019-07-31_T9_P1,FCNSW_077,FC NSW 1091,31/7/19,9,1,144.423864,-35.825089,82.18,6.02,1.050003,n,0.017,0.125,0.026,0.074,0.012,0.057,0.042,0.167,0.029,0.068,0.024,0.057,0.057,0.019,0.011,0.019,0.003,0.005,0,0.002,0.023,0.002,0.067,0.016,0.055,0.023,0.002
FCNSW_078_2019-07-31_T9_P2,FCNSW_078,FC NSW 1092,31/7/19,9,2,144.422807,-35.825348,82.230003,6.07,1.100006,n,0.018,0.146,0.007,0.022,0.013,0.066,0.006,0.169,0.043,0.099,0.025,0.06,0.059,0.02,0.013,0.02,0.005,0.007,0,0.001,0.025,0.019,0.08,0.016,0.029,0.034,0
FCNSW_079_2019-07-31_T9_P3,FCNSW_079,FC NSW 1093,31/7/19,9,3,144.422034,-35.825474,81.919998,5.75999,0.790001,n,0.019,0.135,0.029,0.085,0.012,0.062,0.045,0.167,0.035,0.082,0.024,0.05,0.05,0.012,0.009,0.012,0,0.005,0,0.003,0.021,0.002,0.075,0.013,0.025,0.027,0.001
FCNSW_080_2019-07-31_T9_P4,FCNSW_080,FC NSW 1094,31/7/19,9,4,144.421747,-35.825765,81.129997,4.96999,0,y,0.015,0.134,0.03,0.087,0.012,0.05,0.037,0.172,0.039,0.09,0.021,0.047,0.047,0.011,0.006,0.011,0.001,0.005,0,0.005,0.019,0.013,0.071,0.011,0.039,0.024,0.001
FCNSW_081_2019-11-06_T0_P1,FCNSW_081,FC NSW 1001,6/11/19,0,1,144.425419,-35.73389,80.57,4.41,0.300003,n,0.025,0.146,0.016,0.045,0.016,0.086,0.009,0.189,0.044,0.1,0.03,0.052,0.024,0.017,0.014,0.02,0.003,0.008,0,0,0.027,0.002,0.069,0.01,0.016,0.031,0
FCNSW_082_2019-11-06_T0_P2,FCNSW_082,FC NSW 1002,6/11/19,0,2,144.425642,-35.734851,80.779999,4.62,0.510002,n,0.023,0.141,0.008,0.027,0.014,0.079,0.005,0.206,0.037,0.088,0.03,0.063,0.018,0.022,0.013,0.022,0.003,0.008,0,0,0.026,0.015,0.09,0.015,0.021,0.026,0.001
FCNSW_083_2019-11-06_T0_P3,FCNSW_083,FC NSW 1003,6/11/19,0,3,144.425268,-35.73518,80.739998,4.57999,0.470001,n,0.025,0.143,0.012,0.039,0.016,0.08,0.005,0.203,0.044,0.097,0.03,0.056,0.021,0.02,0.012,0.02,0.005,0.008,0.003,0.001,0.027,0.003,0.074,0,0.024,0.031,0
FCNSW_084_2019-11-06_T0_P4,FCNSW_084,FC NSW 1004,6/11/19,0,4,144.425377,-35.735393,80.269997,4.10999,0,n,0.021,0.132,0.005,0.094,0.014,0.06,0.044,0.184,0.038,0.088,0.023,0.05,0.016,0.013,0.009,0.01,0.003,0.007,0.003,0.001,0.025,0.02,0.077,0.012,0.019,0.032,0
FCNSW_085_2019-11-06_T1_P1,FCNSW_085,FC NSW 1011,6/11/19,1,1,144.417459,-35.745008,81.370003,5.21,1.810005,n,0.012,0.061,0.001,0.007,0.005,0.03,0.104,0.152,0.06,0.132,0.015,0.074,0.011,0.001,0,0.001,0.005,0.002,0,0.003,0.024,0.127,0.109,0,0.056,0.004,0.002
FCNSW_086_2019-11-06_T1_P2,FCNSW_086,FC NSW 1012,6/11/19,1,2,144.417561,-35.745289,80.519997,4.35999,0.959999,n,0.015,0.128,0.009,0.029,0.011,0.067,0.005,0.179,0.035,0.075,0.029,0.054,0.018,0.023,0.014,0.023,0.003,0.007,0.001,0.007,0.025,0.092,0.079,0.017,0.025,0.027,0.001
FCNSW_087_2019-11-06_T1_P3,FCNSW_087,FC NSW 1013,6/11/19,1,3,144.417647,-35.745413,80.190002,4.03,0.630005,m,0.015,0.129,0.035,0.098,0.01,0.063,0.117,0.169,0.036,0.013,0.026,0.05,0.019,0.013,0.01,0.013,0.003,0.006,0.001,0.008,0.022,0.003,0.075,0.018,0.014,0.034,0
FCNSW_088_2019-11-06_T1_P4,FCNSW_088,FC NSW 1014,6/11/19,1,4,144.417776,-35.745531,79.559998,3.39999,0,y,0.017,0.098,0.008,0.028,0.012,0.055,0.149,0.194,0.034,0.068,0.027,0.03,0.016,0.008,0.007,0.008,0,0.007,0,0,0.023,0.085,0.071,0.001,0.031,0.022,0.002
FCNSW_089_2019-11-05_T2_P1,FCNSW_089,FC NSW 1021,5/11/19,2,1,144.382395,-35.780812,81.239998,5.07999,1.220001,n,0.016,0.127,0.007,0.026,0.011,0.102,0.007,0.22,0.049,0.022,0.042,0.049,0.02,0.035,0.023,0.035,0.001,0.006,0,0,0.029,0.003,0.089,0,0.048,0.033,0.003
FCNSW_090_2019-11-05_T2_P2,FCNSW_090,FC NSW 1022,5/11/19,2,2,144.383235,-35.780596,80.730003,4.57,0.710007,n,0.012,0.137,0.027,0.079,0.009,0.068,0.114,0.166,0.039,0.02,0.035,0.052,0.019,0.026,0.016,0.026,0.002,0.004,0,0,0.022,0.004,0.075,0,0.019,0.029,0
FCNSW_091_2019-11-05_T2_P3,FCNSW_091,FC NSW 1023,5/11/19,2,3,144.384195,-35.780728,80.694283,4.53428,0.674286,m,0.021,0.171,0.007,0.024,0.013,0.069,0.004,0.181,0.049,0.109,0.03,0.066,0.017,0.02,0.013,0.02,0.004,0.007,0,0,0.025,0.007,0.079,0,0.029,0.034,0.001
FCNSW_092_2019-11-05_T2_P4,FCNSW_092,FC NSW 1024,5/11/19,2,4,144.384389,-35.780678,80.019997,3.85999,0,y,0.016,0.143,0.003,0.016,0.014,0.056,0.128,0.182,0.034,0.014,0.034,0.05,0.014,0.024,0.015,0.024,0,0.005,0,0,0.02,0.087,0.072,0.006,0.017,0.026,0
FCNSW_093_2019-11-05_T3_P1,FCNSW_093,FC NSW 1031,5/11/19,3,1,144.42359,-35.862426,82.900002,6.74,0,n,0.02,0.154,0.005,0.019,0.014,0.084,0.007,0.206,0.051,0.027,0.033,0.062,0.02,0.026,0.016,0.026,0.002,0.007,0,0,0.027,0.005,0.098,0.014,0.042,0.033,0.001
FCNSW_094_2019-11-05_T3_P2,FCNSW_094,FC NSW 1032,5/11/19,3,2,144.424764,-35.862395,82.980003,6.82,0.080002,n,0.019,0.139,0.03,0.084,0.013,0.068,0.005,0.17,0.043,0.018,0.023,0.058,0.016,0.02,0.013,0.02,0.004,0.007,0,0.002,0.023,0.082,0.071,0.014,0.027,0.031,0
FCNSW_095_2019-11-05_T3_P3,FCNSW_095,FC NSW 1033,5/11/19,3,3,144.42555,-35.86226,83.300003,7.14,0.400002,n,0.019,0.128,0.025,0.073,0.013,0.074,0.006,0.181,0.046,0.018,0.024,0.053,0.015,0.019,0.011,0.019,0.003,0.006,0,0,0.024,0.086,0.074,0.013,0.04,0.029,0.001
FCNSW_096_2019-11-05_T3_P4,FCNSW_096,FC NSW 1034,5/11/19,3,4,144.42597,-35.862151,83.5,7.34,0.599998,n,0.018,0.153,0.007,0.022,0.014,0.077,0.005,0.222,0.036,0.042,0.031,0.069,0.025,0.006,0.003,0.006,0.012,0.008,0,0.002,0.034,0.004,0.099,0,0.06,0.043,0.002
FCNSW_097_2019-11-05_T4_P1,FCNSW_097,FC NSW 1041,5/11/19,4,1,144.34441,-35.74825,80.510002,4.35,1.200005,n,0.016,0.106,0.009,0.031,0.011,0.088,0.006,0.205,0.037,0.085,0.033,0.05,0.018,0.03,0.019,0.03,0.002,0.005,0,0,0.025,0.007,0.087,0.016,0.051,0.026,0.005
FCNSW_098_2019-11-05_T4_P2,FCNSW_098,FC NSW 1042,5/11/19,4,2,144.34441,-35.74903,79.57,3.41,0.260002,n,0.017,0.136,0.025,0.072,0.013,0.071,0.003,0.159,0.044,0.098,0.029,0.043,0.014,0.028,0.018,0.028,0.001,0.006,0,0,0.023,0.065,0.056,0.006,0.015,0.029,0
FCNSW_099_2019-11-05_T4_P3,FCNSW_099,FC NSW 1043,5/11/19,4,3,144.34407,-35.74957,79.440002,3.28,0.130005,n,0.019,0.127,0.028,0.079,0.013,0.05,0.102,0.151,0.032,0.07,0.021,0.049,0.014,0.016,0.009,0.016,0.005,0.006,0,0.001,0.019,0.064,0.055,0.011,0.017,0.025,0
FCNSW_100_2019-11-05_T4_P4,FCNSW_100,FC NSW 1044,5/11/19,4,4,144.34419,-35.75001,79.309998,3.14999,0,n,0.013,0.121,0.023,0.068,0.01,0.055,0.107,0.157,0.036,0.071,0.023,0.04,0.013,0.022,0.013,0.022,0,0.004,0,0.001,0.02,0.068,0.058,0.002,0.029,0.02,0.004
FCNSW_101_2019-11-05_T5_P1,FCNSW_101,FC NSW 1051,5/11/19,5,1,144.29449,-35.72734,80.019997,3.85999,1.099998,n,0.021,0.133,0.009,0.025,0.011,0.069,0.003,0.219,0.042,0.089,0.038,0.062,0.018,0.026,0.015,0.026,0.006,0.004,0,0,0.034,0.007,0.089,0,0.032,0.021,0.001
FCNSW_102_2019-11-05_T5_P2,FCNSW_102,FC NSW 1052,5/11/19,5,2,144.29568,-35.72802,79.650002,3.49,0.730003,n,0.013,0.141,0.029,0.085,0.013,0.066,0.002,0.181,0.047,0.011,0.024,0.058,0.018,0.017,0.01,0.017,0.002,0.006,0,0,0.024,0.077,0.069,0.014,0.042,0.035,0
FCNSW_103_2019-11-05_T5_P3,FCNSW_103,FC NSW 1053,5/11/19,5,3,144.29662,-35.72855,79.43,3.27,0.510002,n,0.018,0.143,0.027,0.081,0.013,0.079,0.004,0.202,0.049,0.017,0.032,0.052,0.02,0.028,0.017,0.028,0,0.007,0,0,0.029,0.003,0.085,0.01,0.019,0.036,0
FCNSW_104_2019-11-05_T5_P4,FCNSW_104,FC NSW 1054,5/11/19,5,4,144.29732,-35.72876,78.919998,2.75999,0,n,0.014,0.13,0.029,0.084,0.011,0.061,0.115,0.17,0.035,0.016,0.025,0.053,0.019,0.021,0.013,0.021,0.002,0.006,0,0,0.026,0.002,0.079,0.012,0.027,0.03,0
FCNSW_105_2019-11-06_T6_P1,FCNSW_105,FC NSW 1061,6/11/19,6,1,144.274284,-35.696733,79.400002,3.24,1.459999,n,0.024,0.114,0.007,0.022,0.012,0.064,0.138,0.196,0.033,0.075,0.027,0.065,0.02,0.004,0.002,0.004,0.012,0.006,0,0.001,0.03,0.005,0.071,0,0.043,0.022,0.003
FCNSW_106_2019-11-06_T6_P2,FCNSW_106,FC NSW 1062,6/11/19,6,2,144.274252,-35.6966,78.470001,2.31,0.529999,m,0.011,0.175,0.004,0.02,0.012,0.087,0.001,0.182,0.049,0.014,0.057,0.049,0.082,0.04,0.024,0.04,0,0.005,0,0,0.022,0.006,0.068,0.005,0.008,0.038,0
FCNSW_107_2019-11-06_T6_P3,FCNSW_107,FC NSW 1063,6/11/19,6,3,144.274289,-35.696551,78.050003,1.89,0.110001,y,0.021,0.159,0.037,0.111,0.018,0.076,0.001,0.186,0.043,0.089,0.007,0.053,0.02,0.029,0.018,0.029,0,0.006,0,0,0.018,0,0.056,0,0.004,0.019,0
FCNSW_108_2019-11-06_T6_P4,FCNSW_108,FC NSW 1064,6/11/19,6,4,144.274307,-35.696518,77.940002,1.78,0,y,0.027,0.154,0.006,0.026,0.016,0.066,0.131,0.187,0.046,0.102,0.007,0.052,0.019,0.024,0.013,0.024,0,0.007,0,0,0.019,0.003,0.037,0,0.016,0.019,0
FCNSW_109_2019-11-06_T7_P1,FCNSW_109,FC NSW 1071,6/11/19,7,1,144.239511,-35.678113,78.860001,2.7,1.18,n,0.022,0.147,0.013,0.044,0.013,0.09,0.003,0.217,0.044,0.098,0.012,0.074,0.027,0.003,0,0.003,0.01,0.004,0,0,0.03,0.003,0.089,0,0.027,0.024,0.001
FCNSW_110_2019-11-06_T7_P2,FCNSW_110,FC NSW 1072,6/11/19,7,2,144.238774,-35.677261,78.330002,2.17,0.650002,n,0.017,0.142,0.029,0.081,0.013,0.076,0.107,0.159,0.039,0.022,0.024,0.053,0.018,0.019,0.013,0.02,0.005,0.006,0,0,0.021,0.004,0.074,0,0.029,0.029,0.001
FCNSW_111_2019-11-06_T7_P3,FCNSW_111,FC NSW 1073,6/11/19,7,3,144.238588,-35.676544,78.209999,2.05,0.529999,n,0.017,0.143,0.032,0.093,0.014,0.079,0.003,0.171,0.041,0.088,0.027,0.06,0.019,0.007,0.013,0.007,0.005,0.007,0,0,0.021,0.003,0.08,0.014,0.033,0.026,0
FCNSW_112_2019-11-06_T7_P4,FCNSW_112,FC NSW 1074,6/11/19,7,4,144.237507,-35.675924,77.68,1.52,0,n,0.015,0.156,0.004,0.018,0.013,0.071,0.13,0.187,0.036,0.075,0.025,0.063,0.018,0.015,0.009,0.015,0.001,0.006,0,0,0.019,0.001,0.076,0.01,0.012,0.026,0
FCNSW_113_2019-11-04_T8_P1,FCNSW_113,FC NSW 1081,4/11/19,8,1,144.232062,-35.59318,77.18,1.02,1.019997,n,0.02,0.12,0.01,0.036,0.011,0.091,0.006,0.208,0.045,0.114,0.029,0.075,0.026,0,0,0,0.008,0.006,0,0,0.022,0.002,0.093,0,0.063,0.014,0.002
FCNSW_114_2019-11-04_T8_P2,FCNSW_114,FC NSW 1082,4/11/19,8,2,144.231292,-35.593209,76.559998,0.39999,0.399994,n,0.022,0.124,0.006,0.02,0.012,0.07,0.003,0.144,0.037,0.011,0.028,0.047,0.016,0.019,0.012,0.019,0,0.005,0,0,0.018,0.18,0.158,0.006,0.017,0.023,0
FCNSW_115_2019-11-04_T8_P3,FCNSW_115,FC NSW 1083,4/11/19,8,3,144.230001,-35.592745,76.260002,0.1,0.099998,n,0.02,0.15,0.027,0.079,0.018,0.081,0.004,0.179,0.041,0.088,0.024,0.051,0.018,0.02,0.012,0.021,0.001,0.007,0,0,0.022,0.002,0.069,0.007,0.035,0.025,0
FCNSW_116_2019-11-04_T8_P4,FCNSW_116,FC NSW 1084,4/11/19,8,4,144.229216,-35.592304,76.160004,0,0,n,0.02,0.161,0.034,0.098,0.017,0.08,0.002,0.178,0.044,0.088,0.009,0.052,0.019,0.024,0.003,0.024,0,0.006,0,0,0.019,0.002,0.067,0.007,0.019,0.028,0
FCNSW_117_2019-11-05_T9_P1,FCNSW_117,FC NSW 1091,5/11/19,9,1,144.423864,-35.825089,82.18,6.02,1.050003,n,0.014,0.151,0.032,0.091,0.013,0.08,0.003,0.167,0.047,0.027,0.034,0.061,0.019,0.027,0.017,0.027,0.006,0.006,0,0.001,0.023,0.005,0.081,0,0.036,0.033,0
FCNSW_118_2019-11-05_T9_P2,FCNSW_118,FC NSW 1092,5/11/19,9,2,144.422807,-35.825348,82.230003,6.07,1.100006,n,0.018,0.179,0.008,0.026,0.016,0.093,0.005,0.195,0.053,0.024,0.031,0.075,0.021,0.002,0.016,0.025,0.006,0.006,0,0.001,0.025,0.004,0.093,0,0.043,0.035,0
FCNSW_119_2019-11-05_T9_P3,FCNSW_119,FC NSW 1093,5/11/19,9,3,144.422034,-35.825474,81.919998,5.75999,0.790001,n,0.015,0.164,0.037,0.106,0.015,0.08,0.004,0.182,0.047,0.017,0.01,0.06,0.018,0.023,0.015,0.023,0.005,0.006,0,0,0.022,0.003,0.097,0,0.018,0.035,0
FCNSW_120_2019-11-05_T9_P4,FCNSW_120,FC NSW 1094,5/11/19,9,4,144.421747,-35.825765,81.129997,4.96999,0,y,0.015,0.117,0.035,0.099,0.015,0.05,0.107,0.156,0.03,0.067,0.009,0.053,0.015,0.001,0,0.001,0,0.008,0,0,0.017,0.07,0.061,0.019,0.028,0.022,0.004
FCNSW_121_2020-02-05_T0_P1,FCNSW_121,FC NSW 1001,5/2/20,0,1,144.425419,-35.73389,80.57,4.41,0.300003,n,0.02,0.107,0.009,0.028,0.012,0.058,0.115,0.172,0.026,0.062,0.022,0.051,0.021,0.013,0.009,0.013,0.004,0.008,0,0.001,0.023,0.084,0.074,0.019,0.028,0.022,0
FCNSW_122_2020-02-05_T0_P2,FCNSW_122,FC NSW 1002,5/2/20,0,2,144.425642,-35.734851,80.779999,4.62,0.510002,n,0.023,0.139,0.014,0.043,0.015,0.08,0.009,0.216,0.04,0.084,0.009,0.054,0.021,0.022,0.014,0.022,0.002,0.008,0,0,0.03,0.007,0.088,0.014,0.02,0.026,0.001
FCNSW_123_2020-02-05_T0_P3,FCNSW_123,FC NSW 1003,5/2/20,0,3,144.425268,-35.73518,80.739998,4.57999,0.470001,n,0.029,0.148,0.015,0.045,0.015,0.074,0.006,0.207,0.045,0.101,0.008,0.05,0.021,0.022,0.013,0.022,0.001,0.004,0,0,0.029,0.005,0.078,0.01,0.017,0.034,0
FCNSW_124_2020-02-05_T0_P4,FCNSW_124,FC NSW 1004,5/2/20,0,4,144.425377,-35.735393,80.269997,4.10999,0,n,0.022,0.14,0.007,0.024,0.015,0.062,0.129,0.19,0.042,0.086,0.008,0.047,0.018,0.017,0.01,0.017,0.002,0.004,0,0,0.024,0.002,0.08,0.01,0.011,0.032,0
FCNSW_125_2020-02-05_T1_P1,FCNSW_125,FC NSW 1011,5/2/20,1,1,144.417459,-35.745008,81.370003,5.21,1.810005,n,0.021,0.078,0.021,0.062,0.007,0.036,0.131,0.188,0.074,0.154,0.015,0.084,0.007,0,0,0,0.001,0.003,0.002,0.009,0.019,0.002,0.061,0,0.021,0.005,0
FCNSW_126_2020-02-05_T1_P2,FCNSW_126,FC NSW 1012,5/2/20,1,2,144.417561,-35.745289,80.519997,4.35999,0.959999,n,0.015,0.108,0.007,0.024,0.01,0.053,0.121,0.174,0.028,0.057,0.007,0.044,0.014,0.02,0.013,0.02,0.002,0.003,0,0.001,0.022,0.084,0.072,0.016,0.061,0.022,0.001
FCNSW_127_2020-02-05_T1_P3,FCNSW_127,FC NSW 1013,5/2/20,1,3,144.417647,-35.745413,80.190002,4.03,0.630005,m,0.02,0.119,0.032,0.09,0.011,0.062,0.005,0.189,0.031,0.065,0.008,0.045,0.023,0.017,0.01,0.017,0.004,0.004,0,0.001,0.025,0.083,0.072,0.019,0.022,0.029,0
FCNSW_128_2020-02-05_T1_P4,FCNSW_128,FC NSW 1014,5/2/20,1,4,144.417776,-35.745531,79.559998,3.39999,0,y,0.025,0.151,0.006,0.022,0.016,0.066,0.004,0.22,0.043,0.086,0.007,0.048,0.024,0,0.009,0.015,0.002,0.004,0,0,0.027,0.086,0.076,0.013,0.017,0.035,0
FCNSW_129_2020-02-04_T2_P1,FCNSW_129,FC NSW 1021,4/2/20,2,1,144.382395,-35.780812,81.239998,5.07999,1.220001,n,0.026,0.128,0.007,0.024,0.013,0.091,0.006,0.216,0.047,0.098,0.007,0.046,0.021,0.032,0.019,0.032,0.002,0.002,0,0.003,0.028,0.008,0.079,0,0.038,0.029,0
FCNSW_130_2020-02-04_T2_P2,FCNSW_130,FC NSW 1022,4/2/20,2,2,144.383235,-35.780596,80.730003,4.57,0.710007,n,0.021,0.132,0.025,0.073,0.011,0.062,0.126,0.182,0.035,0.02,0.009,0.053,0.017,0.019,0.012,0.019,0.004,0.005,0,0,0.024,0.006,0.081,0.018,0.018,0.027,0
FCNSW_131_2020-02-04_T2_P3,FCNSW_131,FC NSW 1023,4/2/20,2,3,144.384195,-35.780728,80.694283,4.53428,0.674286,m,0.015,0.116,0.004,0.015,0.01,0.051,0.115,0.167,0.034,0.073,0.008,0.049,0.014,0.018,0.011,0.018,0.004,0.007,0,0,0.022,0.092,0.076,0.016,0.037,0.028,0
FCNSW_132_2020-02-04_T2_P4,FCNSW_132,FC NSW 1024,4/2/20,2,4,144.384389,-35.780678,80.019997,3.85999,0,y,0.013,0.125,0.026,0.076,0.011,0.053,0.121,0.175,0.041,0.08,0.007,0.047,0.015,0.017,0.002,0.017,0.003,0.007,0,0,0.022,0.002,0.069,0.01,0.039,0.023,0.001
FCNSW_133_2020-02-04_T3_P1,FCNSW_133,FC NSW 1031,4/2/20,3,1,144.42359,-35.862426,82.900002,6.74,0,n,0.017,0.137,0.026,0.076,0.012,0.068,0.004,0.194,0.045,0.022,0.011,0.064,0.02,0.019,0.012,0.019,0.004,0.006,0,0.001,0.029,0.004,0.098,0.018,0.058,0.033,0.001
FCNSW_134_2020-02-04_T3_P2,FCNSW_134,FC NSW 1032,4/2/20,3,2,144.424764,-35.862395,82.980003,6.82,0.080002,n,0.015,0.124,0.027,0.077,0.012,0.069,0.005,0.181,0.047,0.022,0.009,0.054,0.016,0.022,0.013,0.021,0.002,0.006,0,0.001,0.024,0.095,0.082,0.013,0.025,0.036,0
FCNSW_135_2020-02-04_T3_P3,FCNSW_135,FC NSW 1033,4/2/20,3,3,144.42555,-35.86226,83.300003,7.14,0.400002,n,0.027,0.132,0.032,0.09,0.014,0.064,0.005,0.184,0.046,0.016,0.009,0.05,0.015,0.015,0.009,0.015,0.004,0.006,0,0.001,0.025,0.087,0.075,0.015,0.032,0.032,0
FCNSW_136_2020-02-04_T3_P4,FCNSW_136,FC NSW 1034,4/2/20,3,4,144.42597,-35.862151,83.5,7.34,0.599998,n,0.021,0.145,0.006,0.021,0.014,0.071,0.005,0.213,0.04,0.034,0.011,0.061,0.018,0.002,0,0.002,0.008,0.005,0,0.002,0.032,0.114,0.099,0,0.032,0.043,0
FCNSW_137_2020-02-04_T4_P1,FCNSW_137,FC NSW 1041,4/2/20,4,1,144.34441,-35.74825,80.510002,4.35,1.200005,n,0.025,0.113,0.013,0.038,0.014,0.095,0.008,0.202,0.042,0.087,0.007,0.044,0.019,0.03,0.019,0.03,0.001,0.003,0,0.001,0.033,0.009,0.081,0,0.054,0.03,0
FCNSW_138_2020-02-04_T4_P2,FCNSW_138,FC NSW 1042,4/2/20,4,2,144.34441,-35.74903,79.57,3.41,0.260002,n,0.018,0.106,0.024,0.068,0.013,0.063,0.109,0.158,0.038,0.084,0.006,0.038,0.014,0.02,0.012,0.02,0.001,0.004,0,0.001,0.022,0.073,0.062,0.009,0.014,0.022,0
FCNSW_139_2020-02-04_T4_P3,FCNSW_139,FC NSW 1043,4/2/20,4,3,144.34407,-35.74957,79.440002,3.28,0.130005,n,0.023,0.119,0.028,0.079,0.014,0.049,0.108,0.16,0.033,0.074,0.008,0.046,0.013,0.018,0.011,0.018,0,0.006,0,0.001,0.021,0.064,0.055,0.012,0.013,0.026,0
FCNSW_140_2020-02-04_T4_P4,FCNSW_140,FC NSW 1044,4/2/20,4,4,144.34419,-35.75001,79.309998,3.14999,0,n,0.02,0.121,0.026,0.075,0.014,0.062,0.129,0.185,0.037,0.075,0.007,0.044,0.015,0.02,0.012,0.02,0,0.004,0,0,0.024,0.002,0.065,0.006,0.016,0.02,0.001
FCNSW_141_2020-02-04_T5_P1,FCNSW_141,FC NSW 1051,4/2/20,5,1,144.29449,-35.72734,80.019997,3.85999,1.099998,n,0.024,0.124,0.034,0.032,0.012,0.072,0.004,0.206,0.043,0.085,0.036,0.052,0.052,0.022,0,0,0.004,0.005,0,0.004,0.034,0.009,0.078,0.015,0.029,0.024,0
FCNSW_142_2020-02-04_T5_P2,FCNSW_142,FC NSW 1052,4/2/20,5,2,144.29568,-35.72802,79.650002,3.49,0.730003,n,0.02,0.126,0.025,0.073,0.013,0.065,0.005,0.174,0.05,0.102,0.024,0.048,0.048,0.016,0.01,0.016,0.002,0.007,0.001,0.003,0.024,0.012,0.071,0.012,0.017,0.035,0
FCNSW_143_2020-02-04_T5_P3,FCNSW_143,FC NSW 1053,4/2/20,5,3,144.29662,-35.72855,79.43,3.27,0.510002,n,0.023,0.145,0.029,0.016,0.013,0.069,0.003,0.198,0.037,0.087,0.033,0.053,0.053,0.025,0.014,0.025,0,0.006,0,0.001,0.027,0.013,0.083,0,0.014,0.03,0
FCNSW_144_2020-02-04_T5_P4,FCNSW_144,FC NSW 1054,4/2/20,5,4,144.29732,-35.72876,78.919998,2.75999,0,n,0.022,0.132,0.004,0.016,0.012,0.059,0.047,0.201,0.033,0.071,0.024,0.058,0.06,0.019,0.01,0.019,0.003,0.008,0,0.001,0.025,0.017,0.083,0.019,0.031,0.027,0
FCNSW_145_2020-02-03_T6_P1,FCNSW_145,FC NSW 1061,3/2/20,6,1,144.274284,-35.696733,79.400002,3.24,1.459999,n,0.014,0.125,0.012,0.037,0.01,0.079,0.005,0.171,0.046,0.093,0.038,0.054,0.054,0.033,0.019,0.033,0.006,0.004,0.001,0.005,0.027,0.004,0.074,0,0.028,0.029,0
FCNSW_146_2020-02-03_T6_P2,FCNSW_146,FC NSW 1062,3/2/20,6,2,144.274252,-35.6966,78.470001,2.31,0.529999,m,0.019,0.144,0.008,0.026,0.013,0.071,0.004,0.177,0.048,0.099,0.031,0.053,0.052,0.027,0.017,0.027,0,0.006,0,0.001,0.024,0.004,0.079,0.013,0.022,0.035,0
FCNSW_147_2020-02-03_T6_P3,FCNSW_147,FC NSW 1063,3/2/20,6,3,144.274289,-35.696551,78.050003,1.89,0.110001,y,0.022,0.152,0.006,0.022,0.016,0.065,0.003,0.195,0.048,0.097,0.031,0.061,0.061,0.01,0.015,0.01,0.002,0.008,0,0.006,0.026,0.021,0.065,0.013,0.018,0.027,0
FCNSW_148_2020-02-03_T6_P4,FCNSW_148,FC NSW 1064,3/2/20,6,4,144.274307,-35.696518,77.940002,1.78,0,y,0.026,0.139,0.038,0.11,0.016,0.051,0.043,0.183,0.035,0.079,0.026,0.052,0.052,0.004,0.009,0.004,0,0.009,0,0,0.022,0.002,0.053,0.011,0.012,0.022,0.001
FCNSW_149_2020-02-04_T7_P1,FCNSW_149,FC NSW 1071,4/2/20,7,1,144.239511,-35.678113,78.860001,2.7,1.18,n,0.02,0.126,0.012,0.039,0.013,0.08,0.006,0.204,0.051,0.1,0.029,0.063,0.063,0.001,0,0.001,0.008,0.005,0.001,0.006,0.031,0.003,0.082,0,0.027,0.028,0
FCNSW_150_2020-02-04_T7_P2,FCNSW_150,FC NSW 1072,4/2/20,7,2,144.238774,-35.677261,78.330002,2.17,0.650002,n,0.017,0.136,0.027,0.077,0.012,0.063,0.005,0.173,0.038,0.082,0.023,0.055,0.055,0.019,0.011,0,0.004,0.006,0.001,0.003,0.022,0.015,0.08,0.014,0.035,0.028,0.001
FCNSW_151_2020-02-04_T7_P3,FCNSW_151,FC NSW 1073,4/2/20,7,3,144.238588,-35.676544,78.209999,2.05,0.529999,n,0.017,0.139,0.005,0.017,0.012,0.066,0.052,0.178,0.04,0.077,0.025,0.058,0.058,0.02,0,0.02,0,0.007,0,0.004,0.022,0.003,0.09,0.019,0.037,0.033,0
FCNSW_152_2020-02-04_T7_P4,FCNSW_152,FC NSW 1074,4/2/20,7,4,144.237507,-35.675924,77.68,1.52,0,n,0.02,0.154,0.006,0.021,0.015,0.064,0.005,0.211,0.039,0.079,0.025,0.059,0.059,0.01,0,0,0,0.008,0,0.002,0.026,0.023,0.092,0.019,0.029,0.034,0
FCNSW_153_2020-02-03_T8_P1,FCNSW_153,FC NSW 1081,3/2/20,8,1,144.232062,-35.59318,77.18,1.02,1.019997,n,0.021,0.113,0.011,0.035,0.013,0.081,0.006,0.185,0.051,0.106,0.028,0.067,0.067,0.002,0,0.002,0.006,0.006,0.004,0.015,0.026,0.004,0.09,0,0.042,0.017,0.001
FCNSW_154_2020-02-03_T8_P2,FCNSW_154,FC NSW 1082,3/2/20,8,2,144.231292,-35.593209,76.559998,0.39999,0.399994,n,0.02,0.149,0.008,0.021,0.015,0.067,0.004,0.182,0.045,0.095,0.027,0.059,0.059,0.019,0.011,0.019,0.002,0.008,0.001,0.006,0.022,0.003,0.081,0.018,0.021,0.037,0
FCNSW_155_2020-02-03_T8_P3,FCNSW_155,FC NSW 1083,3/2/20,8,3,144.230001,-35.592745,76.260002,0.1,0.099998,n,0.018,0.138,0.028,0.079,0.013,0.064,0.005,0.165,0.038,0.083,0.022,0.051,0.051,0.018,0.012,0.018,0.002,0.007,0.001,0,0.024,0.003,0.094,0.013,0.027,0.026,0
FCNSW_156_2020-02-03_T8_P4,FCNSW_156,FC NSW 1084,3/2/20,8,4,144.229216,-35.592304,76.160004,0,0,n,0.021,0.145,0.034,0.096,0.014,0.061,0.004,0.176,0.035,0.079,0.024,0.06,0.059,0,0,0.011,0.004,0.007,0,0.001,0.023,0.003,0.077,0.017,0.018,0.031,0
FCNSW_157_2020-02-04_T9_P1,FCNSW_157,FC NSW 1091,4/2/20,9,1,144.423864,-35.825089,82.18,6.02,1.050003,n,0.011,0.135,0.025,0.07,0.01,0.059,0.047,0.141,0.042,0.082,0.025,0.056,0.055,0.02,0.012,0.02,0.005,0.005,0.001,0.004,0.02,0.004,0.08,0,0.036,0.034,0
FCNSW_158_2020-02-04_T9_P2,FCNSW_158,FC NSW 1092,4/2/20,9,2,144.422807,-35.825348,82.230003,6.07,1.100006,n,0.017,0.147,0.008,0.024,0.013,0.068,0.008,0.18,0.047,0.099,0.027,0.068,0.068,0.003,0.001,0.003,0.009,0.007,0.001,0,0.026,0.004,0.093,0,0.04,0.041,0.001
FCNSW_159_2020-02-04_T9_P3,FCNSW_159,FC NSW 1093,4/2/20,9,3,144.422034,-35.825474,81.919998,5.75999,0.790001,n,0.012,0.132,0.03,0.087,0.01,0.062,0.051,0.167,0.041,0.087,0.029,0.047,0.017,0.018,0.003,0.018,0.004,0.005,0,0.003,0.023,0.005,0.088,0,0.029,0.032,0
FCNSW_160_2020-02-04_T9_P4,FCNSW_160,FC NSW 1094,4/2/20,9,4,144.421747,-35.825765,81.129997,4.96999,0,y,0.014,0.126,0.033,0.092,0.014,0.053,0.043,0.172,0.04,0.087,0.024,0.048,0.048,0,0,0,0.003,0.007,0.001,0,0.021,0.012,0.076,0.014,0.041,0.03,0.001
FCNSW_161_2020-10-13_T0_P1,FCNSW_161,FC NSW 1001,13/10/20,0,1,144.425419,-35.73389,80.57,4.41,0.300003,n,0.039,0.138,0.012,0.036,0.019,0.103,0.009,0.204,0.039,0.073,0.033,0.049,0.037,0.01,0.012,0.01,0,0.01,0,0.004,0.028,0.003,0.077,0.015,0.02,0.021,0.001
FCNSW_162_2020-10-13_T0_P2,FCNSW_162,FC NSW 1002,13/10/20,0,2,144.425642,-35.734851,80.779999,4.62,0.510002,n,0.024,0.131,0.014,0.042,0.015,0.087,0.004,0.187,0.043,0.087,0.033,0.054,0.02,0.026,0.017,0.026,0,0.006,0.001,0.005,0.026,0.003,0.092,0.008,0.024,0.019,0.004
FCNSW_163_2020-10-13_T0_P3,FCNSW_163,FC NSW 1003,13/10/20,0,3,144.425268,-35.73518,80.739998,4.57999,0.470001,n,0.03,0.144,0.011,0.033,0.015,0.08,0.008,0.187,0.05,0.103,0.031,0.052,0.021,0.022,0.013,0.022,0.004,0.008,0,0.005,0.027,0.004,0.076,0,0.019,0.035,0.001
FCNSW_164_2020-10-13_T0_P4,FCNSW_164,FC NSW 1004,13/10/20,0,4,144.425377,-35.735393,80.269997,4.10999,0,n,0.027,0.147,0.034,0.09,0.013,0.067,0.004,0.195,0.043,0.087,0.026,0.053,0.02,0.016,0,0.005,0,0.006,0,0.004,0.025,0.002,0.084,0.009,0.012,0.029,0
FCNSW_165_2020-10-13_T1_P1,FCNSW_165,FC NSW 1011,13/10/20,1,1,144.417459,-35.745008,81.370003,5.21,1.810005,n,0.026,0.084,0.022,0.066,0.007,0.043,0.003,0.185,0.083,0.178,0.021,0.097,0.015,0,0,0,0.006,0.003,0.001,0.008,0.021,0.004,0.083,0,0.033,0.008,0.002
FCNSW_166_2020-10-13_T1_P2,FCNSW_166,FC NSW 1012,13/10/20,1,2,144.417561,-35.745289,80.519997,4.35999,0.959999,n,0.025,0.144,0.012,0.037,0.013,0.075,0.005,0.199,0.036,0.082,0.034,0.05,0.021,0.026,0.017,0.026,0.002,0.007,0.001,0.008,0.03,0.01,0.08,0.011,0.019,0.03,0
FCNSW_167_2020-10-13_T1_P3,FCNSW_167,FC NSW 1013,13/10/20,1,3,144.417647,-35.745413,80.190002,4.03,0.630005,m,0.026,0.135,0.009,0.029,0.013,0.071,0.057,0.185,0.043,0.086,0.031,0.048,0.023,0.018,0.011,0.018,0,0.006,0,0.002,0.029,0.005,0.08,0.016,0.022,0.037,0
FCNSW_168_2020-10-13_T1_P4,FCNSW_168,FC NSW 1014,13/10/20,1,4,144.417776,-35.745531,79.559998,3.39999,0,y,0.019,0.137,0.01,0.034,0.012,0.063,0.003,0.19,0.039,0.074,0.032,0.06,0.023,0.016,0.008,0.016,0,0.006,0,0.002,0.023,0.091,0.079,0.012,0.024,0.024,0
FCNSW_169_2020-10-13_T2_P1,FCNSW_169,FC NSW 1021,13/10/20,2,1,144.382395,-35.780812,81.239998,5.07999,1.220001,n,0.02,0.113,0.006,0.021,0.011,0.096,0.009,0.173,0.05,0.102,0.044,0.04,0.019,0.036,0.024,0.036,0.019,0.006,0,0.005,0.025,0.013,0.076,0,0.024,0.029,0.003
FCNSW_170_2020-10-13_T2_P2,FCNSW_170,FC NSW 1022,13/10/20,2,2,144.383235,-35.780596,80.730003,4.57,0.710007,n,0.015,0.127,0.023,0.068,0.009,0.075,0.063,0.163,0.046,0.082,0.036,0.048,0.018,0.028,0.017,0.028,0,0.004,0,0.001,0.023,0.001,0.079,0,0.021,0.024,0
FCNSW_171_2020-10-13_T2_P3,FCNSW_171,FC NSW 1023,13/10/20,2,3,144.384195,-35.780728,80.694283,4.53428,0.674286,m,0.021,0.143,0.006,0.021,0.012,0.074,0.061,0.169,0.05,0.103,0.032,0.053,0.019,0.026,0.014,0.024,0,0.006,0.001,0.006,0.023,0.006,0.079,0,0.021,0.03,0
FCNSW_172_2020-10-13_T2_P4,FCNSW_172,FC NSW 1024,13/10/20,2,4,144.384389,-35.780678,80.019997,3.85999,0,y,0.018,0.141,0.029,0.086,0.011,0.052,0.045,0.16,0.039,0.078,0.025,0.053,0.053,0.017,0.01,0.017,0,0.004,0,0.005,0.024,0.003,0.076,0.007,0.027,0.02,0
FCNSW_173_2020-10-13_T3_P1,FCNSW_173,FC NSW 1031,13/10/20,3,1,144.42359,-35.862426,82.900002,6.74,0,n,0.016,0.116,0.024,0.07,0.01,0.064,0.005,0.157,0.041,0.081,0.022,0.053,0.015,0.018,0.01,0.018,0,0.006,0.001,0.006,0.022,0.088,0.076,0.011,0.042,0.029,0
FCNSW_174_2020-10-13_T3_P2,FCNSW_174,FC NSW 1032,13/10/20,3,2,144.424764,-35.862395,82.980003,6.82,0.080002,n,0.018,0.12,0.026,0.076,0.011,0.064,0.005,0.156,0.041,0.081,0.021,0.052,0.012,0.02,0.011,0.02,0.003,0.005,0.001,0.006,0.02,0.081,0.07,0.012,0.038,0.028,0.001
FCNSW_175_2020-10-13_T3_P3,FCNSW_175,FC NSW 1033,13/10/20,3,3,144.42555,-35.86226,83.300003,7.14,0.400002,n,0.026,0.124,0.006,0.021,0.014,0.066,0.006,0.172,0.048,0.097,0.021,0.053,0.018,0.016,0.01,0.016,0.004,0.006,0,0.007,0.025,0.087,0.075,0.013,0.036,0.034,0
FCNSW_176_2020-10-13_T3_P4,FCNSW_176,FC NSW 1034,13/10/20,3,4,144.42597,-35.862151,83.5,7.34,0.599998,n,0.019,0.136,0.005,0.018,0.012,0.068,0.055,0.206,0.042,0.077,0.028,0.059,0.024,0.003,0.001,0.003,0,0.006,0,0.004,0.037,0.005,0.097,0,0.051,0.042,0.001
FCNSW_177_2020-10-14_T4_P1,FCNSW_177,FC NSW 1041,14/10/20,4,1,144.34441,-35.74825,80.510002,4.35,1.200005,n,0.029,0.117,0.009,0.033,0.013,0.095,0.006,0.206,0.038,0.073,0.039,0.047,0.023,0.031,0.02,0.031,0,0.006,0,0.007,0.033,0.006,0.079,0,0.031,0.027,0
FCNSW_178_2020-10-14_T4_P2,FCNSW_178,FC NSW 1042,14/10/20,4,2,144.34441,-35.74903,79.57,3.41,0.260002,n,0.022,0.133,0.027,0.077,0.015,0.075,0.006,0.173,0.05,0.11,0.03,0.039,0.015,0.028,0.017,0.028,0.001,0.008,0,0.001,0.025,0.004,0.059,0.007,0.014,0.039,0
FCNSW_179_2020-10-14_T4_P3,FCNSW_179,FC NSW 1043,14/10/20,4,3,144.34407,-35.74957,79.440002,3.28,0.130005,n,0.025,0.14,0.028,0.083,0.014,0.064,0.004,0.195,0.042,0.083,0.026,0.048,0.021,0.024,0.013,0.024,0.002,0.008,0,0.001,0.026,0.002,0.069,0.01,0.023,0.027,0
FCNSW_180_2020-10-14_T4_P4,FCNSW_180,FC NSW 1044,14/10/20,4,4,144.34419,-35.75001,79.309998,3.14999,0,n,0.015,0.118,0.02,0.061,0.012,0.064,0.053,0.19,0.045,0.09,0.026,0.044,0.044,0.026,0.016,0.026,0,0.007,0,0.001,0.025,0.002,0.065,0.003,0.016,0.028,0.002
FCNSW_181_2020-10-14_T5_P1,FCNSW_181,FC NSW 1051,14/10/20,5,1,144.29449,-35.72734,80.019997,3.85999,1.099998,n,0.011,0.104,0.011,0.039,0.008,0.068,0.002,0.205,0.035,0.067,0.038,0.058,0.064,0.004,0.017,0.004,0.004,0.003,0,0.003,0.033,0,0.088,0,0.092,0.014,0.028
FCNSW_182_2020-10-14_T5_P2,FCNSW_182,FC NSW 1052,14/10/20,5,2,144.29568,-35.72802,79.650002,3.49,0.730003,n,0.019,0.147,0.025,0.076,0.013,0.086,0.004,0.187,0.047,0.094,0.03,0.053,0.019,0.023,0.013,0.023,0,0.005,0,0.002,0.018,0,0.068,0.003,0.023,0.025,0
FCNSW_183_2020-10-14_T5_P3,FCNSW_183,FC NSW 1053,14/10/20,5,3,144.29662,-35.72855,79.43,3.27,0.510002,n,0.017,0.113,0.018,0.056,0.01,0.075,0.128,0.17,0.035,0.067,0.031,0.046,0.017,0.023,0.015,0.023,0,0.006,0,0.004,0.019,0.005,0.075,0.005,0.022,0.019,0
FCNSW_184_2020-10-14_T5_P4,FCNSW_184,FC NSW 1054,14/10/20,5,4,144.29732,-35.72876,78.919998,2.75999,0,n,0.013,0.128,0.002,0.015,0.01,0.074,0.134,0.178,0.038,0.004,0.028,0.05,0.019,0.022,0.012,0.022,0,0.004,0,0.001,0.017,0.099,0.084,0.002,0.02,0.02,0.004
FCNSW_185_2020-10-14_T6_P1,FCNSW_185,FC NSW 1061,14/10/20,6,1,144.274284,-35.696733,79.400002,3.24,1.459999,n,0.018,0.125,0.009,0.031,0.012,0.084,0.004,0.204,0.053,0.025,0.04,0.055,0.026,0.035,0.021,0.035,0.005,0.006,0,0.005,0.032,0.009,0.082,0,0.043,0.036,0.004
FCNSW_186_2020-10-14_T6_P2,FCNSW_186,FC NSW 1062,14/10/20,6,2,144.274252,-35.6966,78.470001,2.31,0.529999,m,0.023,0.16,0.006,0.022,0.015,0.085,0.006,0.198,0.056,0.021,0.039,0.057,0.022,0.033,0.019,0.033,0.002,0.007,0,0.003,0.031,0.002,0.086,0.008,0.028,0.043,0
FCNSW_187_2020-10-14_T6_P3,FCNSW_187,FC NSW 1063,14/10/20,6,3,144.274289,-35.696551,78.050003,1.89,0.110001,y,0.023,0.134,0.003,0.015,0.013,0.056,0.139,0.19,0.042,0.077,0.027,0.057,0.02,0.02,0.011,0.02,0,0.007,0,0.001,0.024,0,0.059,0.009,0.026,0.022,0.005
FCNSW_188_2020-10-14_T6_P4,FCNSW_188,FC NSW 1064,14/10/20,6,4,144.274307,-35.696518,77.940002,1.78,0,y,0.027,0.13,0.036,0.101,0.016,0.05,0.042,0.192,0.039,0.076,0.024,0.061,0.021,0.008,0,0.008,0.004,0.009,0.001,0.001,0.026,0.003,0.059,0.015,0.024,0.023,0.003
FCNSW_189_2020-10-15_T7_P1,FCNSW_189,FC NSW 1071,15/10/20,7,1,144.239511,-35.678113,78.860001,2.7,1.18,n,0.015,0.096,0.009,0.031,0.011,0.064,0.155,0.207,0.045,0.077,0.023,0.047,0.023,0,0,0,0.004,0.004,0,0.002,0.032,0.002,0.074,0.011,0.033,0.026,0.007
FCNSW_190_2020-10-15_T7_P2,FCNSW_190,FC NSW 1072,15/10/20,7,2,144.238774,-35.677261,78.330002,2.17,0.650002,n,0.012,0.123,0.022,0.065,0.011,0.064,0.133,0.177,0.038,0.018,0.025,0.05,0.017,0.022,0.012,0.022,0,0.006,0,0.002,0.027,0.003,0.083,0.008,0.025,0.033,0
FCNSW_191_2020-10-15_T7_P3,FCNSW_191,FC NSW 1073,15/10/20,7,3,144.238588,-35.676544,78.209999,2.05,0.529999,n,0.016,0.121,0.004,0.015,0.012,0.067,0.126,0.171,0.045,0.088,0.027,0.045,0.019,0.02,0.013,0.02,0.002,0.007,0,0,0.026,0.004,0.083,0.009,0.024,0.036,0
FCNSW_192_2020-10-15_T7_P4,FCNSW_192,FC NSW 1074,15/10/20,7,4,144.237507,-35.675924,77.68,1.52,0,n,0.018,0.151,0.003,0.017,0.014,0.075,0.003,0.238,0.05,0.09,0.026,0.059,0.023,0.013,0.011,0.013,0,0.009,0,0,0.034,0,0.085,0.007,0.013,0.048,0
FCNSW_193_2020-10-15_T8_P1,FCNSW_193,FC NSW 1081,15/10/20,8,1,144.232062,-35.59318,77.18,1.02,1.019997,n,0.02,0.103,0.01,0.037,0.01,0.091,0.007,0.18,0.046,0.094,0.031,0.044,0.026,0.022,0.012,0.022,0,0.003,0,0.003,0.019,0.089,0.081,0.004,0.028,0.017,0
FCNSW_194_2020-10-15_T8_P2,FCNSW_194,FC NSW 1082,15/10/20,8,2,144.231292,-35.593209,76.559998,0.39999,0.399994,n,0.016,0.158,0.005,0.023,0.015,0.1,0.003,0.22,0.048,0.006,0.037,0.063,0.024,0.027,0.014,0.027,0,0.007,0,0.001,0.02,0.002,0.11,0.008,0.036,0.029,0
FCNSW_195_2020-10-15_T8_P3,FCNSW_195,FC NSW 1083,15/10/20,8,3,144.230001,-35.592745,76.260002,0.1,0.099998,n,0.023,0.137,0.022,0.067,0.014,0.082,0.002,0.176,0.041,0.08,0.025,0.047,0.017,0.02,0.01,0.02,0,0.005,0,0.006,0.018,0.081,0.068,0.001,0.02,0.019,0
FCNSW_196_2020-10-15_T8_P4,FCNSW_196,FC NSW 1084,15/10/20,8,4,144.229216,-35.592304,76.160004,0,0,n,0.018,0.126,0.026,0.08,0.012,0.068,0.116,0.155,0.033,0.065,0.023,0.042,0.015,0.016,0.007,0.016,0,0.004,0,0.001,0.014,0.07,0.058,0,0.015,0.018,0
FCNSW_197_2020-10-13_T9_P1,FCNSW_197,FC NSW 1091,13/10/20,9,1,144.423864,-35.825089,82.18,6.02,1.050003,n,0.016,0.161,0.03,0.089,0.012,0.086,0.003,0.18,0.046,0.013,0.035,0.059,0.017,0.026,0.015,0.026,0,0.004,0,0.004,0.02,0.006,0.094,0.007,0.027,0.027,0
FCNSW_198_2020-10-13_T9_P2,FCNSW_198,FC NSW 1092,13/10/20,9,2,144.422807,-35.825348,82.230003,6.07,1.100006,n,0.017,0.144,0.032,0.094,0.012,0.085,0.002,0.19,0.049,0.011,0.033,0.064,0.017,0.024,0.001,0.024,0,0.004,0,0.007,0.021,0.004,0.091,0.008,0.039,0.027,0.001
FCNSW_199_2020-10-13_T9_P3,FCNSW_199,FC NSW 1093,13/10/20,9,3,144.422034,-35.825474,81.919998,5.75999,0.790001,n,0.016,0.15,0.033,0.096,0.013,0.093,0.003,0.185,0.053,0.005,0.034,0.06,0.021,0.01,0.014,0.01,0.002,0.004,0,0.003,0.02,0.002,0.105,0.008,0.032,0.027,0
FCNSW_200_2020-10-13_T9_P4,FCNSW_200,FC NSW 1094,13/10/20,9,4,144.421747,-35.825765,81.129997,4.96999,0,y,0.013,0.12,0.026,0.076,0.013,0.059,0.116,0.157,0.043,0.087,0.021,0.049,0.014,0.014,0.007,0.014,0.002,0.006,0,0.002,0.018,0.003,0.071,0.009,0.034,0.025,0.001