CombID,UniqueID,PrelimID,Date,Transect,Plot,Easting,Northing,DistLowP,Height,RHeight,RTHeight,Inun,UDepth,LDepth,Description,CoreVol,CoreMass,MoisFF,Moisture,Sand,Silt,Clay,MSand,MSilt,MClay,Texture,pHw,pHc,EC,CEC,AvailP,ExCa,ExMg,ExNa,ExK,Al,As,B,Ca,Cd,Co,Cr,Cu,Fe,K,Mg,Mn,Mo,Na,Ni,P,Pb,S,Sb,Se,Zn,Fizz,ADMoisture,MoisFAD,TotC,TotOC,TotN,d13C,d15N,MTotC,MTotOC,MTotIC,MTotN,POC,HOC,ROC,DOC,DTN,FumDOC,FumDTN,NO3,NH4,FAA,WHC,Proteolysis,AAMin_k1,AAMin_k2,AAMin_a,AAMin_b
FCNSW_001_2019-03-26_T0_P1,FCNSW_001,FC NSW 1001,2019-03-26,0,1,144.425419,-35.733890,,80.570000,4.410000,0.300003,n,0,30,"Few mature RRG, many samplings, some copiced; distrurbed area; 95% litter cover, grey vertosol",2829,3830,1.109,0.109,17,25,58,31,28,42,Clay,6.31,5.30,0.1482,27.0,7.571,2420,1554,430,492,43400,0,10,2130,0,21,44,21,37500,4920,4120,773,0,577,27,196,21,121,0,0,59,n,0.031,1.03,,11.03,1.08,-31.86,3.64,,,,,,,,128.38,23.32,475.86,46.91,6.594,5.871,1.687,29.45,6.390,0.1327,0.001,28.851,72.512
FCNSW_002_2019-03-26_T0_P2,FCNSW_002,FC NSW 1002,2019-03-26,0,2,144.425642,-35.734851,,80.779999,4.620000,0.510002,n,0,30,"Sparse mature and juvenile RRG, coverage 10%; disturbed area; 50% litter cover",2829,3700,1.069,0.069,35,26,39,43,29,28,Silty clay loam,5.85,4.61,0.0760,17.0,12.434,1236,846,222,290,30400,0,0,1220,0,13,37,17,28700,4050,2660,795,0,262,20,289,18,132,0,0,51,n,0.02,1.02,,18.22,1.21,-29.14,5.05,,,,,,,,117.2,22.3,218.12,32.71,11.121,6.281,1.364,14.64,4.624,0.1116,0.0009,29.344,71.3591
FCNSW_003_2019-03-26_T0_P3,FCNSW_003,FC NSW 1003,2019-03-26,0,3,144.425268,-35.735180,,80.739998,4.579990,0.470001,n,0,30,"Mature RRG, some juveniles, juncus, 90% litter",2829,3340,1.085,0.085,25,31,43,36,35,29,Silty clay,6.06,4.86,0.0908,20.0,10.657,1430,952,264,378,34300,0,0,1580,0,21,39,20,34500,4870,3340,1420,0,352,24,295,19,121,0,0,56,n,0.023,1.02,,14.73,1.14,-23.55,3.95,,,,,,,,94.16,24.93,246.19,32.98,12.825,8.751,1.52,24.07,5.306,0.0963,0.0009,32.725,68.435
FCNSW_004_2019-03-26_T0_P4,FCNSW_004,FC NSW 1004,2019-03-26,0,4,144.425377,-35.735393,,80.269997,4.109990,0.000000,n,0,30,"Young RRG ~5m height, 5% juncus, 10% canopy, 90% litter",2829,3240,1.037,0.037,63,21,16,63,24,14,Loam,5.44,4.43,0.0644,9.0,13.949,736,409,114,164,14300,0,0,700,0,0,20,0,12400,2360,1390,180,0,105,0,188,10,124,0,0,27,n,0.011,1.01,,19.12,1.14,-30.91,3.39,,,,,,,,76.87,13.09,193.94,17.05,4.945,2.875,0.988,19.6,4.331,0.0991,0.0009,31.642,69.3009
FCNSW_005_2019-03-26_T1_P1,FCNSW_005,FC NSW 1011,2019-03-26,1,1,144.417459,-35.745008,,81.370003,5.210000,1.810005,n,0,30,"Mature grey box, 30% canopy; 5% bluebush; 2% moss; 60% litter",2829,3560,1.065,0.065,58,24,18,54,26,20,Loam,8.34,7.35,0.2252,19.0,40.692,2118,832,177,558,29000,0,18,14500,0,11,30,24,24700,6600,5860,1440,0,327,25,1030,13,171,0,0,68,y,0.02,1.02,,18.69,1.49,-25.25,5.56,,,,,,,,205.78,28.25,360.49,38.67,14.201,2.058,0.659,27.37,4.973,0.1137,0.0014,26.323,73.2772
FCNSW_006_2019-03-26_T1_P2,FCNSW_006,FC NSW 1012,2019-03-26,1,2,144.417561,-35.745289,,80.519997,4.359990,0.959999,n,0,30,"Mature RRG, 10% cover; 1% small saplings; 75% litter cover",2829,3790,1.102,0.102,29,22,49,36,29,35,Clay,5.99,4.93,0.1188,23.0,8.675,1730,1373,346,514,37900,0,0,1590,0,20,41,20,32500,4940,3580,1180,0,416,26,219,22,121,0,0,59,n,0.023,1.02,,18.86,1.11,-26.45,3.91,,,,,,,,84.18,20.12,232.64,27.62,12.21,4.961,0.933,14.03,3.904,0.1165,0.0008,31.704,69.5859
FCNSW_007_2019-03-26_T1_P3,FCNSW_007,FC NSW 1013,2019-03-26,1,3,144.417647,-35.745413,,80.190002,4.030000,0.630005,m,0,30,"Mature RRG, 10% cover; Juvenile RRG 1%; Juncus 1%; Chenopod 1%; Litter 60%",2829,3840,1.087,0.087,39,24,38,43,27,30,Clay loam,5.60,4.61,0.1086,20.0,11.007,1458,968,220,338,27800,0,0,1810,0,12,33,16,25400,3770,2300,552,0,277,17,247,18,183,0,0,47,n,0.019,1.02,,23.61,1.18,-27.48,2.8,,,,,,,,103.44,23.41,208.96,29,17.278,4.789,1.128,23.05,4.444,0.0978,0.0009,31.431,69.4849
FCNSW_008_2019-03-26_T1_P4,FCNSW_008,FC NSW 1014,2019-03-26,1,4,144.417776,-35.745531,,79.559998,3.399990,0.000000,y,0,30,"Mature RRG <10%; Juncus 5%, lots of dead wood; 50% litter",2829,3740,1.048,0.048,55,23,23,58,23,19,Loam,5.72,4.72,0.0747,9.9,13.347,880,511,136,204,15900,0,0,846,0,0,22,0,12700,2550,1440,211,0,144,10,168,12,113,0,0,30,n,0.012,1.01,,11.88,1.09,-27.63,3.3,,,,,,,,62.18,16.83,172.56,21.26,13.413,3.622,0.779,13.98,3.795,0.115,0.0009,29.53,71.1897
FCNSW_009_2019-03-27_T2_P1,FCNSW_009,FC NSW 1021,2019-03-27,2,1,144.382395,-35.780812,,81.239998,5.079990,1.220001,n,0,30,"Recently thinned RRG, some coppiced, some dead RRG ~20m, RRG cover ~15%; litter 40%",2829,3430,1.123,0.123,17,26,57,28,31,42,Silty clay,5.26,4.20,0.1498,25.0,10.531,1478,1332,334,344,44400,0,0,1340,0,14,50,18,40500,3980,2970,607,0,416,25,219,20,177,0,0,55,n,0.031,1.03,,11.22,1.12,-26.43,3.82,,,,,,,,114.26,15.43,221.39,19.96,5.025,3.894,0.991,14.26,4.271,0.0786,0.0007,32.314,68.7586
FCNSW_010_2019-03-27_T2_P2,FCNSW_010,FC NSW 1022,2019-03-27,2,2,144.383235,-35.780596,,80.730003,4.570000,0.710007,n,0,30,"Very disturbed site, RRG 5% coppiced / thinned, few chenopods",2829,4030,1.11,0.11,16,40,44,25,35,41,Silty clay,5.04,3.88,0.0581,20.0,11.482,800,866,184,232,26900,0,0,723,0,17,39,15,34300,2790,2000,1110,0,168,18,359,21,127,0,0,52,n,0.025,1.03,,12.84,1.27,-21.36,3.01,,,,,,,,77.18,13.69,185.13,17.59,6.436,2.926,0.777,19.7,4.556,0.0732,0.0006,33.834,67.32
FCNSW_011_2019-03-27_T2_P3,FCNSW_011,FC NSW 1023,2019-03-27,2,3,144.384195,-35.780728,,80.694283,4.534280,0.674286,m,0,30,Mainly young RRG 30%; many branches; sedges 5%; Themeda; Litter 90%,2829,3140,1.111,0.111,18,46,36,25,39,35,Silty clay loam,5.22,4.11,0.0564,15.0,10.862,818,803,162,258,28900,0,0,810,0,17,41,13,33800,3600,2290,1250,0,162,19,386,17,135,0,0,50,n,0.024,1.02,,21.85,1.20,-22.23,2.59,,,,,,,,92.4,11.18,251.83,17.48,3.833,1.187,1.194,22.02,5.799,0.0924,0.0008,32.453,68.5814
FCNSW_012_2019-03-27_T2_P4,FCNSW_012,FC NSW 1024,2019-03-27,2,4,144.384389,-35.780678,,80.019997,3.859990,0.000000,y,0,30,Mature RRG + saplings 30%; Juncus 10%; Litter 70%,2829,3430,1.076,0.076,22,47,31,31,39,31,Silty clay loam,5.40,4.13,0.0316,13.0,12.418,784,692,144,158,23400,0,0,758,0,0,36,12,26100,2780,1790,604,0,131,15,332,17,74,0,0,42,n,0.019,1.02,,8.43,0.92,-26.05,3.41,,,,,,,,50.14,5.51,112.82,9.15,1.236,0.575,0.597,13.71,5.533,0.0957,0.0008,30.669,70.3158
FCNSW_013_2019-03-25_T3_P1,FCNSW_013,FC NSW 1031,2019-03-25,3,1,144.423590,-35.862426,,82.900002,6.740000,0.000000,n,0,30,"Red gum, Black box, juncus",2829,3400,1.09,0.09,25,41,34,30,40,30,Silty clay loam,5.41,4.24,0.0607,15.0,8.258,718,795,176,260,26700,0,0,776,0,20,39,15,32700,3640,2280,1360,0,200,21,283,16,100,0,0,50,n,0.019,1.02,,17.19,0.99,-29.84,4.64,,,,,,,,100.06,12.99,196.13,16.48,1.359,3.038,1.762,19.1,4.307,0.0883,0.0007,30.801,70.033
FCNSW_014_2019-03-25_T3_P2,FCNSW_014,FC NSW 1032,2019-03-25,3,2,144.424764,-35.862395,,82.980003,6.820000,0.080002,n,0,30,"Red gum, grey box, juncus, ""cherry berry""",2829,3360,1.097,0.097,23,41,36,30,39,30,Silty clay loam,5.72,4.52,0.0680,16.0,9.638,920,929,236,342,30000,0,0,878,0,15,40,15,30900,4130,2510,1060,0,289,20,241,17,108,0,0,52,n,0.021,1.02,,13.13,1.10,-26.55,3.67,,,,,,,,101.53,13.42,174.86,16.5,4.104,3.979,1.321,23.01,4.134,0.0885,0.0008,34.016,67.1385
FCNSW_015_2019-03-25_T3_P3,FCNSW_015,FC NSW 1033,2019-03-25,3,3,144.425550,-35.862260,,83.300003,7.140000,0.400002,n,0,30,"Grey box, sparse juncus, last logged >10 years ago",2829,3200,1.092,0.092,20,51,29,25,43,32,Silty clay loam,5.27,4.18,0.0653,13.0,10.214,696,675,164,230,26200,0,0,715,0,18,40,13,31000,3830,2350,1160,0,195,19,290,16,119,0,0,51,n,0.019,1.02,,18.21,1.25,-30.51,4,,,,,,,,148.71,9.05,177.53,13.56,1.148,0.744,1.51,24.31,5.405,0.0793,0.0009,33.155,67.8751
FCNSW_016_2019-03-25_T3_P4,FCNSW_016,FC NSW 1034,2019-03-25,3,4,144.425970,-35.862151,,83.500000,7.340000,0.599998,n,0,30,"Very mature red gum, cherry bush",2829,2840,1.097,0.097,15,59,26,25,45,30,Silty clay loam,5.62,4.69,0.0651,14.0,14.047,1084,757,146,312,24500,0,0,1170,0,0,37,12,20800,3770,2500,471,0,158,18,266,16,126,0,0,47,n,0.018,1.02,,14.29,1.41,-27.39,3.75,,,,,,,,114.06,13.15,218.51,20.76,3.836,1.825,1.338,25.45,5.932,0.1073,0.001,30.521,70.2519
FCNSW_017_2019-03-27_T4_P1,FCNSW_017,FC NSW 1041,2019-03-27,4,1,144.344410,-35.748250,,80.510002,4.350000,1.200005,n,0,30,"Mature RRG + saplings, Juncus, litter 75%",2829,3480,1.109,0.109,21,33,46,31,28,41,Silty clay,5.21,4.52,0.2586,22.0,8.347,1608,1233,308,370,44600,0,0,1660,0,22,50,21,42400,4460,3010,1420,0,473,27,391,22,146,0,0,58,n,0.03,1.03,,14.79,1.35,-23.83,4.51,,,,,,,,141.9,23.68,194.96,25.07,8.817,7.296,1.033,25.36,6.747,0.0729,0.0008,35.466,65.6511
FCNSW_018_2019-03-27_T4_P2,FCNSW_018,FC NSW 1042,2019-03-27,4,2,144.344410,-35.749030,,79.570000,3.410000,0.260002,n,0,30,"Mix mature and juv RRG 30%, 1% juncus, pig disturbance",2829,3430,1.12,0.12,23,25,52,34,30,36,Clay,5.20,4.27,0.0752,21.0,13.308,1466,970,178,318,28100,0,0,1480,0,0,38,15,20800,2930,2110,539,0,156,16,280,19,251,0,0,50,n,0.024,1.02,,25.17,1.64,-24.87,3.31,,,,,,,,97.36,14.52,208.65,20.26,9.562,2.337,0.947,16.31,5.803,0.0864,0.001,30.263,70.7067
FCNSW_019_2019-03-27_T4_P3,FCNSW_019,FC NSW 1043,2019-03-27,4,3,144.344070,-35.749570,,79.440002,3.280000,0.130005,n,0,30,"Mature RRG, pig disturbance, litter 80%",2829,3310,1.103,0.103,26,27,47,38,29,33,Silty clay,5.24,4.29,0.0614,17.0,18.538,1294,797,140,258,27200,0,0,1260,0,0,36,13,17900,2960,1850,339,0,139,14,227,17,135,0,0,45,n,0.021,1.02,,16.52,1.38,-30.57,3.38,,,,,,,,83.06,12.17,191.04,18.75,7.153,2.408,0.947,17.57,5.427,0.0965,0.0008,29.462,71.4405
FCNSW_020_2019-03-27_T4_P4,FCNSW_020,FC NSW 1044,2019-03-27,4,4,144.344190,-35.750010,,79.309998,3.149990,0.000000,n,0,30,"60% mature RRG, disturbance by pigs, 40% litter",2829,3810,1.104,0.104,21,31,49,31,32,37,Silty clay,5.21,4.22,0.0597,17.0,17.035,1256,750,132,268,27300,0,0,1150,0,0,38,14,18000,3140,1850,380,0,137,16,240,18,134,0,0,46,n,0.021,1.02,,10.01,1.20,-28.12,3.05,,,,,,,,77.44,13.51,142.93,16.95,5.59,3.413,1.05,14.64,5.133,0.1053,0.0008,33.84,67.6345
FCNSW_021_2019-03-27_T5_P1,FCNSW_021,FC NSW 1051,2019-03-27,5,1,144.294490,-35.727340,,80.019997,3.859990,1.099998,n,0,30,"RRG 20%, litter 50%",2829,4290,1.042,0.042,31,47,22,38,41,21,Silty loam,5.84,4.74,0.0659,7.0,2.998,664,567,176,128,15900,0,0,766,0,0,25,0,18500,2400,1600,605,0,182,12,188,12,43,0,0,31,n,0.011,1.01,,6.94,0.73,-29.94,3.66,,,,,,,,37.97,8.74,99.53,11.85,7.553,0.525,0.497,8.54,5.547,0.1164,0.0009,29.364,71.4312
FCNSW_022_2019-03-27_T5_P2,FCNSW_022,FC NSW 1052,2019-03-27,5,2,144.295680,-35.728020,,79.650002,3.490000,0.730003,n,0,30,"Juv RRG, coppiced, 25%; Themeda; woody debris 10%; juncus 1%; litter 70%",2829,2970,1.082,0.082,18,50,33,27,41,32,Silty clay loam,5.40,4.42,0.0621,17.0,13.053,1248,887,156,284,25400,0,0,1190,0,0,35,13,25600,3240,2060,367,0,152,16,242,15,134,0,0,43,n,0.021,1.02,,19.42,1.57,-25.94,1.27,,,,,,,,108.55,14.03,238.32,18.89,8.23,2.322,0.962,28.92,6.165,0.0959,0.0008,30.632,70.3151
FCNSW_023_2019-03-27_T5_P3,FCNSW_023,FC NSW 1053,2019-03-27,5,3,144.296620,-35.728550,,79.430000,3.270000,0.510002,n,0,30,Some large and some coppiced RRG 30%; shea-oak - type shrub; 5% juncus and themeda; litter 50%,2829,3140,1.066,0.066,17,51,32,25,42,34,Silty clay loam,5.13,4.03,0.0524,12.0,8.249,624,722,138,206,22000,0,0,649,0,12,33,11,20600,2720,1790,357,0,135,14,195,16,83,0,0,38,n,0.018,1.02,,17.39,0.96,-27.11,2.73,,,,,,,,89.28,13.48,162.2,17.64,9.52,2.288,0.623,15.75,4.929,0.0368,0.0009,21,78.8771
FCNSW_024_2019-03-27_T5_P4,FCNSW_024,FC NSW 1054,2019-03-27,5,4,144.297320,-35.728760,,78.919998,2.759990,0.000000,n,0,30,Mature RRG some juv 10%; Juncus 1%; litter 70%,2829,3140,1.079,0.079,23,44,33,29,39,31,Silty clay loam,5.30,4.40,0.0802,11.0,19.337,896,696,126,240,17000,0,0,917,0,0,29,12,14900,2340,1590,358,0,129,12,220,15,136,0,0,35,n,0.017,1.02,,17.13,1.63,-26.81,2.57,,,,,,,,86.6,16.16,216.13,21.49,13.66,1.537,1.021,13.78,7.062,0.0866,0.0009,31.377,69.4316
FCNSW_025_2019-03-28_T6_P1,FCNSW_025,FC NSW 1061,2019-03-28,6,1,144.274284,-35.696733,,79.400002,3.240000,1.459999,n,0,30,"Recently thinned RRG 10%, themeda 5%, chenopod 5%; juncus 2%; litter 80%",2829,3630,1.146,0.146,17,22,60,28,27,45,Clay,5.69,4.64,0.1273,29.0,5.291,2352,1739,452,488,42400,0,0,2090,0,18,49,22,43200,3140,2910,1130,0,533,28,291,22,145,0,0,53,n,0.033,1.03,,24.87,1.44,-21.73,5.45,,,,,,,,216.07,14.54,301.38,18.13,3.73,3.31,0.852,30.33,5.467,0.0844,0.0008,33.395,67.9953
FCNSW_026_2019-03-28_T6_P2,FCNSW_026,FC NSW 1062,2019-03-28,6,2,144.274252,-35.696600,,78.470001,2.310000,0.529999,m,0,30,"RRG 15%; themeda 1%, thistle; litter 50%",2829,3470,1.128,0.128,25,25,50,31,31,38,Silty clay,5.57,4.60,0.0800,19.0,14.144,1578,1137,194,408,28700,0,0,1640,0,0,37,16,24200,2890,2170,424,0,228,17,275,19,129,0,0,47,n,0.025,1.03,,19.64,1.71,-26.85,2.79,,,,,,,,140.48,24.54,318.01,34,16.368,6.422,1.225,27.49,5.574,0.115,0.0009,33.302,68.1123
FCNSW_027_2019-03-28_T6_P3,FCNSW_027,FC NSW 1063,2019-03-28,6,3,144.274289,-35.696551,,78.050003,1.890000,0.110001,y,0,30,"Disturbed by logging, RRG ~5m; litter 80%",2829,3820,1.099,0.099,28,25,47,34,28,38,Silty clay,5.79,4.73,0.0683,19.0,25.219,1634,978,184,324,22700,0,0,1500,0,0,31,15,16800,2500,1780,437,0,184,14,244,17,122,0,0,42,n,0.019,1.02,,18.51,1.33,-28.71,3.26,,,,,,,,71.96,10.1,186.97,15.22,7.666,1.716,0.504,16.77,6.133,0.1522,0.0009,33.116,68.5572
FCNSW_028_2019-03-28_T6_P4,FCNSW_028,FC NSW 1064,2019-03-28,6,4,144.274307,-35.696518,,77.940002,1.780000,0.000000,y,0,30,"Mature and juv RRG 15%; 70% litter, surface self-mulching",2829,3710,1.118,0.118,21,21,58,31,27,42,Clay,5.74,4.75,0.0753,19.0,54.428,2040,1159,190,468,29300,0,0,1740,0,0,38,18,21200,3260,2100,519,0,191,17,401,21,139,0,0,56,n,0.024,1.02,,18.34,1.39,-28,2.82,,,,,,,,59.68,12.3,164.32,17.03,10.941,2.307,0.472,17.56,6.116,0.1128,0.0008,33.771,67.6615
FCNSW_029_2019-03-28_T7_P1,FCNSW_029,FC NSW 1071,2019-03-28,7,1,144.239511,-35.678113,,78.860001,2.700000,1.180000,n,0,30,"Mature and Juv RRG, forbs, shrub 30%, juncus 1%, thatch of litter, 100%",2829,3440,1.054,0.054,26,50,25,36,43,21,Silty loam,6.09,5.15,0.1016,14.0,8.425,1370,714,184,270,15400,0,0,1660,0,0,26,11,25500,2480,1640,755,0,194,14,265,14,109,0,0,32,n,0.016,1.02,,2.97,0.24,-13.33,2.88,,,,,,,,152.37,19.06,239.13,24.69,9.772,1.802,0.742,20.8,5.316,0.1541,0.0011,29.501,71.4725
FCNSW_030_2019-03-28_T7_P2,FCNSW_030,FC NSW 1072,2019-03-28,7,2,144.238774,-35.677261,,78.330002,2.170000,0.650002,n,0,30,"Recently thinned RRG 15%, juncus 15%, harvest disturbance",2829,3100,1.088,0.088,27,39,35,33,34,32,Silty clay loam,5.61,4.44,0.0479,13.0,11.414,968,807,134,312,18900,0,0,882,0,0,28,11,19200,2360,1590,514,0,108,12,236,15,104,0,0,35,n,0.019,1.02,,13.92,1.32,-27.81,2.08,,,,,,,,126.44,14.16,255.77,20.73,3.805,2.666,1.384,18.48,7.677,0.1038,0.0009,33.025,68.5893
FCNSW_031_2019-03-28_T7_P3,FCNSW_031,FC NSW 1073,2019-03-28,7,3,144.238588,-35.676544,,78.209999,2.050000,0.529999,n,0,30,"Recently thinned RRG 20%, juncus 1%, themeda 3%, harvest disturbance; thatch of litter 100%",2829,3100,1.074,0.074,37,31,32,41,32,27,Silty clay loam,5.66,4.58,0.0497,15.0,9.985,1326,665,120,274,36500,0,12,1160,0,0,41,0,17300,5860,2110,386,0,163,14,221,13,148,0,0,37,n,0.016,1.02,,14.26,1.07,-26.34,1.9,,,,,,,,109.24,16.06,235.76,20.81,6.646,3.867,1.528,14.43,7.168,0.1166,0.0009,31.291,69.9535
FCNSW_032_2019-03-28_T7_P4,FCNSW_032,FC NSW 1074,2019-03-28,7,4,144.237507,-35.675924,,77.680000,1.520000,0.000000,n,0,30,Recently thinned RRG 5% coverage from coppiced remaining stand; litter 80%,2829,3150,1.07,0.07,35,40,25,40,34,26,Silty loam,5.51,4.62,0.0816,21.0,16.311,1172,673,118,268,32700,0,0,1220,0,0,39,11,16400,4980,2020,395,0,168,14,209,14,154,0,0,36,n,0.016,1.02,,15.46,1.34,-31.5,2.75,,,,,,,,75.32,19.16,177.04,24.29,14.109,4.242,0.848,15.88,5.211,0.1023,0.0009,33.425,67.9422
FCNSW_033_2019-03-28_T8_P1,FCNSW_033,FC NSW 1081,2019-03-28,8,1,144.232062,-35.593180,,77.180000,1.020000,1.019997,n,0,30,"Recently thinned RRG 15%, 95% litter, appears to be perched vertosol (black)",2829,3400,1.1,0.1,23,27,50,30,31,38,Silty clay,6.66,5.81,0.2273,21.0,13.965,2422,1446,526,538,62100,0,19,3030,0,16,56,22,37200,9590,4460,1210,0,864,28,371,16,164,0,0,62,n,0.027,1.03,,23.72,1.37,-28.77,4.75,,,,,,,,133.08,29.63,292.03,40.6,17.523,5.377,0.848,21.74,7.541,0.1436,0.0009,30.887,70.2397
FCNSW_034_2019-03-28_T8_P2,FCNSW_034,FC NSW 1082,2019-03-28,8,2,144.231292,-35.593209,,76.559998,0.399990,0.399994,n,0,30,Old RRG with some coppiced 15%; Juncus 10%; litter 90%,2829,3230,1.11,0.11,28,33,39,32,34,34,Silty clay loam,5.98,4.87,0.0759,20.0,9.243,1522,976,214,402,45100,0,13,1290,0,0,45,14,24500,7570,2990,414,0,317,18,213,15,139,0,0,45,n,0.021,1.02,,16.76,1.40,-33.06,1.85,,,,,,,,156.85,25.79,370.62,39.21,14.367,5.504,1.451,27.17,7.418,0.1086,0.0009,32.606,68.7519
FCNSW_035_2019-03-28_T8_P3,FCNSW_035,FC NSW 1083,2019-03-28,8,3,144.230001,-35.592745,,76.260002,0.100000,0.099998,n,0,30,Mature RRG recently thinned; litter 100%,2829,3210,1.083,0.083,32,34,34,38,33,29,Silty clay loam,5.33,4.41,0.0818,15.0,17.828,1192,574,122,336,39200,0,12,1170,0,0,41,13,20300,6640,2470,426,0,200,16,268,14,137,0,0,42,n,0.017,1.02,,21.35,1.29,-29.71,2.11,,,,,,,,110.94,20.55,300.78,29.86,8.19,6.119,1.397,16.78,6.455,0.1143,0.0009,32.627,68.765
FCNSW_036_2019-03-28_T8_P4,FCNSW_036,FC NSW 1084,2019-03-28,8,4,144.229216,-35.592304,,76.160004,0.000000,0.000000,n,0,30,"V large RRG stumps, mature and juv RRG 40%; litter 90%; self-mulching",2829,3250,1.089,0.089,33,35,32,44,32,25,Silty clay loam,5.50,4.40,0.0497,16.0,18.891,1302,673,134,304,37100,0,10,1230,0,0,39,13,18300,5990,2340,368,0,189,16,251,14,140,0,0,39,n,0.016,1.02,,23.55,1.29,-27.06,2.85,,,,,,,,81.25,15.38,261.8,24.39,8.874,2.857,0.995,19.14,5.397,0.1024,0.0008,30.156,70.8188
FCNSW_037_2019-03-26_T9_P1,FCNSW_037,FC NSW 1091,2019-03-26,9,1,144.423864,-35.825089,,82.180000,6.020000,1.050003,n,0,30,"River red gum 50% coverage, thick litter, Juncus",2829,2950,1.112,0.112,24,39,37,26,39,35,Silty clay loam,5.40,4.37,0.0593,11.0,8.669,790,584,122,234,41300,0,13,930,0,0,48,13,26000,6710,2860,460,0,193,20,211,16,117,0,0,49,n,0.022,1.02,,19.68,1.31,-27.92,3.92,,,,,,,,158.6,16.83,290.66,21.33,1.875,3.097,3.061,16.59,7.934,0.1094,0.0008,31.744,69.6401
FCNSW_038_2019-03-26_T9_P2,FCNSW_038,FC NSW 1092,2019-03-26,9,2,144.422807,-35.825348,,82.230003,6.070000,1.100006,n,0,30,"River red gum, 60% litter coverage, sparse Juncus",2829,3180,1.09,0.09,28,41,31,33,36,32,Silty clay loam,5.50,4.44,0.0487,13.0,6.343,1018,622,126,240,40100,0,12,1120,0,0,47,12,24600,7130,2880,425,0,192,18,193,15,118,0,0,46,n,0.019,1.02,,14.06,1.33,-27.41,3.74,,,,,,,,105.25,12.23,242.51,16.85,1.413,2.618,1.514,25.59,6.735,0.1112,0.0009,31.994,69.2421
FCNSW_039_2019-03-26_T9_P3,FCNSW_039,FC NSW 1093,2019-03-26,9,3,144.422034,-35.825474,,81.919998,5.759990,0.790001,n,0,30,"River red gum, 30% juncus, 100% litter cover",2829,3180,1.102,0.102,36,35,29,39,32,29,Silty clay loam,5.26,4.08,0.0587,12.0,7.114,664,689,170,212,40600,0,12,797,0,15,48,13,31100,6640,2810,1190,0,248,20,259,17,142,0,0,48,n,0.02,1.02,,22.26,1.26,-23.73,4.64,,,,,,,,210.47,14.8,333.55,18.96,0.997,1.682,4.069,17.66,6.347,0.1035,0.0009,31.425,69.8405
FCNSW_040_2019-03-26_T9_P4,FCNSW_040,FC NSW 1094,2019-03-26,9,4,144.421747,-35.825765,,81.129997,4.969990,0.000000,y,0,30,"Juvenile river red gum, 20% juncus, 100% leaf litter",2829,3530,1.032,0.032,69,19,13,70,20,11,Loam,5.37,4.17,0.0473,6.2,8.756,346,313,112,92,16400,0,0,434,0,0,22,0,11800,3000,1170,263,0,126,0,138,0,74,0,0,20,n,0.009,1.01,,9.22,0.74,-26.46,3.48,,,,,,,,52.47,6.24,131.69,10.52,0.529,0.857,0.938,9.88,3.372,0.1341,0.0009,29.534,71.6879
FCNSW_041_2019-07-31_T0_P1,FCNSW_041,FC NSW 1001,2019-07-31,0,1,144.425419,-35.733890,,80.570000,4.410000,0.300003,n,0,30,"Few mature RRG, many samplings, some copiced; distrurbed area; 95% litter cover, grey vertosol",2829,3830,1.168,0.168,17,25,58,31,28,42,Clay,6.54,5.16,0.1662,27.0,9.328,2420,1554,430,492,43400,0,10,2130,0,21,44,21,37500,4920,4120,773,0,577,27,196,21,121,0,0,59,n,0.03,1.03,,19.92,1.72,-25.49,2.98,,,,,,,,105.29,18.1,272.94,24.56,8.682,4.82,1.067,29.45,5.907,0.1163,0.0009,31.386,70.0044
FCNSW_042_2019-07-31_T0_P2,FCNSW_042,FC NSW 1002,2019-07-31,0,2,144.425642,-35.734851,,80.779999,4.620000,0.510002,n,0,30,"Sparse mature and juvenile RRG, coverage 10%; disturbed area; 50% litter cover",2829,3700,1.148,0.148,35,26,39,43,29,28,Silty clay loam,6.31,4.67,0.0788,17.0,9.452,1236,846,222,290,30400,0,0,1220,0,13,37,17,28700,4050,2660,795,0,262,20,289,18,132,0,0,51,n,0.022,1.022,,10.94,1.16,-26.46,5.06,,,,,,,,81.45,18.04,192.53,25.89,14.504,2.984,1.138,14.64,4.79,0.0823,0.0007,30.772,70.438
FCNSW_043_2019-07-31_T0_P3,FCNSW_043,FC NSW 1003,2019-07-31,0,3,144.425268,-35.735180,,80.739998,4.579990,0.470001,n,0,30,"Mature RRG, some juveniles, juncus, 90% litter",2829,3340,1.132,0.132,25,31,43,36,35,29,Silty clay,6.36,4.77,0.0991,20.0,14.721,1430,952,264,378,34300,0,0,1580,0,21,39,20,34500,4870,3340,1420,0,352,24,295,19,121,0,0,56,n,0.022,1.022,,17.47,1.56,-24.68,4.15,,,,,,,,80.3,14.73,242.61,27.49,8.87,4.859,1.125,24.07,4.937,0.0965,0.0009,32.347,68.9067
FCNSW_044_2019-07-31_T0_P4,FCNSW_044,FC NSW 1004,2019-07-31,0,4,144.425377,-35.735393,,80.269997,4.109990,0.000000,n,0,30,"Young RRG ~5m height, 5% juncus, 10% canopy, 90% litter",2829,3240,1.098,0.098,63,21,16,63,24,14,Loam,6.05,4.55,0.0642,9.0,11.943,736,409,114,164,14300,0,0,700,0,0,20,0,12400,2360,1390,180,0,105,0,188,10,124,0,0,27,n,0.013,1.013,,21.96,1.26,-24.81,2.73,,,,,,,,83.04,13.39,261.23,23.26,5.694,3.42,1.389,19.6,5.145,0.1053,0.0009,31.658,69.5806
FCNSW_045_2019-07-31_T1_P1,FCNSW_045,FC NSW 1011,2019-07-31,1,1,144.417459,-35.745008,,81.370003,5.210000,1.810005,n,0,30,"Mature grey box, 30% canopy; 5% bluebush; 2% moss; 60% litter",2829,3560,1.132,0.132,58,24,18,54,26,20,Loam,8.59,7.66,0.2438,19.0,32.206,2118,832,177,558,29000,0,18,14500,0,11,30,24,24700,6600,5860,1440,0,327,25,1030,13,171,0,0,68,y,0.023,1.023,,16.78,1.32,-25.03,5.73,,,,,,,,148.28,20.25,309.23,32.67,12.884,5.072,1.177,27.37,5.962,0.1083,0.0014,26.72,73.3309
FCNSW_046_2019-07-31_T1_P2,FCNSW_046,FC NSW 1012,2019-07-31,1,2,144.417561,-35.745289,,80.519997,4.359990,0.959999,n,0,30,"Mature RRG, 10% cover; 1% small saplings; 75% litter cover",2829,3790,1.171,0.171,29,22,49,36,29,35,Clay,6.36,4.97,0.1234,23.0,8.885,1730,1373,346,514,37900,0,0,1590,0,20,41,20,32500,4940,3580,1180,0,416,26,219,22,121,0,0,59,n,0.024,1.024,,10.02,0.98,-24.78,4.37,,,,,,,,84.74,18.2,210.59,23.94,16.987,2.935,1.013,14.03,4.394,0.1035,0.0007,32.792,68.4524
FCNSW_047_2019-07-31_T1_P3,FCNSW_047,FC NSW 1013,2019-07-31,1,3,144.417647,-35.745413,,80.190002,4.030000,0.630005,m,0,30,"Mature RRG, 10% cover; Juvenile RRG 1%; Juncus 1%; Chenopod 1%; Litter 60%",2829,3840,1.155,0.155,39,24,38,43,27,30,Clay loam,6.03,4.77,0.1162,20.0,12.664,1458,968,220,338,27800,0,0,1810,0,12,33,16,25400,3770,2300,552,0,277,17,247,18,183,0,0,47,n,0.022,1.022,,15.3,1.23,-21.78,3.66,,,,,,,,76.46,24.85,197.74,31.5,21.321,5.423,0.847,23.05,3.471,0.0883,0.0007,33.032,68.204
FCNSW_048_2019-07-31_T1_P4,FCNSW_048,FC NSW 1014,2019-07-31,1,4,144.417776,-35.745531,,79.559998,3.399990,0.000000,y,0,30,"Mature RRG <10%; Juncus 5%, lots of dead wood; 50% litter",2829,3740,1.118,0.118,55,23,23,58,23,19,Loam,6.15,4.8,0.0826,9.9,13.385,880,511,136,204,15900,0,0,846,0,0,22,0,12700,2550,1440,211,0,144,10,168,12,113,0,0,30,n,0.015,1.015,,10.2,0.99,-23.78,4.19,,,,,,,,58.55,15.17,132.61,20.28,15.454,0.776,0.672,13.98,3.769,0.1,0.0007,34.939,66.3281
FCNSW_049_2019-07-31_T2_P1,FCNSW_049,FC NSW 1021,2019-07-31,2,1,144.382395,-35.780812,,81.239998,5.079990,1.220001,n,0,30,"Recently thinned RRG, some coppiced, some dead RRG ~20m, RRG cover ~15%; litter 40%",2829,3430,1.186,0.186,17,26,57,28,31,42,Silty clay,5.68,4.36,0.1851,25.0,5.083,1478,1332,334,344,44400,0,0,1340,0,14,50,18,40500,3980,2970,607,0,416,25,219,20,177,0,0,55,n,0.029,1.029,,15.38,1.09,-25.44,5.07,,,,,,,,101.47,12.25,203.34,16.47,4.294,8.205,2.641,14.26,5.438,0.0767,0.0006,36.713,64.9602
FCNSW_050_2019-07-31_T2_P2,FCNSW_050,FC NSW 1022,2019-07-31,2,2,144.383235,-35.780596,,80.730003,4.570000,0.710007,n,0,30,"Very disturbed site, RRG 5% coppiced / thinned, few chenopods",2829,4030,1.217,0.217,16,40,44,25,35,41,Silty clay,5.5,4.01,0.0649,20.0,9.672,800,866,184,232,26900,0,0,723,0,17,39,15,34300,2790,2000,1110,0,168,18,359,21,127,0,0,52,n,0.024,1.024,,10.11,0.52,-24.48,1.37,,,,,,,,74.69,12.78,185.59,19.49,9.016,2.431,0.723,19.7,3.692,0.0738,0.0006,35.855,65.4918
FCNSW_051_2019-07-31_T2_P3,FCNSW_051,FC NSW 1023,2019-07-31,2,3,144.384195,-35.780728,,80.694283,4.534280,0.674286,m,0,30,Mainly young RRG 30%; many branches; sedges 5%; Themeda; Litter 90%,2829,3140,1.193,0.193,18,46,36,25,39,35,Silty clay loam,5.64,4.23,0.0674,15.0,13.081,818,803,162,258,28900,0,0,810,0,17,41,13,33800,3600,2290,1250,0,162,19,386,17,135,0,0,50,n,0.023,1.023,,15.47,1.34,-24.89,2.81,,,,,,,,100.76,8.75,237.22,15.73,3.67,0.665,1.527,22.02,4.771,0.0945,0.0007,33.717,67.648
FCNSW_052_2019-07-31_T2_P4,FCNSW_052,FC NSW 1024,2019-07-31,2,4,144.384389,-35.780678,,80.019997,3.859990,0.000000,y,0,30,Mature RRG + saplings 30%; Juncus 10%; Litter 70%,2829,3430,1.143,0.143,22,47,31,31,39,31,Silty clay loam,5.82,4.2,0.0431,13.0,14.884,784,692,144,158,23400,0,0,758,0,0,36,12,26100,2780,1790,604,0,131,15,332,17,74,0,0,42,n,0.018,1.018,,10.47,0.99,-29.26,4.71,,,,,,,,66.49,5.17,166.36,9.68,2.461,0.147,1.691,13.71,3.67,0.0909,0.0008,33.749,67.6318
FCNSW_053_2019-07-29_T3_P1,FCNSW_053,FC NSW 1031,2019-07-29,3,1,144.423590,-35.862426,,82.900002,6.740000,0.000000,n,0,30,"Red gum, Black box, juncus",2829,3400,1.174,0.174,25,41,34,30,40,30,Silty clay loam,5.94,4.35,0.0697,15.0,9.239,718,795,176,260,26700,0,0,776,0,20,39,15,32700,3640,2280,1360,0,200,21,283,16,100,0,0,50,n,0.02,1.02,,19.94,0.94,-26.54,3.53,,,,,,,,149.34,8.95,261.72,15.98,0.861,1.59,2.728,19.1,4.452,0.0952,0.0003,33.102,68.1592
FCNSW_054_2019-07-29_T3_P2,FCNSW_054,FC NSW 1032,2019-07-29,3,2,144.424764,-35.862395,,82.980003,6.820000,0.080002,n,0,30,"Red gum, grey box, juncus, ""cherry berry""",2829,3360,1.202,0.202,23,41,36,30,39,30,Silty clay loam,6.04,4.43,0.0791,16.0,12.03,920,929,236,342,30000,0,0,878,0,15,40,15,30900,4130,2510,1060,0,289,20,241,17,108,0,0,52,n,0.02,1.02,,25.57,1.23,-26.78,3.21,,,,,,,,105.75,6.48,216.17,12.5,0.711,0.48,1.902,23.01,4.744,0.0882,0.0008,32.865,68.3917
FCNSW_055_2019-07-29_T3_P3,FCNSW_055,FC NSW 1033,2019-07-29,3,3,144.425550,-35.862260,,83.300003,7.140000,0.400002,n,0,30,"Grey box, sparse juncus, last logged >10 years ago",2829,3200,1.204,0.204,20,51,29,25,43,32,Silty clay loam,5.68,4.32,0.0869,13.0,14.487,696,675,164,230,26200,0,0,715,0,18,40,13,31000,3830,2350,1160,0,195,19,290,16,119,0,0,51,n,0.02,1.02,,18.59,1.7,-28.28,3.62,,,,,,,,143.04,12.31,269.86,19.29,0.655,0.808,4.82,24.31,6.652,0.0929,0.0008,33.941,67.3326
FCNSW_056_2019-07-29_T3_P4,FCNSW_056,FC NSW 1034,2019-07-29,3,4,144.425970,-35.862151,,83.500000,7.340000,0.599998,n,0,30,"Very mature red gum, cherry bush",2829,2840,1.175,0.175,15,59,26,25,45,30,Silty clay loam,6.29,4.93,0.0782,14.0,14.077,1084,757,146,312,24500,0,0,1170,0,0,37,12,20800,3770,2500,471,0,158,18,266,16,126,0,0,47,n,0.02,1.02,,18.51,1.72,-20.18,3.74,,,,,,,,95.75,7.82,228.21,19.77,0.64,0.868,1.97,25.45,5.672,0.1401,0.001,29.361,71.7144
FCNSW_057_2019-07-31_T4_P1,FCNSW_057,FC NSW 1041,2019-07-31,4,1,144.344410,-35.748250,,80.510002,4.350000,1.200005,n,0,30,"Mature RRG + saplings, Juncus, litter 75%",2829,3480,1.173,0.173,21,33,46,31,28,41,Silty clay,5.76,4.65,0.2491,22.0,9.518,1608,1233,308,370,44600,0,0,1660,0,22,50,21,42400,4460,3010,1420,0,473,27,391,22,146,0,0,58,n,0.029,1.029,,16.15,1.58,-22.35,4.76,,,,,,,,157.98,20.76,228.69,24.14,4.805,10.294,1.733,25.36,7.447,0.0841,0.0009,35.72,65.6345
FCNSW_058_2019-07-31_T4_P2,FCNSW_058,FC NSW 1042,2019-07-31,4,2,144.344410,-35.749030,,79.570000,3.410000,0.260002,n,0,30,"Mix mature and juv RRG 30%, 1% juncus, pig disturbance",2829,3430,1.188,0.188,23,25,52,34,30,36,Clay,5.63,4.4,0.0797,21.0,16.907,1466,970,178,318,28100,0,0,1480,0,0,38,15,20800,2930,2110,539,0,156,16,280,19,251,0,0,50,n,0.026,1.026,,18.07,1.26,-27.23,2.57,,,,,,,,79.93,13.06,223.91,17.66,11.446,0.797,1.14,16.31,4.387,0.0741,0.0007,36.897,64.6641
FCNSW_059_2019-07-31_T4_P3,FCNSW_059,FC NSW 1043,2019-07-31,4,3,144.344070,-35.749570,,79.440002,3.280000,0.130005,n,0,30,"Mature RRG, pig disturbance, litter 80%",2829,3310,1.171,0.171,26,27,47,38,29,33,Silty clay,5.67,4.44,0.0698,17.0,18.561,1294,797,140,258,27200,0,0,1260,0,0,36,13,17900,2960,1850,339,0,139,14,227,17,135,0,0,45,n,0.022,1.022,,18.14,1.26,-26.63,3.14,,,,,,,,68.17,10.18,245.49,20.62,9.449,0.494,1.029,17.57,4.282,0.1415,0.0012,25.466,75.8255
FCNSW_060_2019-07-31_T4_P4,FCNSW_060,FC NSW 1044,2019-07-31,4,4,144.344190,-35.750010,,79.309998,3.149990,0.000000,n,0,30,"60% mature RRG, disturbance by pigs, 40% litter",2829,3810,1.227,0.227,21,31,49,31,32,37,Silty clay,5.62,4.41,0.075,17.0,35.413,1256,750,132,268,27300,0,0,1150,0,0,38,14,18000,3140,1850,380,0,137,16,240,18,134,0,0,46,n,0.023,1.023,,11.88,1.45,-26.48,3.36,,,,,,,,80.2,12.61,173.25,17.17,10.335,1.018,0.84,14.64,5.076,0.089,0.0007,34.645,66.9322
FCNSW_061_2019-07-30_T5_P1,FCNSW_061,FC NSW 1051,2019-07-30,5,1,144.294490,-35.727340,,80.019997,3.859990,1.099998,n,0,30,"RRG 20%, litter 50%",2829,4290,1.143,0.143,31,47,22,38,41,21,Silty loam,6.36,4.75,0.0627,7.0,5.006,664,567,176,128,15900,0,0,766,0,0,25,0,18500,2400,1600,605,0,182,12,188,12,43,0,0,31,n,0.013,1.013,,6.53,0.66,-24.02,4.52,,,,,,,,61.03,3.92,92.23,6.51,0.487,0.276,0.798,8.54,3.525,0.103,0.0009,32.72,68.6894
FCNSW_062_2019-07-30_T5_P2,FCNSW_062,FC NSW 1052,2019-07-30,5,2,144.295680,-35.728020,,79.650002,3.490000,0.730003,n,0,30,"Juv RRG, coppiced, 25%; Themeda; woody debris 10%; juncus 1%; litter 70%",2829,2970,1.162,0.162,18,50,33,27,41,32,Silty clay loam,5.88,4.57,0.0704,17.0,12.874,1248,887,156,284,25400,0,0,1190,0,0,35,13,25600,3240,2060,367,0,152,16,242,15,134,0,0,43,n,0.023,1.023,,21.14,1.65,-24.91,1.16,,,,,,,,95.17,15.71,237.55,25.64,10.2,2.939,1.521,28.92,4.168,0.1162,0.0008,30.911,69.978
FCNSW_063_2019-07-30_T5_P3,FCNSW_063,FC NSW 1053,2019-07-30,5,3,144.296620,-35.728550,,79.430000,3.270000,0.510002,n,0,30,Some large and some coppiced RRG 30%; shea-oak - type shrub; 5% juncus and themeda; litter 50%,2829,3140,1.166,0.166,17,51,32,25,42,34,Silty clay loam,5.56,4.18,0.0617,12.0,23.384,624,722,138,206,22000,0,0,649,0,12,33,11,20600,2720,1790,357,0,135,14,195,16,83,0,0,38,n,0.019,1.019,,11.65,1.1,-27.24,2.86,,,,,,,,85.17,14.64,159.17,18.8,12.636,2.302,1.007,15.75,3.37,0.0783,0.0006,35.749,65.9037
FCNSW_064_2019-07-30_T5_P4,FCNSW_064,FC NSW 1054,2019-07-30,5,4,144.297320,-35.728760,,78.919998,2.759990,0.000000,n,0,30,Mature RRG some juv 10%; Juncus 1%; litter 70%,2829,3140,1.158,0.158,23,44,33,29,39,31,Silty clay loam,5.98,4.58,0.0596,11.0,46.957,896,696,126,240,17000,0,0,917,0,0,29,12,14900,2340,1590,358,0,129,12,220,15,136,0,0,35,n,0.018,1.018,,10.32,1.08,-24.36,2.83,,,,,,,,19.27,9.74,130.76,12.97,8.386,0.41,0.916,13.78,4.117,0.0899,0.0008,33.951,67.5985
FCNSW_065_2019-07-30_T6_P1,FCNSW_065,FC NSW 1061,2019-07-30,6,1,144.274284,-35.696733,,79.400002,3.240000,1.459999,n,0,30,"Recently thinned RRG 10%, themeda 5%, chenopod 5%; juncus 2%; litter 80%",2829,3630,1.293,0.293,17,22,60,28,27,45,Clay,6.39,4.96,0.1091,29.0,8.572,2352,1739,452,488,42400,0,0,2090,0,18,49,22,43200,3140,2910,1130,0,533,28,291,22,145,0,0,53,n,0.034,1.034,,20.56,1.73,-25.02,4.41,,,,,,,,118.34,6.43,269.34,20.73,0.734,0.956,1.069,30.33,7.336,0.1248,0.0009,32.764,68.4158
FCNSW_066_2019-07-30_T6_P2,FCNSW_066,FC NSW 1062,2019-07-30,6,2,144.274252,-35.696600,,78.470001,2.310000,0.529999,m,0,30,"RRG 15%; themeda 1%, thistle; litter 50%",2829,3470,1.251,0.251,25,25,50,31,31,38,Silty clay,5.94,4.65,0.0834,19.0,28.107,1578,1137,194,408,28700,0,0,1640,0,0,37,16,24200,2890,2170,424,0,228,17,275,19,129,0,0,47,n,0.031,1.031,,29.89,1.88,-21.82,3.53,,,,,,,,92.42,16.37,199.65,22.7,14.837,1.953,1.407,27.49,7.17,0.1277,0.0009,32.545,68.5273
FCNSW_067_2019-07-30_T6_P3,FCNSW_067,FC NSW 1063,2019-07-30,6,3,144.274289,-35.696551,,78.050003,1.890000,0.110001,y,0,30,"Disturbed by logging, RRG ~5m; litter 80%",2829,3820,1.223,0.223,28,25,47,34,28,38,Silty clay,6.33,4.81,0.0616,19.0,25.574,1634,978,184,324,22700,0,0,1500,0,0,31,15,16800,2500,1780,437,0,184,14,244,17,122,0,0,42,n,0.024,1.024,,12.45,1.34,-28.9,3.11,,,,,,,,58.93,7.19,158.91,13.1,6.656,0.627,0.65,16.77,4.343,0.1616,0.0008,34.067,67.5894
FCNSW_068_2019-07-30_T6_P4,FCNSW_068,FC NSW 1064,2019-07-30,6,4,144.274307,-35.696518,,77.940002,1.780000,0.000000,y,0,30,"Mature and juv RRG 15%; 70% litter, surface self-mulching",2829,3710,1.248,0.248,21,21,58,31,27,42,Clay,5.89,4.66,0.0862,19.0,41.004,2040,1159,190,468,29300,0,0,1740,0,0,38,18,21200,3260,2100,519,0,191,17,401,21,139,0,0,56,n,0.028,1.028,,13.23,0.67,-30.66,3.48,,,,,,,,59.06,11.68,153.07,20.1,14.298,0.329,0.81,17.56,4.13,0.1152,0.0007,31.427,69.5803
FCNSW_069_2019-07-30_T7_P1,FCNSW_069,FC NSW 1071,2019-07-30,7,1,144.239511,-35.678113,,78.860001,2.700000,1.180000,n,0,30,"Mature and Juv RRG, forbs, shrub 30%, juncus 1%, thatch of litter, 100%",2829,3440,1.211,0.211,26,50,25,36,43,21,Silty loam,6.59,5.32,0.0783,14.0,8.42,1370,714,184,270,15400,0,0,1660,0,0,26,11,25500,2480,1640,755,0,194,14,265,14,109,0,0,32,n,0.015,1.015,,6.85,0.43,-17.31,-7.1,,,,,,,,99.6,5.78,167.57,16.18,0.344,0.183,0.982,20.8,4.134,0.2075,0.0012,27.866,72.4243
FCNSW_070_2019-07-30_T7_P2,FCNSW_070,FC NSW 1072,2019-07-30,7,2,144.238774,-35.677261,,78.330002,2.170000,0.650002,n,0,30,"Recently thinned RRG 15%, juncus 15%, harvest disturbance",2829,3100,1.155,0.155,27,39,35,33,34,32,Silty clay loam,5.72,4.35,0.0576,13.0,13.463,968,807,134,312,18900,0,0,882,0,0,28,11,19200,2360,1590,514,0,108,12,236,15,104,0,0,35,n,0.021,1.021,,13.65,1.37,-26.95,2.76,,,,,,,,101.41,13.08,207.86,20.87,5.056,2.254,1.775,18.48,6.519,0.1186,0.0009,32.103,68.965
FCNSW_071_2019-07-30_T7_P3,FCNSW_071,FC NSW 1073,2019-07-30,7,3,144.238588,-35.676544,,78.209999,2.050000,0.529999,n,0,30,"Recently thinned RRG 20%, juncus 1%, themeda 3%, harvest disturbance; thatch of litter 100%",2829,3100,1.136,0.136,37,31,32,41,32,27,Silty clay loam,5.94,4.53,0.0468,15.0,9.009,1326,665,120,274,36500,0,12,1160,0,0,41,0,17300,5860,2110,386,0,163,14,221,13,148,0,0,37,n,0.016,1.016,,8.16,0.44,-23.21,-0.02,,,,,,,,62.71,9.51,133.96,16.56,5.835,1.02,1.066,14.43,4.496,0.1056,0.0008,31.983,68.8476
FCNSW_072_2019-07-30_T7_P4,FCNSW_072,FC NSW 1074,2019-07-30,7,4,144.237507,-35.675924,,77.680000,1.520000,0.000000,n,0,30,Recently thinned RRG 5% coverage from coppiced remaining stand; litter 80%,2829,3150,1.166,0.166,35,40,25,40,34,26,Silty loam,5.82,4.68,0.0662,21.0,11.575,1172,673,118,268,32700,0,0,1220,0,0,39,11,16400,4980,2020,395,0,168,14,209,14,154,0,0,36,n,0.016,1.016,,13.09,1.21,-31.49,2.4,,,,,,,,53.38,13.88,90.58,18.64,14.405,0.229,0.6,15.88,3.955,0.1017,0.0007,30.359,70.5315
FCNSW_073_2019-07-31_T8_P1,FCNSW_073,FC NSW 1081,2019-07-31,8,1,144.232062,-35.593180,,77.180000,1.020000,1.019997,n,0,30,"Recently thinned RRG 15%, 95% litter, appears to be perched vertosol (black)",2829,3400,1.198,0.198,23,27,50,30,31,38,Silty clay,7.1,6,0.2106,21.0,12.858,2422,1446,526,538,62100,0,19,3030,0,16,56,22,37200,9590,4460,1210,0,864,28,371,16,164,0,0,62,n,0.031,1.031,,21.33,0.97,-24.36,3.86,,,,,,,,85.18,10.37,168.56,18.38,4.707,1.404,1.264,21.74,6.385,0.1959,0.0009,27.61,73.2339
FCNSW_074_2019-07-31_T8_P2,FCNSW_074,FC NSW 1082,2019-07-31,8,2,144.231292,-35.593209,,76.559998,0.399990,0.399994,n,0,30,Old RRG with some coppiced 15%; Juncus 10%; litter 90%,2829,3230,1.157,0.157,28,33,39,32,34,34,Silty clay loam,6.13,5.04,0.0903,20.0,10.97,1522,976,214,402,45100,0,13,1290,0,0,45,14,24500,7570,2990,414,0,317,18,213,15,139,0,0,45,n,0.022,1.022,,19.01,1.61,-27.63,1.56,,,,,,,,118.53,28.43,278.82,38.53,21.413,8.658,1.564,27.17,5.486,0.1098,0.0009,32.074,69.0875
FCNSW_075_2019-07-31_T8_P3,FCNSW_075,FC NSW 1083,2019-07-31,8,3,144.230001,-35.592745,,76.260002,0.100000,0.099998,n,0,30,Mature RRG recently thinned; litter 100%,2829,3210,1.129,0.129,32,34,34,38,33,29,Silty clay loam,5.58,4.57,0.0772,15.0,15.644,1192,574,122,336,39200,0,12,1170,0,0,41,13,20300,6640,2470,426,0,200,16,268,14,137,0,0,42,n,0.018,1.018,,12.38,1.18,-26.05,2.25,,,,,,,,100.85,17.85,209.16,25.28,6.411,5.839,2.359,16.78,4.476,0.1071,0.0009,33.942,67.3849
FCNSW_076_2019-07-31_T8_P4,FCNSW_076,FC NSW 1084,2019-07-31,8,4,144.229216,-35.592304,,76.160004,0.000000,0.000000,n,0,30,"V large RRG stumps, mature and juv RRG 40%; litter 90%; self-mulching",2829,3250,1.154,0.154,33,35,32,44,32,25,Silty clay loam,5.73,4.65,0.0579,16.0,19.121,1302,673,134,304,37100,0,10,1230,0,0,39,13,18300,5990,2340,368,0,189,16,251,14,140,0,0,39,n,0.018,1.018,,21.1,1.44,-33.38,2.66,,,,,,,,88.07,7.94,183.91,16.46,2.623,0.487,1.403,19.14,4.186,0.1187,0.0008,32.226,68.8192
FCNSW_077_2019-07-31_T9_P1,FCNSW_077,FC NSW 1091,2019-07-31,9,1,144.423864,-35.825089,,82.180000,6.020000,1.050003,n,0,30,"River red gum 50% coverage, thick litter, Juncus",2829,2950,1.213,0.213,24,39,37,26,39,35,Silty clay loam,5.59,4.44,0.0557,11.0,9.396,790,584,122,234,41300,0,13,930,0,0,48,13,26000,6710,2860,460,0,193,20,211,16,117,0,0,49,n,0.019,1.019,,13.7,1.3,-20.15,3.32,,,,,,,,124.24,9.24,223.36,19.5,0.746,0.814,2.439,16.59,5.07,0.1051,0.0008,32.522,68.5458
FCNSW_078_2019-07-31_T9_P2,FCNSW_078,FC NSW 1092,2019-07-31,9,2,144.422807,-35.825348,,82.230003,6.070000,1.100006,n,0,30,"River red gum, 60% litter coverage, sparse Juncus",2829,3180,1.221,0.221,28,41,31,33,36,32,Silty clay loam,5.83,4.78,0.0764,13.0,10.512,1018,622,126,240,40100,0,12,1120,0,0,47,12,24600,7130,2880,425,0,192,18,193,15,118,0,0,46,n,0.021,1.021,,12.85,0.83,-22.98,1.77,,,,,,,,127.64,13.39,265.2,28.25,2.746,3.744,2.431,25.59,7.281,0.1097,0.0008,31.776,69.3529
FCNSW_079_2019-07-31_T9_P3,FCNSW_079,FC NSW 1093,2019-07-31,9,3,144.422034,-35.825474,,81.919998,5.759990,0.790001,n,0,30,"River red gum, 30% juncus, 100% litter cover",2829,3180,1.194,0.194,36,35,29,39,32,29,Silty clay loam,5.54,4.4,0.0575,12.0,7.653,664,689,170,212,40600,0,12,797,0,15,48,13,31100,6640,2810,1190,0,248,20,259,17,142,0,0,48,n,0.017,1.017,,13.12,1.09,-25.04,4.19,,,,,,,,78.64,8.5,189.84,17.17,2.826,1.1,1.46,17.66,4.237,0.1234,0.0009,31.676,69.4715
FCNSW_080_2019-07-31_T9_P4,FCNSW_080,FC NSW 1094,2019-07-31,9,4,144.421747,-35.825765,,81.129997,4.969990,0.000000,y,0,30,"Juvenile river red gum, 20% juncus, 100% leaf litter",2829,3530,1.101,0.101,69,19,13,70,20,11,Loam,5.7,4.41,0.04,6.2,8.221,346,313,112,92,16400,0,0,434,0,0,22,0,11800,3000,1170,263,0,126,0,138,0,74,0,0,20,n,0.007,1.007,,8.5,0.64,-27.03,2.81,,,,,,,,69.57,4.28,145.66,10.4,0,0.191,1.529,9.88,4.191,0.1387,0.001,30.084,71.0765
FCNSW_081_2019-11-06_T0_P1,FCNSW_081,FC NSW 1001,2019-11-06,0,1,144.425419,-35.733890,,80.570000,4.410000,0.300003,n,0,30,"Few mature RRG, many samplings, some copiced; distrurbed area; 95% litter cover, grey vertosol",2829,3830,1.133,0.133,17,25,58,31,28,42,Clay,6.83,5.29,0.1578,27.0,12.047,2420,1554,430,492,43400,0,10,2130,0,21,44,21,37500,4920,4120,773,0,577,27,196,21,121,0,0,59,n,0.038,1.038,,16.56,1.54,-21.26,3.03,,,,,,,,90.77,27.16,367.99,49.9,13.452,4.992,1.321,29.45,9.115,0.1084,0.0006,33.331,67.7946
FCNSW_082_2019-11-06_T0_P2,FCNSW_082,FC NSW 1002,2019-11-06,0,2,144.425642,-35.734851,,80.779999,4.620000,0.510002,n,0,30,"Sparse mature and juvenile RRG, coverage 10%; disturbed area; 50% litter cover",2829,3700,1.114,0.114,35,26,39,43,29,28,Silty clay loam,6.44,4.76,0.1128,17.0,18.579,1236,846,222,290,30400,0,0,1220,0,13,37,17,28700,4050,2660,795,0,262,20,289,18,132,0,0,51,n,0.027,1.027,,23.03,1.56,-26.18,2.63,,,,,,,,90.85,32.9,236.97,48.66,17.16,8.414,1.826,14.64,8.749,0.1302,0.001,27.407,73.3825
FCNSW_083_2019-11-06_T0_P3,FCNSW_083,FC NSW 1003,2019-11-06,0,3,144.425268,-35.735180,,80.739998,4.579990,0.470001,n,0,30,"Mature RRG, some juveniles, juncus, 90% litter",2829,3340,1.123,0.123,25,31,43,36,35,29,Silty clay,6.57,4.93,0.1184,20.0,17.447,1430,952,264,378,34300,0,0,1580,0,21,39,20,34500,4870,3340,1420,0,352,24,295,19,121,0,0,56,n,0.029,1.029,,20.83,1.75,-25.85,3.55,,,,,,,,82.61,30.82,262.5,41.14,15.987,6.749,1.832,24.07,8.84,0.136,0.0011,30.666,70.4361
FCNSW_084_2019-11-06_T0_P4,FCNSW_084,FC NSW 1004,2019-11-06,0,4,144.425377,-35.735393,,80.269997,4.109990,0.000000,n,0,30,"Young RRG ~5m height, 5% juncus, 10% canopy, 90% litter",2829,3240,1.077,0.077,63,21,16,63,24,14,Loam,5.88,4.52,0.0746,9.0,12.89,736,409,114,164,14300,0,0,700,0,0,20,0,12400,2360,1390,180,0,105,0,188,10,124,0,0,27,n,0.015,1.015,,20.28,1.22,-25.62,2.55,,,,,,,,120.88,17.74,227.37,28.73,8.687,1.45,1.774,19.6,6.962,0.1118,0.0008,30.982,69.9982
FCNSW_085_2019-11-06_T1_P1,FCNSW_085,FC NSW 1011,2019-11-06,1,1,144.417459,-35.745008,,81.370003,5.210000,1.810005,n,0,30,"Mature grey box, 30% canopy; 5% bluebush; 2% moss; 60% litter",2829,3560,1.102,0.102,58,24,18,54,26,20,Loam,8.82,7.74,0.2457,19.0,40.15,2118,832,177,558,29000,0,18,14500,0,11,30,24,24700,6600,5860,1440,0,327,25,1030,13,171,0,0,68,y,0.028,1.028,,18.19,1.47,-24.63,5.1,,,,,,,,120.86,19.75,308.25,37.38,6.651,0.853,1.133,27.37,9.42,0.1115,0.0014,25.589,74.0295
FCNSW_086_2019-11-06_T1_P2,FCNSW_086,FC NSW 1012,2019-11-06,1,2,144.417561,-35.745289,,80.519997,4.359990,0.959999,n,0,30,"Mature RRG, 10% cover; 1% small saplings; 75% litter cover",2829,3790,1.121,0.121,29,22,49,36,29,35,Clay,6.45,4.8,0.1499,23.0,12.897,1730,1373,346,514,37900,0,0,1590,0,20,41,20,32500,4940,3580,1180,0,416,26,219,22,121,0,0,59,n,0.034,1.034,,15.85,1.4,-22,4.35,,,,,,,,77.92,25.68,244.91,37.38,16.391,4.391,1.255,14.03,10.213,0.1285,0.001,30.453,70.659
FCNSW_087_2019-11-06_T1_P3,FCNSW_087,FC NSW 1013,2019-11-06,1,3,144.417647,-35.745413,,80.190002,4.030000,0.630005,m,0,30,"Mature RRG, 10% cover; Juvenile RRG 1%; Juncus 1%; Chenopod 1%; Litter 60%",2829,3840,1.091,0.091,39,24,38,43,27,30,Clay loam,6.34,4.67,0.1042,20.0,13.909,1458,968,220,338,27800,0,0,1810,0,12,33,16,25400,3770,2300,552,0,277,17,247,18,183,0,0,47,n,0.024,1.024,,24.68,1.18,-22.62,2.96,,,,,,,,51.75,20.91,180.53,29.12,16.313,2.38,0.989,23.05,6.23,0.118,0.001,31.959,69.2212
FCNSW_088_2019-11-06_T1_P4,FCNSW_088,FC NSW 1014,2019-11-06,1,4,144.417776,-35.745531,,79.559998,3.399990,0.000000,y,0,30,"Mature RRG <10%; Juncus 5%, lots of dead wood; 50% litter",2829,3740,1.267,0.267,55,23,23,58,23,19,Loam,7.15,5.26,0.053,9.9,17.718,880,511,136,204,15900,0,0,846,0,0,22,0,12700,2550,1440,211,0,144,10,168,12,113,0,0,30,n,0.018,1.018,,7.66,0.67,-33.59,4.66,,,,,,,,27.43,9.84,113.36,18.43,0.341,3.677,1.077,13.98,4.499,0.1274,0.0008,35.838,66.2334
FCNSW_089_2019-11-05_T2_P1,FCNSW_089,FC NSW 1021,2019-11-05,2,1,144.382395,-35.780812,,81.239998,5.079990,1.220001,n,0,30,"Recently thinned RRG, some coppiced, some dead RRG ~20m, RRG cover ~15%; litter 40%",2829,3430,1.147,0.147,17,26,57,28,31,42,Silty clay,6.01,4.41,0.1535,25.0,7.145,1478,1332,334,344,44400,0,0,1340,0,14,50,18,40500,3980,2970,607,0,416,25,219,20,177,0,0,55,n,0.036,1.036,,17.18,1.3,-26.24,4.41,,,,,,,,107.85,20.04,215.47,27.22,7.075,3.749,1.368,14.26,6.957,0.071,0.0007,29.119,71.3292
FCNSW_090_2019-11-05_T2_P2,FCNSW_090,FC NSW 1022,2019-11-05,2,2,144.383235,-35.780596,,80.730003,4.570000,0.710007,n,0,30,"Very disturbed site, RRG 5% coppiced / thinned, few chenopods",2829,4030,1.158,0.158,16,40,44,25,35,41,Silty clay,5.83,3.99,0.0673,20.0,10.621,800,866,184,232,26900,0,0,723,0,17,39,15,34300,2790,2000,1110,0,168,18,359,21,127,0,0,52,n,0.031,1.031,,11.5,1.2,-27.3,3.82,,,,,,,,66.49,13.24,178.62,21.9,4.788,1.044,1.172,19.7,5.693,0.0738,0.0005,35.473,65.9802
FCNSW_091_2019-11-05_T2_P3,FCNSW_091,FC NSW 1023,2019-11-05,2,3,144.384195,-35.780728,,80.694283,4.534280,0.674286,m,0,30,Mainly young RRG 30%; many branches; sedges 5%; Themeda; Litter 90%,2829,3140,1.171,0.171,18,46,36,25,39,35,Silty clay loam,5.95,4.32,0.0819,15.0,14.673,818,803,162,258,28900,0,0,810,0,17,41,13,33800,3600,2290,1250,0,162,19,386,17,135,0,0,50,n,0.03,1.03,,15.23,1.53,-26.79,4.75,,,,,,,,78.87,13.05,221.92,27.32,4.152,1.09,1.408,22.02,7.884,0.1173,0.0008,32.492,68.911
FCNSW_092_2019-11-05_T2_P4,FCNSW_092,FC NSW 1024,2019-11-05,2,4,144.384389,-35.780678,,80.019997,3.859990,0.000000,y,0,30,Mature RRG + saplings 30%; Juncus 10%; Litter 70%,2829,3430,1.399,0.399,22,47,31,31,39,31,Silty clay loam,6.52,4.68,0.0407,13.0,16.639,784,692,144,158,23400,0,0,758,0,0,36,12,26100,2780,1790,604,0,131,15,332,17,74,0,0,42,n,0.023,1.023,,15.23,0.96,-26.26,3.5,,,,,,,,54.66,8.31,175.05,21.63,0.337,2.721,1.312,13.71,5.571,0.1137,0.0007,35.48,66.4908
FCNSW_093_2019-11-05_T3_P1,FCNSW_093,FC NSW 1031,2019-11-05,3,1,144.423590,-35.862426,,82.900002,6.740000,0.000000,n,0,30,"Red gum, Black box, juncus",2829,3400,1.114,0.114,25,41,34,30,40,30,Silty clay loam,6.2,4.4,0.075,15.0,10.546,718,795,176,260,26700,0,0,776,0,20,39,15,32700,3640,2280,1360,0,200,21,283,16,100,0,0,50,n,0.024,1.024,,20.44,1.23,-29.72,3.33,,,,,,,,90.73,13.97,273.09,27.49,1.173,1.888,2.441,19.1,8.392,0.1105,0.0008,31.082,69.9927
FCNSW_094_2019-11-05_T3_P2,FCNSW_094,FC NSW 1032,2019-11-05,3,2,144.424764,-35.862395,,82.980003,6.820000,0.080002,n,0,30,"Red gum, grey box, juncus, ""cherry berry""",2829,3360,1.14,0.14,23,41,36,30,39,30,Silty clay loam,6.31,4.46,0.0898,16.0,13.487,920,929,236,342,30000,0,0,878,0,15,40,15,30900,4130,2510,1060,0,289,20,241,17,108,0,0,52,n,0.027,1.027,,25.12,1.26,-26.13,3.36,,,,,,,,89.8,9.66,215.87,22.79,0.005,0.818,1.792,23.01,7.448,0.0931,0.0009,30.822,70.0714
FCNSW_095_2019-11-05_T3_P3,FCNSW_095,FC NSW 1033,2019-11-05,3,3,144.425550,-35.862260,,83.300003,7.140000,0.400002,n,0,30,"Grey box, sparse juncus, last logged >10 years ago",2829,3200,1.129,0.129,20,51,29,25,43,32,Silty clay loam,5.96,4.25,0.0869,13.0,15.078,696,675,164,230,26200,0,0,715,0,18,40,13,31000,3830,2350,1160,0,195,19,290,16,119,0,0,51,n,0.026,1.026,,13.5,1.36,-27.24,4.05,,,,,,,,118.81,10.63,195.52,18.86,0.493,0.682,2.002,24.31,6.983,0.0925,0.0008,33.412,67.8131
FCNSW_096_2019-11-05_T3_P4,FCNSW_096,FC NSW 1034,2019-11-05,3,4,144.425970,-35.862151,,83.500000,7.340000,0.599998,n,0,30,"Very mature red gum, cherry bush",2829,2840,1.142,0.142,15,59,26,25,45,30,Silty clay loam,6.49,4.98,0.1052,14.0,15.717,1084,757,146,312,24500,0,0,1170,0,0,37,12,20800,3770,2500,471,0,158,18,266,16,126,0,0,47,n,0.023,1.023,,25.75,1.69,-30.45,3.63,,,,,,,,113.14,12.56,252.79,35.01,0.379,0.916,1.998,25.45,8.396,0.1633,0.0011,30.298,70.8632
FCNSW_097_2019-11-05_T4_P1,FCNSW_097,FC NSW 1041,2019-11-05,4,1,144.344410,-35.748250,,80.510002,4.350000,1.200005,n,0,30,"Mature RRG + saplings, Juncus, litter 75%",2829,3480,1.155,0.155,21,33,46,31,28,41,Silty clay,6,4.64,0.2617,22.0,10.871,1608,1233,308,370,44600,0,0,1660,0,22,50,21,42400,4460,3010,1420,0,473,27,391,22,146,0,0,58,n,0.034,1.034,,17.38,1.57,-25.05,4.77,,,,,,,,141.81,24.99,268.98,37.07,1.823,7.018,1.81,25.36,11.182,0.1078,0.001,34.519,66.9591
FCNSW_098_2019-11-05_T4_P2,FCNSW_098,FC NSW 1042,2019-11-05,4,2,144.344410,-35.749030,,79.570000,3.410000,0.260002,n,0,30,"Mix mature and juv RRG 30%, 1% juncus, pig disturbance",2829,3430,1.171,0.171,23,25,52,34,30,36,Clay,5.89,4.43,0.1003,21.0,18.674,1466,970,178,318,28100,0,0,1480,0,0,38,15,20800,2930,2110,539,0,156,16,280,19,251,0,0,50,n,0.032,1.032,,3.42,0.2,-17.61,0.03,,,,,,,,80.56,19.34,224.66,32.33,14.364,1.123,1.247,16.31,7.192,0.1029,0.0008,33.658,67.8469
FCNSW_099_2019-11-05_T4_P3,FCNSW_099,FC NSW 1043,2019-11-05,4,3,144.344070,-35.749570,,79.440002,3.280000,0.130005,n,0,30,"Mature RRG, pig disturbance, litter 80%",2829,3310,1.143,0.143,26,27,47,38,29,33,Silty clay,6.06,4.49,0.0876,17.0,25.643,1294,797,140,258,27200,0,0,1260,0,0,36,13,17900,2960,1850,339,0,139,14,227,17,135,0,0,45,n,0.029,1.029,,20.15,1.22,-27.12,2.64,,,,,,,,68.41,15.84,199.4,27.78,11.473,1.407,1.14,17.57,4.713,0.1207,0.0009,31.732,69.4447
FCNSW_100_2019-11-05_T4_P4,FCNSW_100,FC NSW 1044,2019-11-05,4,4,144.344190,-35.750010,,79.309998,3.149990,0.000000,n,0,30,"60% mature RRG, disturbance by pigs, 40% litter",2829,3810,1.16,0.16,21,31,49,31,32,37,Silty clay,6.08,4.37,0.0815,17.0,26.64,1256,750,132,268,27300,0,0,1150,0,0,38,14,18000,3140,1850,380,0,137,16,240,18,134,0,0,46,n,0.029,1.029,,9.27,1.13,-28.81,3.51,,,,,,,,46.7,10.11,162.09,17.85,4.262,0.881,0.986,14.64,5.782,0.1227,0.0008,34.424,67.2852
FCNSW_101_2019-11-05_T5_P1,FCNSW_101,FC NSW 1051,2019-11-05,5,1,144.294490,-35.727340,,80.019997,3.859990,1.099998,n,0,30,"RRG 20%, litter 50%",2829,4290,1.099,0.099,31,47,22,38,41,21,Silty loam,6.75,4.93,0.0755,7.0,5.321,664,567,176,128,15900,0,0,766,0,0,25,0,18500,2400,1600,605,0,182,12,188,12,43,0,0,31,n,0.017,1.017,,12.59,0.77,-29.08,5.16,,,,,,,,36.57,6.61,118.68,16.66,0.365,0.757,0.795,8.54,4.693,0.1308,0.001,30.596,70.6552
FCNSW_102_2019-11-05_T5_P2,FCNSW_102,FC NSW 1052,2019-11-05,5,2,144.295680,-35.728020,,79.650002,3.490000,0.730003,n,0,30,"Juv RRG, coppiced, 25%; Themeda; woody debris 10%; juncus 1%; litter 70%",2829,2970,1.159,0.159,18,50,33,27,41,32,Silty clay loam,6.13,4.54,0.0916,17.0,17.405,1248,887,156,284,25400,0,0,1190,0,0,35,13,25600,3240,2060,367,0,152,16,242,15,134,0,0,43,n,0.027,1.027,,20.47,0.95,-24.69,1.22,,,,,,,,93.11,18.92,225.83,36.93,9.276,2.067,1.711,28.92,7.384,0.1237,0.0009,32.719,68.725
FCNSW_103_2019-11-05_T5_P3,FCNSW_103,FC NSW 1053,2019-11-05,5,3,144.296620,-35.728550,,79.430000,3.270000,0.510002,n,0,30,Some large and some coppiced RRG 30%; shea-oak - type shrub; 5% juncus and themeda; litter 50%,2829,3140,1.113,0.113,17,51,32,25,42,34,Silty clay loam,5.96,4.24,0.0633,12.0,15.262,624,722,138,206,22000,0,0,649,0,12,33,11,20600,2720,1790,357,0,135,14,195,16,83,0,0,38,n,0.023,1.023,,11.79,1.2,-25.67,3.25,,,,,,,,68.01,17.98,157.76,26.18,11.823,2.394,1.044,15.75,6.177,0.0743,0.0006,35.68,65.7616
FCNSW_104_2019-11-05_T5_P4,FCNSW_104,FC NSW 1054,2019-11-05,5,4,144.297320,-35.728760,,78.919998,2.759990,0.000000,n,0,30,Mature RRG some juv 10%; Juncus 1%; litter 70%,2829,3140,1.132,0.132,23,44,33,29,39,31,Silty clay loam,6.25,4.61,0.0823,11.0,21.344,896,696,126,240,17000,0,0,917,0,0,29,12,14900,2340,1590,358,0,129,12,220,15,136,0,0,35,n,0.022,1.022,,22.92,1.5,-21.13,2.93,,,,,,,,79.31,16.27,250.55,30.72,9.06,1.021,1.365,13.78,7.616,0.124,0.0009,31.407,69.8997
FCNSW_105_2019-11-06_T6_P1,FCNSW_105,FC NSW 1061,2019-11-06,6,1,144.274284,-35.696733,,79.400002,3.240000,1.459999,n,0,30,"Recently thinned RRG 10%, themeda 5%, chenopod 5%; juncus 2%; litter 80%",2829,3630,1.198,0.198,17,22,60,28,27,45,Clay,6.58,4.96,0.146,29.0,14.555,2352,1739,452,488,42400,0,0,2090,0,18,49,22,43200,3140,2910,1130,0,533,28,291,22,145,0,0,53,n,0.038,1.038,,23.8,2.08,-21.82,4.01,,,,,,,,109.89,28.14,297.23,43.6,1.419,12.145,1.97,30.33,13.566,0.1324,0.001,32.306,69.0427
FCNSW_106_2019-11-06_T6_P2,FCNSW_106,FC NSW 1062,2019-11-06,6,2,144.274252,-35.696600,,78.470001,2.310000,0.529999,m,0,30,"RRG 15%; themeda 1%, thistle; litter 50%",2829,3470,1.381,0.381,25,25,50,31,31,38,Silty clay,6.53,4.86,0.0916,19.0,19.828,1578,1137,194,408,28700,0,0,1640,0,0,37,16,24200,2890,2170,424,0,228,17,275,19,129,0,0,47,n,0.03,1.03,,19.09,1.58,-27.34,2.99,,,,,,,,68.15,15.48,187.78,29.66,9.603,1.859,1.249,27.49,8.625,0.1435,0.0009,35.476,66.4499
FCNSW_107_2019-11-06_T6_P3,FCNSW_107,FC NSW 1063,2019-11-06,6,3,144.274289,-35.696551,,78.050003,1.890000,0.110001,y,0,30,"Disturbed by logging, RRG ~5m; litter 80%",2829,3820,1.355,0.355,28,25,47,34,28,38,Silty clay,6.93,5.21,0.0693,19.0,26.827,1634,978,184,324,22700,0,0,1500,0,0,31,15,16800,2500,1780,437,0,184,14,244,17,122,0,0,42,n,0.027,1.027,,9.26,1.09,-26.53,2.99,,,,,,,,40.28,8.15,84.37,17.45,0.364,3.849,0.714,16.77,4.518,0.1429,0.0007,37.519,64.8636
FCNSW_108_2019-11-06_T6_P4,FCNSW_108,FC NSW 1064,2019-11-06,6,4,144.274307,-35.696518,,77.940002,1.780000,0.000000,y,0,30,"Mature and juv RRG 15%; 70% litter, surface self-mulching",2829,3710,1.431,0.431,21,21,58,31,27,42,Clay,6.76,5.05,0.0661,19.0,63.888,2040,1159,190,468,29300,0,0,1740,0,0,38,18,21200,3260,2100,519,0,191,17,401,21,139,0,0,56,n,0.062,1.062,,18.03,1.38,-26.54,1.24,,,,,,,,26.37,9.04,58.31,13.34,0.193,4.109,0.698,17.56,4.707,0.1117,0.0007,37.293,64.76
FCNSW_109_2019-11-06_T7_P1,FCNSW_109,FC NSW 1071,2019-11-06,7,1,144.239511,-35.678113,,78.860001,2.700000,1.180000,n,0,30,"Mature and Juv RRG, forbs, shrub 30%, juncus 1%, thatch of litter, 100%",2829,3440,1.105,0.105,26,50,25,36,43,21,Silty loam,6.84,5.31,0.1169,14.0,12.036,1370,714,184,270,15400,0,0,1660,0,0,26,11,25500,2480,1640,755,0,194,14,265,14,109,0,0,32,n,0.018,1.018,,26.49,1.29,-22.9,4.13,,,,,,,,85.84,11.53,160.34,24.49,0.657,1.044,1.018,20.8,5.717,0.1789,0.0011,28.233,72.1442
FCNSW_110_2019-11-06_T7_P2,FCNSW_110,FC NSW 1072,2019-11-06,7,2,144.238774,-35.677261,,78.330002,2.170000,0.650002,n,0,30,"Recently thinned RRG 15%, juncus 15%, harvest disturbance",2829,3100,1.131,0.131,27,39,35,33,34,32,Silty clay loam,6.27,4.65,0.0642,13.0,14.584,968,807,134,312,18900,0,0,882,0,0,28,11,19200,2360,1590,514,0,108,12,236,15,104,0,0,35,n,0.024,1.024,,19.85,1.31,-27.87,2.69,,,,,,,,110.49,14.15,249.51,29.25,2.377,1.818,1.862,18.48,7.498,0.1379,0.001,31.929,69.2389
FCNSW_111_2019-11-06_T7_P3,FCNSW_111,FC NSW 1073,2019-11-06,7,3,144.238588,-35.676544,,78.209999,2.050000,0.529999,n,0,30,"Recently thinned RRG 20%, juncus 1%, themeda 3%, harvest disturbance; thatch of litter 100%",2829,3100,1.09,0.09,37,31,32,41,32,27,Silty clay loam,6.44,4.91,0.071,15.0,11.402,1326,665,120,274,36500,0,12,1160,0,0,41,0,17300,5860,2110,386,0,163,14,221,13,148,0,0,37,n,0.021,1.021,,21.99,1.42,-21.47,2.62,,,,,,,,115.54,18.47,230.48,25.28,7.22,3.762,1.59,14.43,6.547,0.1356,0.001,30.5,70.4639
FCNSW_112_2019-11-06_T7_P4,FCNSW_112,FC NSW 1074,2019-11-06,7,4,144.237507,-35.675924,,77.680000,1.520000,0.000000,n,0,30,Recently thinned RRG 5% coverage from coppiced remaining stand; litter 80%,2829,3150,1.109,0.109,35,40,25,40,34,26,Silty loam,6.45,4.9,0.077,21.0,15.692,1172,673,118,268,32700,0,0,1220,0,0,39,11,16400,4980,2020,395,0,168,14,209,14,154,0,0,36,n,0.021,1.021,,12.53,1.19,-27.34,2.74,,,,,,,,72.35,17.43,185.69,26.9,14.032,0.921,0.666,15.88,3.757,0.123,0.0009,31.517,69.5594
FCNSW_113_2019-11-04_T8_P1,FCNSW_113,FC NSW 1081,2019-11-04,8,1,144.232062,-35.593180,,77.180000,1.020000,1.019997,n,0,30,"Recently thinned RRG 15%, 95% litter, appears to be perched vertosol (black)",2829,3400,1.099,0.099,23,27,50,30,31,38,Silty clay,7.44,6.13,0.2504,21.0,22.046,2422,1446,526,538,62100,0,19,3030,0,16,56,22,37200,9590,4460,1210,0,864,28,371,16,164,0,0,62,n,0.033,1.033,,20.53,1.55,-18.58,3.52,,,,,,,,135.06,18.12,267.81,29.5,6.705,3.222,1.114,21.74,10.906,0.1572,0.0011,31.201,69.7792
FCNSW_114_2019-11-04_T8_P2,FCNSW_114,FC NSW 1082,2019-11-04,8,2,144.231292,-35.593209,,76.559998,0.399990,0.399994,n,0,30,Old RRG with some coppiced 15%; Juncus 10%; litter 90%,2829,3230,1.117,0.117,28,33,39,32,34,34,Silty clay loam,6.64,5.11,0.107,20.0,15.968,1522,976,214,402,45100,0,13,1290,0,0,45,14,24500,7570,2990,414,0,317,18,213,15,139,0,0,45,n,0.024,1.024,,23.96,1.4,-27.18,1.94,,,,,,,,123.15,26.96,279.13,41.16,16.261,4.797,1.552,27.17,8.342,0.1191,0.001,32.287,68.9571
FCNSW_115_2019-11-04_T8_P3,FCNSW_115,FC NSW 1083,2019-11-04,8,3,144.230001,-35.592745,,76.260002,0.100000,0.099998,n,0,30,Mature RRG recently thinned; litter 100%,2829,3210,1.129,0.129,32,34,34,38,33,29,Silty clay loam,6.19,4.69,0.0677,15.0,22.981,1192,574,122,336,39200,0,12,1170,0,0,41,13,20300,6640,2470,426,0,200,16,268,14,137,0,0,42,n,0.02,1.02,,13.94,1.35,-27.99,3.57,,,,,,,,152.28,13.3,315.72,28.22,2.521,1.243,3.823,16.78,7.268,0.1092,0.0009,33.475,67.774
FCNSW_116_2019-11-04_T8_P4,FCNSW_116,FC NSW 1084,2019-11-04,8,4,144.229216,-35.592304,,76.160004,0.000000,0.000000,n,0,30,"V large RRG stumps, mature and juv RRG 40%; litter 90%; self-mulching",2829,3250,1.111,0.111,33,35,32,44,32,25,Silty clay loam,6.27,4.79,0.0659,16.0,17.064,1302,673,134,304,37100,0,10,1230,0,0,39,13,18300,5990,2340,368,0,189,16,251,14,140,0,0,39,n,0.02,1.02,,18.17,1.07,-26.9,2.03,,,,,,,,85.01,9.99,197.5,17.62,3.354,0.749,1.487,19.14,5.876,0.1001,0.0008,34.191,67.0435
FCNSW_117_2019-11-05_T9_P1,FCNSW_117,FC NSW 1091,2019-11-05,9,1,144.423864,-35.825089,,82.180000,6.020000,1.050003,n,0,30,"River red gum 50% coverage, thick litter, Juncus",2829,2950,1.154,0.154,24,39,37,26,39,35,Silty clay loam,6.07,4.77,0.0763,11.0,8.783,790,584,122,234,41300,0,13,930,0,0,48,13,26000,6710,2860,460,0,193,20,211,16,117,0,0,49,n,0.023,1.023,,13.49,1.4,-28.44,4.3,,,,,,,,142.67,11.13,265.59,26.33,0.407,1.073,2.355,16.59,7.896,0.1072,0.0008,33.255,68.0166
FCNSW_118_2019-11-05_T9_P2,FCNSW_118,FC NSW 1092,2019-11-05,9,2,144.422807,-35.825348,,82.230003,6.070000,1.100006,n,0,30,"River red gum, 60% litter coverage, sparse Juncus",2829,3180,1.164,0.164,28,41,31,33,36,32,Silty clay loam,6.5,5.21,0.0811,13.0,11.418,1018,622,126,240,40100,0,12,1120,0,0,47,12,24600,7130,2880,425,0,192,18,193,15,118,0,0,46,n,0.023,1.023,,13.84,1.35,-27.19,3.76,,,,,,,,143.6,11.95,291.15,35.93,0.157,0.967,2.378,25.59,10.142,0.1553,0.001,31.857,69.4726
FCNSW_119_2019-11-05_T9_P3,FCNSW_119,FC NSW 1093,2019-11-05,9,3,144.422034,-35.825474,,81.919998,5.759990,0.790001,n,0,30,"River red gum, 30% juncus, 100% litter cover",2829,3180,1.349,0.349,36,35,29,39,32,29,Silty clay loam,6.25,4.84,0.0599,12.0,10.994,664,689,170,212,40600,0,12,797,0,15,48,13,31100,6640,2810,1190,0,248,20,259,17,142,0,0,48,n,0.025,1.025,,8.04,0.4,-20.55,-5.67,,,,,,,,93.51,10.6,242.95,31.25,1.156,1.255,2.193,17.66,5.369,0.1329,0.0009,32.741,68.6362
FCNSW_120_2019-11-05_T9_P4,FCNSW_120,FC NSW 1094,2019-11-05,9,4,144.421747,-35.825765,,81.129997,4.969990,0.000000,y,0,30,"Juvenile river red gum, 20% juncus, 100% leaf litter",2829,3530,1.266,0.266,69,19,13,70,20,11,Loam,6.75,5.25,0.0388,6.2,9.527,346,313,112,92,16400,0,0,434,0,0,22,0,11800,3000,1170,263,0,126,0,138,0,74,0,0,20,n,0.009,1.009,,7.47,0.6,-26.81,2.99,,,,,,,,79.1,18.99,159.96,25.41,0.482,3.101,1.664,9.88,4.873,0.1334,0.001,30.808,70.2952
FCNSW_121_2020-02-05_T0_P1,FCNSW_121,FC NSW 1001,2020-02-05,0,1,144.425419,-35.733890,,80.570000,4.410000,0.300003,n,0,30,"Few mature RRG, many samplings, some copiced; distrurbed area; 95% litter cover, grey vertosol",2829,3830,1.114,0.114,17,25,58,31,28,42,Clay,6.26,5.26,0.1818,27.0,13.494,2420,1554,430,492,43400,0,10,2130,0,21,44,21,37500,4920,4120,773,0,577,27,196,21,121,0,0,59,n,0.027,1.027,,27.18,1.56,-26.63,3.4,,,,,,,,172.15,39.6,347.88,44.97,18.124,10.771,1.809,29.45,5.635,0.1338,0.001,30.052,71.0198
FCNSW_122_2020-02-05_T0_P2,FCNSW_122,FC NSW 1002,2020-02-05,0,2,144.425642,-35.734851,,80.779999,4.620000,0.510002,n,0,30,"Sparse mature and juvenile RRG, coverage 10%; disturbed area; 50% litter cover",2829,3700,1.096,0.096,35,26,39,43,29,28,Silty clay loam,6.01,4.81,0.0941,17.0,17.757,1236,846,222,290,30400,0,0,1220,0,13,37,17,28700,4050,2660,795,0,262,20,289,18,132,0,0,51,n,0.02,1.02,,14.88,1.44,-31.64,4.69,,,,,,,,101.9,37.58,263.06,41.23,17.057,11.848,1.605,14.64,4.777,0.1381,0.0009,28.64,72.069
FCNSW_123_2020-02-05_T0_P3,FCNSW_123,FC NSW 1003,2020-02-05,0,3,144.425268,-35.735180,,80.739998,4.579990,0.470001,n,0,30,"Mature RRG, some juveniles, juncus, 90% litter",2829,3340,1.098,0.098,25,31,43,36,35,29,Silty clay,6.04,4.82,0.113,20.0,14.778,1430,952,264,378,34300,0,0,1580,0,21,39,20,34500,4870,3340,1420,0,352,24,295,19,121,0,0,56,n,0.021,1.021,,15.79,1.41,-31.32,3.91,,,,,,,,109.31,24.81,255.8,32.54,11.106,6.107,1.406,24.07,3.684,0.1679,0.001,28.357,72.8684
FCNSW_124_2020-02-05_T0_P4,FCNSW_124,FC NSW 1004,2020-02-05,0,4,144.425377,-35.735393,,80.269997,4.109990,0.000000,n,0,30,"Young RRG ~5m height, 5% juncus, 10% canopy, 90% litter",2829,3240,1.055,0.055,63,21,16,63,24,14,Loam,5.6,4.56,0.0624,9.0,15.54,736,409,114,164,14300,0,0,700,0,0,20,0,12400,2360,1390,180,0,105,0,188,10,124,0,0,27,n,0.011,1.011,,16.42,0.93,-25.49,2.3,,,,,,,,64.87,19.28,237.07,23.66,8.442,4.867,1.094,19.6,4.415,0.1251,0.0009,28.269,72.2963
FCNSW_125_2020-02-05_T1_P1,FCNSW_125,FC NSW 1011,2020-02-05,1,1,144.417459,-35.745008,,81.370003,5.210000,1.810005,n,0,30,"Mature grey box, 30% canopy; 5% bluebush; 2% moss; 60% litter",2829,3560,1.085,0.085,58,24,18,54,26,20,Loam,8.66,7.77,0.229,19.0,45.845,2118,832,177,558,29000,0,18,14500,0,11,30,24,24700,6600,5860,1440,0,327,25,1030,13,171,0,0,68,y,0.02,1.02,,13.65,1.16,-24.77,4.23,,,,,,,,148.27,28.16,282.78,34.37,15.556,1.235,0.86,27.37,3.516,0.1154,0.0014,23.493,76.3744
FCNSW_126_2020-02-05_T1_P2,FCNSW_126,FC NSW 1012,2020-02-05,1,2,144.417561,-35.745289,,80.519997,4.359990,0.959999,n,0,30,"Mature RRG, 10% cover; 1% small saplings; 75% litter cover",2829,3790,1.109,0.109,29,22,49,36,29,35,Clay,5.86,4.81,0.125,23.0,10.111,1730,1373,346,514,37900,0,0,1590,0,20,41,20,32500,4940,3580,1180,0,416,26,219,22,121,0,0,59,n,0.025,1.025,,20.4,1.15,-26.7,3.29,,,,,,,,98.91,28.31,297.04,34.16,16.486,5.171,1.183,14.03,3.625,0.1295,0.0009,28.641,72.1454
FCNSW_127_2020-02-05_T1_P3,FCNSW_127,FC NSW 1013,2020-02-05,1,3,144.417647,-35.745413,,80.190002,4.030000,0.630005,m,0,30,"Mature RRG, 10% cover; Juvenile RRG 1%; Juncus 1%; Chenopod 1%; Litter 60%",2829,3840,1.091,0.091,39,24,38,43,27,30,Clay loam,5.82,4.69,0.0925,20.0,13.835,1458,968,220,338,27800,0,0,1810,0,12,33,16,25400,3770,2300,552,0,277,17,247,18,183,0,0,47,n,0.019,1.019,,23.72,1.31,-29.09,2.64,,,,,,,,95.01,21.86,238.34,29.92,12.957,3.666,0.921,23.05,3.602,0.1448,0.001,29.457,71.259
FCNSW_128_2020-02-05_T1_P4,FCNSW_128,FC NSW 1014,2020-02-05,1,4,144.417776,-35.745531,,79.559998,3.399990,0.000000,y,0,30,"Mature RRG <10%; Juncus 5%, lots of dead wood; 50% litter",2829,3740,1.075,0.075,55,23,23,58,23,19,Loam,6.1,5.26,0.0517,9.9,19.276,880,511,136,204,15900,0,0,846,0,0,22,0,12700,2550,1440,211,0,144,10,168,12,113,0,0,30,n,0.014,1.014,,12.33,1.08,-29.29,2.94,,,,,,,,63.91,9.02,186.7,15.37,4.254,1.3,0.721,13.98,2.67,0.1626,0.0009,28.963,71.9621
FCNSW_129_2020-02-04_T2_P1,FCNSW_129,FC NSW 1021,2020-02-04,2,1,144.382395,-35.780812,,81.239998,5.079990,1.220001,n,0,30,"Recently thinned RRG, some coppiced, some dead RRG ~20m, RRG cover ~15%; litter 40%",2829,3430,1.138,0.138,17,26,57,28,31,42,Silty clay,5.37,4.35,0.1361,25.0,8.817,1478,1332,334,344,44400,0,0,1340,0,14,50,18,40500,3980,2970,607,0,416,25,219,20,177,0,0,55,n,0.027,1.027,,19.04,1.2,-23.39,3.42,,,,,,,,116.36,20.74,225.86,24.92,5.903,7.271,1.187,14.26,4.519,0.0928,0.0008,32.118,68.9471
FCNSW_130_2020-02-04_T2_P2,FCNSW_130,FC NSW 1022,2020-02-04,2,2,144.383235,-35.780596,,80.730003,4.570000,0.710007,n,0,30,"Very disturbed site, RRG 5% coppiced / thinned, few chenopods",2829,4030,1.16,0.16,16,40,44,25,35,41,Silty clay,5.16,3.95,0.0569,20.0,12.103,800,866,184,232,26900,0,0,723,0,17,39,15,34300,2790,2000,1110,0,168,18,359,21,127,0,0,52,n,0.024,1.024,,13.48,1.17,-24.15,3.54,,,,,,,,80.86,14.71,199.74,20.59,4.387,3.266,1.059,19.7,3.763,0.0852,0.0006,32.624,68.3251
FCNSW_131_2020-02-04_T2_P3,FCNSW_131,FC NSW 1023,2020-02-04,2,3,144.384195,-35.780728,,80.694283,4.534280,0.674286,m,0,30,Mainly young RRG 30%; many branches; sedges 5%; Themeda; Litter 90%,2829,3140,1.138,0.138,18,46,36,25,39,35,Silty clay loam,5.14,4.27,0.0939,15.0,13.658,818,803,162,258,28900,0,0,810,0,17,41,13,33800,3600,2290,1250,0,162,19,386,17,135,0,0,50,n,0.022,1.022,,15.48,1.34,-28.69,3.79,,,,,,,,134.77,19.33,289.08,27.12,6.507,3.447,2.554,22.02,5.092,0.1118,0.0008,31.929,69.333
FCNSW_132_2020-02-04_T2_P4,FCNSW_132,FC NSW 1024,2020-02-04,2,4,144.384389,-35.780678,,80.019997,3.859990,0.000000,y,0,30,Mature RRG + saplings 30%; Juncus 10%; Litter 70%,2829,3430,1.136,0.136,22,47,31,31,39,31,Silty clay loam,5.62,4.31,0.0309,13.0,19.831,784,692,144,158,23400,0,0,758,0,0,36,12,26100,2780,1790,604,0,131,15,332,17,74,0,0,42,n,0.018,1.018,,10.32,1.03,-17.68,3.53,,,,,,,,71.91,5.58,154.65,12.68,0.1,0.65,1.037,13.71,2.564,0.1113,0.0008,30.136,70.7746
FCNSW_133_2020-02-04_T3_P1,FCNSW_133,FC NSW 1031,2020-02-04,3,1,144.423590,-35.862426,,82.900002,6.740000,0.000000,n,0,30,"Red gum, Black box, juncus",2829,3400,1.109,0.109,25,41,34,30,40,30,Silty clay loam,5.58,4.45,0.0708,15.0,10.286,718,795,176,260,26700,0,0,776,0,20,39,15,32700,3640,2280,1360,0,200,21,283,16,100,0,0,50,n,0.02,1.02,,22.87,1.18,-27.66,2.58,,,,,,,,155.12,13.79,288.92,21.65,1.463,1.917,3.448,19.1,4.639,0.1333,0.0009,28.582,72.101
FCNSW_134_2020-02-04_T3_P2,FCNSW_134,FC NSW 1032,2020-02-04,3,2,144.424764,-35.862395,,82.980003,6.820000,0.080002,n,0,30,"Red gum, grey box, juncus, ""cherry berry""",2829,3360,1.128,0.128,23,41,36,30,39,30,Silty clay loam,5.56,4.37,0.0777,16.0,15.703,920,929,236,342,30000,0,0,878,0,15,40,15,30900,4130,2510,1060,0,289,20,241,17,108,0,0,52,n,0.022,1.022,,17.03,1.39,-23.69,3.92,,,,,,,,87.09,15.81,238.77,25.42,1.29,5.554,2.016,23.01,3.593,0.111,0.0009,30.167,70.6708
FCNSW_135_2020-02-04_T3_P3,FCNSW_135,FC NSW 1033,2020-02-04,3,3,144.425550,-35.862260,,83.300003,7.140000,0.400002,n,0,30,"Grey box, sparse juncus, last logged >10 years ago",2829,3200,1.111,0.111,20,51,29,25,43,32,Silty clay loam,5.3,4.31,0.0846,13.0,17.279,696,675,164,230,26200,0,0,715,0,18,40,13,31000,3830,2350,1160,0,195,19,290,16,119,0,0,51,n,0.019,1.019,,24.14,1.33,-27.92,3.55,,,,,,,,72.41,10.89,185.59,15.46,0.88,2.604,1.324,24.31,4.184,0.1043,0.0008,29.762,71.0053
FCNSW_136_2020-02-04_T3_P4,FCNSW_136,FC NSW 1034,2020-02-04,3,4,144.425970,-35.862151,,83.500000,7.340000,0.599998,n,0,30,"Very mature red gum, cherry bush",2829,2840,1.116,0.116,15,59,26,25,45,30,Silty clay loam,5.68,4.86,0.0843,14.0,17.257,1084,757,146,312,24500,0,0,1170,0,0,37,12,20800,3770,2500,471,0,158,18,266,16,126,0,0,47,n,0.018,1.018,,16.64,1.57,-26.69,3.98,,,,,,,,90.34,12.55,200.2,19.58,1.472,2.746,1.451,25.45,4.506,0.169,0.0011,27.725,72.9865
FCNSW_137_2020-02-04_T4_P1,FCNSW_137,FC NSW 1041,2020-02-04,4,1,144.344410,-35.748250,,80.510002,4.350000,1.200005,n,0,30,"Mature RRG + saplings, Juncus, litter 75%",2829,3480,1.135,0.135,21,33,46,31,28,41,Silty clay,5.54,4.68,0.175,22.0,12.163,1608,1233,308,370,44600,0,0,1660,0,22,50,21,42400,4460,3010,1420,0,473,27,391,22,146,0,0,58,n,0.029,1.029,,15.95,1.56,-23.67,4.97,,,,,,,,143.18,26.95,237.65,31.51,7.286,10.354,1.572,25.36,5.215,0.1226,0.001,31.021,70.1862
FCNSW_138_2020-02-04_T4_P2,FCNSW_138,FC NSW 1042,2020-02-04,4,2,144.344410,-35.749030,,79.570000,3.410000,0.260002,n,0,30,"Mix mature and juv RRG 30%, 1% juncus, pig disturbance",2829,3430,1.147,0.147,23,25,52,34,30,36,Clay,5.28,4.42,0.0891,21.0,15.29,1466,970,178,318,28100,0,0,1480,0,0,38,15,20800,2930,2110,539,0,156,16,280,19,251,0,0,50,n,0.025,1.025,,21.39,1.48,-24.82,3.01,,,,,,,,81.26,20.64,165.38,26.14,11.798,2.632,1.063,16.31,4.421,0.1241,0.0009,31.813,69.5069
FCNSW_139_2020-02-04_T4_P3,FCNSW_139,FC NSW 1043,2020-02-04,4,3,144.344070,-35.749570,,79.440002,3.280000,0.130005,n,0,30,"Mature RRG, pig disturbance, litter 80%",2829,3310,1.125,0.125,26,27,47,38,29,33,Silty clay,5.36,4.52,0.097,17.0,24.002,1294,797,140,258,27200,0,0,1260,0,0,36,13,17900,2960,1850,339,0,139,14,227,17,135,0,0,45,n,0.022,1.022,,16.68,1.2,-27.31,1.67,,,,,,,,63.78,26.79,150.81,34.19,16.526,5.911,1.178,17.57,4.688,0.1493,0.001,30.417,70.7359
FCNSW_140_2020-02-04_T4_P4,FCNSW_140,FC NSW 1044,2020-02-04,4,4,144.344190,-35.750010,,79.309998,3.149990,0.000000,n,0,30,"60% mature RRG, disturbance by pigs, 40% litter",2829,3810,1.113,0.113,21,31,49,31,32,37,Silty clay,5.28,4.31,0.0711,17.0,24.716,1256,750,132,268,27300,0,0,1150,0,0,38,14,18000,3140,1850,380,0,137,16,240,18,134,0,0,46,n,0.021,1.021,,10.01,1.25,-17.12,3.37,,,,,,,,40.52,18,123.46,22.49,9.491,3.712,0.859,14.64,3.054,0.1389,0.0009,30.83,70.5076
FCNSW_141_2020-02-04_T5_P1,FCNSW_141,FC NSW 1051,2020-02-04,5,1,144.294490,-35.727340,,80.019997,3.859990,1.099998,n,0,30,"RRG 20%, litter 50%",2829,4290,1.088,0.088,31,47,22,38,41,21,Silty loam,6.11,4.95,0.0871,7.0,6.58,664,567,176,128,15900,0,0,766,0,0,25,0,18500,2400,1600,605,0,182,12,188,12,43,0,0,31,n,0.016,1.016,,8.16,0.86,-22.22,4.06,,,,,,,,81.59,10.06,157.77,17.15,3.541,1.701,0.775,8.54,3.72,0.1579,0.0011,29.49,71.4972
FCNSW_142_2020-02-04_T5_P2,FCNSW_142,FC NSW 1052,2020-02-04,5,2,144.295680,-35.728020,,79.650002,3.490000,0.730003,n,0,30,"Juv RRG, coppiced, 25%; Themeda; woody debris 10%; juncus 1%; litter 70%",2829,2970,1.094,0.094,18,50,33,27,41,32,Silty clay loam,5.33,4.25,0.085,17.0,15.767,1248,887,156,284,25400,0,0,1190,0,0,35,13,25600,3240,2060,367,0,152,16,242,15,134,0,0,43,n,0.026,1.026,,17.33,1.39,-24.31,1.83,,,,,,,,117.68,21.41,276.13,27.88,9.522,5.02,0.971,28.92,4.196,0.0937,0.0007,30.498,70.2246
FCNSW_143_2020-02-04_T5_P3,FCNSW_143,FC NSW 1053,2020-02-04,5,3,144.296620,-35.728550,,79.430000,3.270000,0.510002,n,0,30,Some large and some coppiced RRG 30%; shea-oak - type shrub; 5% juncus and themeda; litter 50%,2829,3140,1.082,0.082,17,51,32,25,42,34,Silty clay loam,5.28,4.08,0.0613,12.0,8.783,624,722,138,206,22000,0,0,649,0,12,33,11,20600,2720,1790,357,0,135,14,195,16,83,0,0,38,n,0.023,1.023,,14.8,1,-26.18,2.68,,,,,,,,102.86,17.97,199.07,21.67,9.234,3.329,0.747,15.75,2.938,0.0895,0.0006,32.883,68.2428
FCNSW_144_2020-02-04_T5_P4,FCNSW_144,FC NSW 1054,2020-02-04,5,4,144.297320,-35.728760,,78.919998,2.759990,0.000000,n,0,30,Mature RRG some juv 10%; Juncus 1%; litter 70%,2829,3140,1.113,0.113,23,44,33,29,39,31,Silty clay loam,5.65,4.52,0.0582,11.0,14.769,896,696,126,240,17000,0,0,917,0,0,29,12,14900,2340,1590,358,0,129,12,220,15,136,0,0,35,n,0.021,1.021,,18.84,1.17,-28.88,2.56,,,,,,,,79.85,13.84,212.86,20.95,6.757,2.925,0.846,13.78,4.31,0.1297,0.0009,30.159,70.9493
FCNSW_145_2020-02-03_T6_P1,FCNSW_145,FC NSW 1061,2020-02-03,6,1,144.274284,-35.696733,,79.400002,3.240000,1.459999,n,0,30,"Recently thinned RRG 10%, themeda 5%, chenopod 5%; juncus 2%; litter 80%",2829,3630,1.163,0.163,17,22,60,28,27,45,Clay,6,4.92,0.1074,29.0,8.758,2352,1739,452,488,42400,0,0,2090,0,18,49,22,43200,3140,2910,1130,0,533,28,291,22,145,0,0,53,n,0.032,1.032,,19.26,1.67,-18.96,4.22,,,,,,,,121.76,14.2,331.85,20.6,2.352,3.467,1.208,30.33,5.661,0.1525,0.001,29.881,71.4424
FCNSW_146_2020-02-03_T6_P2,FCNSW_146,FC NSW 1062,2020-02-03,6,2,144.274252,-35.696600,,78.470001,2.310000,0.529999,m,0,30,"RRG 15%; themeda 1%, thistle; litter 50%",2829,3470,1.156,0.156,25,25,50,31,31,38,Silty clay,5.62,4.57,0.0884,19.0,16.463,1578,1137,194,408,28700,0,0,1640,0,0,37,16,24200,2890,2170,424,0,228,17,275,19,129,0,0,47,n,0.027,1.027,,17.13,1.59,-19.97,2.91,,,,,,,,116.78,18.94,238.74,25.67,10.876,4.375,1.165,27.49,4.535,0.1197,0.0009,31.421,69.6456
FCNSW_147_2020-02-03_T6_P3,FCNSW_147,FC NSW 1063,2020-02-03,6,3,144.274289,-35.696551,,78.050003,1.890000,0.110001,y,0,30,"Disturbed by logging, RRG ~5m; litter 80%",2829,3820,1.154,0.154,28,25,47,34,28,38,Silty clay,5.94,4.82,0.0759,19.0,27.887,1634,978,184,324,22700,0,0,1500,0,0,31,15,16800,2500,1780,437,0,184,14,244,17,122,0,0,42,n,0.022,1.022,,15.37,1.27,-27.39,2.63,,,,,,,,55.07,12.19,200.92,19,8.22,1.068,0.855,16.77,3.628,0.1778,0.0009,31.098,70.2227
FCNSW_148_2020-02-03_T6_P4,FCNSW_148,FC NSW 1064,2020-02-03,6,4,144.274307,-35.696518,,77.940002,1.780000,0.000000,y,0,30,"Mature and juv RRG 15%; 70% litter, surface self-mulching",2829,3710,1.181,0.181,21,21,58,31,27,42,Clay,5.74,4.66,0.0825,19.0,55.358,2040,1159,190,468,29300,0,0,1740,0,0,38,18,21200,3260,2100,519,0,191,17,401,21,139,0,0,56,n,0.025,1.025,,11.67,1.39,-24.78,4.37,,,,,,,,60.73,17.74,176.04,26.14,15.475,1.261,0.587,17.56,3.25,0.1216,0.0007,30.292,70.6252
FCNSW_149_2020-02-04_T7_P1,FCNSW_149,FC NSW 1071,2020-02-04,7,1,144.239511,-35.678113,,78.860001,2.700000,1.180000,n,0,30,"Mature and Juv RRG, forbs, shrub 30%, juncus 1%, thatch of litter, 100%",2829,3440,1.101,0.101,26,50,25,36,43,21,Silty loam,6.24,5.17,0.1108,14.0,6.358,1370,714,184,270,15400,0,0,1660,0,0,26,11,25500,2480,1640,755,0,194,14,265,14,109,0,0,32,n,0.015,1.015,,20.9,1.09,-23.78,3.4,,,,,,,,72.13,11.09,171.63,19.18,3.195,1.825,0.712,20.8,3.325,0.1813,0.0011,27.924,72.6218
FCNSW_150_2020-02-04_T7_P2,FCNSW_150,FC NSW 1072,2020-02-04,7,2,144.238774,-35.677261,,78.330002,2.170000,0.650002,n,0,30,"Recently thinned RRG 15%, juncus 15%, harvest disturbance",2829,3100,1.091,0.091,27,39,35,33,34,32,Silty clay loam,5.62,4.47,0.0566,13.0,13.119,968,807,134,312,18900,0,0,882,0,0,28,11,19200,2360,1590,514,0,108,12,236,15,104,0,0,35,n,0.019,1.019,,14,1.29,-31.29,2.35,,,,,,,,143.51,18.33,266,24.58,5.275,6.841,1.36,18.48,4.878,0.1282,0.0009,29.723,70.9799
FCNSW_151_2020-02-04_T7_P3,FCNSW_151,FC NSW 1073,2020-02-04,7,3,144.238588,-35.676544,,78.209999,2.050000,0.529999,n,0,30,"Recently thinned RRG 20%, juncus 1%, themeda 3%, harvest disturbance; thatch of litter 100%",2829,3100,1.086,0.086,37,31,32,41,32,27,Silty clay loam,5.74,4.64,0.0525,15.0,8.246,1326,665,120,274,36500,0,12,1160,0,0,41,0,17300,5860,2110,386,0,163,14,221,13,148,0,0,37,n,0.017,1.017,,12.76,1.29,-30.13,3.17,,,,,,,,92.92,18.78,216.1,25.19,8.312,6.145,1.403,14.43,3.628,0.1324,0.001,28.224,72.4914
FCNSW_152_2020-02-04_T7_P4,FCNSW_152,FC NSW 1074,2020-02-04,7,4,144.237507,-35.675924,,77.680000,1.520000,0.000000,n,0,30,Recently thinned RRG 5% coverage from coppiced remaining stand; litter 80%,2829,3150,1.095,0.095,35,40,25,40,34,26,Silty loam,5.76,4.66,0.0696,21.0,16.481,1172,673,118,268,32700,0,0,1220,0,0,39,11,16400,4980,2020,395,0,168,14,209,14,154,0,0,36,n,0.016,1.016,,11.94,1.14,-22.54,2.77,,,,,,,,71.51,18.15,203.16,24.42,14.728,3.134,0.733,15.88,2.748,0.1245,0.0008,32.429,68.018
FCNSW_153_2020-02-03_T8_P1,FCNSW_153,FC NSW 1081,2020-02-03,8,1,144.232062,-35.593180,,77.180000,1.020000,1.019997,n,0,30,"Recently thinned RRG 15%, 95% litter, appears to be perched vertosol (black)",2829,3400,1.093,0.093,23,27,50,30,31,38,Silty clay,6.66,5.72,0.2845,21.0,22.12,2422,1446,526,538,62100,0,19,3030,0,16,56,22,37200,9590,4460,1210,0,864,28,371,16,164,0,0,62,n,0.027,1.027,,18.94,1.5,-28.25,4.01,,,,,,,,141.52,21.04,273.37,27.62,5.67,6.906,0.97,21.74,4.849,0.1701,0.001,28.567,72.1175
FCNSW_154_2020-02-03_T8_P2,FCNSW_154,FC NSW 1082,2020-02-03,8,2,144.231292,-35.593209,,76.559998,0.399990,0.399994,n,0,30,Old RRG with some coppiced 15%; Juncus 10%; litter 90%,2829,3230,1.096,0.096,28,33,39,32,34,34,Silty clay loam,6.03,4.97,0.0952,20.0,14.752,1522,976,214,402,45100,0,13,1290,0,0,45,14,24500,7570,2990,414,0,317,18,213,15,139,0,0,45,n,0.022,1.022,,23.63,1.85,-27.69,2,,,,,,,,203.4,28.93,375.95,35.38,11.089,10.315,2.122,27.17,5.603,0.1547,0.0011,28.801,71.9825
FCNSW_155_2020-02-03_T8_P3,FCNSW_155,FC NSW 1083,2020-02-03,8,3,144.230001,-35.592745,,76.260002,0.100000,0.099998,n,0,30,Mature RRG recently thinned; litter 100%,2829,3210,1.07,0.07,32,34,34,38,33,29,Silty clay loam,5.46,4.64,0.0723,15.0,16.083,1192,574,122,336,39200,0,12,1170,0,0,41,13,20300,6640,2470,426,0,200,16,268,14,137,0,0,42,n,0.016,1.016,,12.11,1.23,-28.84,2.83,,,,,,,,112.46,16.73,243.56,20.37,8.186,5.012,1.252,16.78,4.012,0.1201,0.0008,31.031,69.9536
FCNSW_156_2020-02-03_T8_P4,FCNSW_156,FC NSW 1084,2020-02-03,8,4,144.229216,-35.592304,,76.160004,0.000000,0.000000,n,0,30,"V large RRG stumps, mature and juv RRG 40%; litter 90%; self-mulching",2829,3250,1.079,0.079,33,35,32,44,32,25,Silty clay loam,5.91,4.5,0.0682,16.0,17.514,1302,673,134,304,37100,0,10,1230,0,0,39,13,18300,5990,2340,368,0,189,16,251,14,140,0,0,39,n,0.016,1.016,,16.26,1.58,-26.95,3.39,,,,,,,,107.25,15.32,246.89,20.12,6.549,3.983,1.107,19.14,4.019,0.1305,0.001,30.409,70.3885
FCNSW_157_2020-02-04_T9_P1,FCNSW_157,FC NSW 1091,2020-02-04,9,1,144.423864,-35.825089,,82.180000,6.020000,1.050003,n,0,30,"River red gum 50% coverage, thick litter, Juncus",2829,2950,1.122,0.122,24,39,37,26,39,35,Silty clay loam,5.48,4.29,0.0657,11.0,7.316,790,584,122,234,41300,0,13,930,0,0,48,13,26000,6710,2860,460,0,193,20,211,16,117,0,0,49,n,0.018,1.018,,13.82,1.4,-29.2,4.28,,,,,,,,145.09,13.14,299.94,22.74,1.086,3.691,2.196,16.59,4.299,0.1336,0.0009,28.886,71.9088
FCNSW_158_2020-02-04_T9_P2,FCNSW_158,FC NSW 1092,2020-02-04,9,2,144.422807,-35.825348,,82.230003,6.070000,1.100006,n,0,30,"River red gum, 60% litter coverage, sparse Juncus",2829,3180,1.121,0.121,28,41,31,33,36,32,Silty clay loam,6.07,4.88,0.0695,13.0,12.337,1018,622,126,240,40100,0,12,1120,0,0,47,12,24600,7130,2880,425,0,192,18,193,15,118,0,0,46,n,0.02,1.02,,20.89,1.78,-23.86,3.27,,,,,,,,123.32,13.24,310.43,24.26,1.677,3.29,1.8,25.59,4.328,0.1529,0.0011,27.675,72.89
FCNSW_159_2020-02-04_T9_P3,FCNSW_159,FC NSW 1093,2020-02-04,9,3,144.422034,-35.825474,,81.919998,5.759990,0.790001,n,0,30,"River red gum, 30% juncus, 100% litter cover",2829,3180,1.12,0.12,36,35,29,39,32,29,Silty clay loam,5.45,4.16,0.0486,12.0,5.99,664,689,170,212,40600,0,12,797,0,15,48,13,31100,6640,2810,1190,0,248,20,259,17,142,0,0,48,n,0.016,1.016,,17.17,0.95,-25.12,4.25,,,,,,,,99.32,11.23,207.04,17.9,1.871,1.513,2.118,17.66,3.169,0.1476,0.001,30.316,70.7959
FCNSW_160_2020-02-04_T9_P4,FCNSW_160,FC NSW 1094,2020-02-04,9,4,144.421747,-35.825765,,81.129997,4.969990,0.000000,y,0,30,"Juvenile river red gum, 20% juncus, 100% leaf litter",2829,3530,1.063,0.063,69,19,13,70,20,11,Loam,5.69,4.31,0.0363,6.2,10.072,346,313,112,92,16400,0,0,434,0,0,22,0,11800,3000,1170,263,0,126,0,138,0,74,0,0,20,n,0.008,1.008,,11.36,0.71,-27.49,4.23,,,,,,,,65.94,5.54,172.3,10.82,0.281,0.658,1.158,9.88,2.571,0.1712,0.001,27.739,73.1524
FCNSW_161_2020-10-13_T0_P1,FCNSW_161,FC NSW 1001,2020-10-13,0,1,144.425419,-35.733890,,80.570000,4.410000,0.300003,n,0,30,"Few mature RRG, many samplings, some copiced; distrurbed area; 95% litter cover, grey vertosol",2829,3830,1.134,0.134,17,25,58,31,28,42,Clay,6.24,5.45,0.179,27.0,12.429,2420,1554,430,492,43400,0,10,2130,0,21,44,21,37500,4920,4120,773,0,577,27,196,21,121,0,0,59,n,0.026,1.026,,12.83,1.15,-16.83,2.81,,,,,,,,111.49,50,268.32,62.74,19.71,5.53,0.81,29.45,5.291,0.1203,0.0009,28.594,72.0376
FCNSW_162_2020-10-13_T0_P2,FCNSW_162,FC NSW 1002,2020-10-13,0,2,144.425642,-35.734851,,80.779999,4.620000,0.510002,n,0,30,"Sparse mature and juvenile RRG, coverage 10%; disturbed area; 50% litter cover",2829,3700,1.102,0.102,35,26,39,43,29,28,Silty clay loam,6.05,4.88,0.067,17.0,15.48,1236,846,222,290,30400,0,0,1220,0,13,37,17,28700,4050,2660,795,0,262,20,289,18,132,0,0,51,n,0.02,1.02,,9.05,0.91,-24.05,4.08,,,,,,,,78.18,8.2,167.36,10.49,2.32,1.49,0.86,14.64,4.583,0.1277,0.0009,28.344,72.3992
FCNSW_163_2020-10-13_T0_P3,FCNSW_163,FC NSW 1003,2020-10-13,0,3,144.425268,-35.735180,,80.739998,4.579990,0.470001,n,0,30,"Mature RRG, some juveniles, juncus, 90% litter",2829,3340,1.122,0.122,25,31,43,36,35,29,Silty clay,6.08,4.89,0.107,20.0,16.327,1430,952,264,378,34300,0,0,1580,0,21,39,20,34500,4870,3340,1420,0,352,24,295,19,121,0,0,56,n,0.024,1.024,,15.96,1.38,-26.76,3.49,,,,,,,,97.05,11.26,244.74,19.75,7.85,2.85,1.02,24.07,6.423,0.1429,0.001,28.268,72.4195
FCNSW_164_2020-10-13_T0_P4,FCNSW_164,FC NSW 1004,2020-10-13,0,4,144.425377,-35.735393,,80.269997,4.109990,0.000000,n,0,30,"Young RRG ~5m height, 5% juncus, 10% canopy, 90% litter",2829,3240,1.063,0.063,63,21,16,63,24,14,Loam,5.55,4.49,0.062,9.0,14.933,736,409,114,164,14300,0,0,700,0,0,20,0,12400,2360,1390,180,0,105,0,188,10,124,0,0,27,n,0.01,1.01,,10.99,1.2,-21.77,4.43,,,,,,,,72.2,22.47,152.58,29.89,11.45,3.61,0.76,19.6,4.971,0.0908,0.0008,30.525,70.2276
FCNSW_165_2020-10-13_T1_P1,FCNSW_165,FC NSW 1011,2020-10-13,1,1,144.417459,-35.745008,,81.370003,5.210000,1.810005,n,0,30,"Mature grey box, 30% canopy; 5% bluebush; 2% moss; 60% litter",2829,3560,1.096,0.096,58,24,18,54,26,20,Loam,8.61,7.71,0.207,19.0,44.73,2118,832,177,558,29000,0,18,14500,0,11,30,24,24700,6600,5860,1440,0,327,25,1030,13,171,0,0,68,y,0.02,1.02,,13.08,1.08,-24.39,1.98,,,,,,,,117.41,13.59,299.75,25.19,2.87,0.42,0.58,27.37,6.719,0.1293,0.0014,23.415,76.0092
FCNSW_166_2020-10-13_T1_P2,FCNSW_166,FC NSW 1012,2020-10-13,1,2,144.417561,-35.745289,,80.519997,4.359990,0.959999,n,0,30,"Mature RRG, 10% cover; 1% small saplings; 75% litter cover",2829,3790,1.124,0.124,29,22,49,36,29,35,Clay,5.96,4.84,0.127,23.0,11.435,1730,1373,346,514,37900,0,0,1590,0,20,41,20,32500,4940,3580,1180,0,416,26,219,22,121,0,0,59,n,0.021,1.021,,18.07,1.86,-22.97,3.04,,,,,,,,88.39,25.49,208.97,33.02,15.09,3.82,0.84,14.03,4.401,0.1108,0.0008,29.355,71.4205
FCNSW_167_2020-10-13_T1_P3,FCNSW_167,FC NSW 1013,2020-10-13,1,3,144.417647,-35.745413,,80.190002,4.030000,0.630005,m,0,30,"Mature RRG, 10% cover; Juvenile RRG 1%; Juncus 1%; Chenopod 1%; Litter 60%",2829,3840,1.097,0.097,39,24,38,43,27,30,Clay loam,5.92,4.76,0.091,20.0,15.776,1458,968,220,338,27800,0,0,1810,0,12,33,16,25400,3770,2300,552,0,277,17,247,18,183,0,0,47,n,0.017,1.017,,14.23,1.4,-29,1.54,,,,,,,,78.89,19.1,205.33,27.82,9.95,2.34,0.88,23.05,3.986,0.1361,0.001,29.486,71.3651
FCNSW_168_2020-10-13_T1_P4,FCNSW_168,FC NSW 1014,2020-10-13,1,4,144.417776,-35.745531,,79.559998,3.399990,0.000000,y,0,30,"Mature RRG <10%; Juncus 5%, lots of dead wood; 50% litter",2829,3740,1.081,0.081,55,23,23,58,23,19,Loam,6.35,4.95,0.045,9.9,22.362,880,511,136,204,15900,0,0,846,0,0,22,0,12700,2550,1440,211,0,144,10,168,12,113,0,0,30,n,0.014,1.014,,12.84,1.32,-17.54,3.86,,,,,,,,49.32,3.26,130.04,7.65,1.06,0.35,0.42,13.98,3.233,0.1877,0.001,28.201,72.654
FCNSW_169_2020-10-13_T2_P1,FCNSW_169,FC NSW 1021,2020-10-13,2,1,144.382395,-35.780812,,81.239998,5.079990,1.220001,n,0,30,"Recently thinned RRG, some coppiced, some dead RRG ~20m, RRG cover ~15%; litter 40%",2829,3430,1.157,0.157,17,26,57,28,31,42,Silty clay,5.39,4.28,0.114,25.0,7.396,1478,1332,334,344,44400,0,0,1340,0,14,50,18,40500,3980,2970,607,0,416,25,219,20,177,0,0,55,n,0.027,1.027,,11.55,1.02,-27.33,2.99,,,,,,,,146.07,16.86,246.41,28.86,9,2.92,1.84,14.26,4.412,0.0842,0.0007,33.619,67.5098
FCNSW_170_2020-10-13_T2_P2,FCNSW_170,FC NSW 1022,2020-10-13,2,2,144.383235,-35.780596,,80.730003,4.570000,0.710007,n,0,30,"Very disturbed site, RRG 5% coppiced / thinned, few chenopods",2829,4030,1.15,0.15,16,40,44,25,35,41,Silty clay,5.19,3.94,0.058,20.0,11.163,800,866,184,232,26900,0,0,723,0,17,39,15,34300,2790,2000,1110,0,168,18,359,21,127,0,0,52,n,0.024,1.024,,14.12,1.13,-27.07,3.35,,,,,,,,102.93,13.15,179.25,15.09,6.8,2.27,1.28,19.7,3.934,0.086,0.0006,33.377,67.8279
FCNSW_171_2020-10-13_T2_P3,FCNSW_171,FC NSW 1023,2020-10-13,2,3,144.384195,-35.780728,,80.694283,4.534280,0.674286,m,0,30,Mainly young RRG 30%; many branches; sedges 5%; Themeda; Litter 90%,2829,3140,1.144,0.144,18,46,36,25,39,35,Silty clay loam,5.29,4.12,0.06,15.0,14.563,818,803,162,258,28900,0,0,810,0,17,41,13,33800,3600,2290,1250,0,162,19,386,17,135,0,0,50,n,0.023,1.023,,10.76,1.05,-27.53,3.12,,,,,,,,107.82,12.64,212.54,17.89,7.23,1.32,1.24,22.02,5.576,0.1066,0.0007,30.26,70.5081
FCNSW_172_2020-10-13_T2_P4,FCNSW_172,FC NSW 1024,2020-10-13,2,4,144.384389,-35.780678,,80.019997,3.859990,0.000000,y,0,30,Mature RRG + saplings 30%; Juncus 10%; Litter 70%,2829,3430,1.218,0.124,22,47,31,31,39,31,Silty clay loam,5.73,4.3,0.059,13.0,14.904,784,692,144,158,23400,0,0,758,0,0,36,12,26100,2780,1790,604,0,131,15,332,17,74,0,0,42,n,0.024,1.024,,12.9,1.24,-23.6,4.44,,,,,,,,79.5,8.77,148.88,16.43,0,0.52,0.86,13.71,3.514,0.1197,0.0007,31.195,69.7776
FCNSW_173_2020-10-13_T3_P1,FCNSW_173,FC NSW 1031,2020-10-13,3,1,144.423590,-35.862426,,82.900002,6.740000,0.000000,n,0,30,"Red gum, Black box, juncus",2829,3400,1.123,0.123,25,41,34,30,40,30,Silty clay loam,5.6,4.36,0.062,15.0,12.486,718,795,176,260,26700,0,0,776,0,20,39,15,32700,3640,2280,1360,0,200,21,283,16,100,0,0,50,n,0.019,1.019,,14.74,1.38,-25.84,3.06,,,,,,,,115.54,14.91,274.22,31.48,0.38,1.11,1.65,19.1,5.96,0.1091,0.0007,28.738,71.6703
FCNSW_174_2020-10-13_T3_P2,FCNSW_174,FC NSW 1032,2020-10-13,3,2,144.424764,-35.862395,,82.980003,6.820000,0.080002,n,0,30,"Red gum, grey box, juncus, ""cherry berry""",2829,3360,1.132,0.132,23,41,36,30,39,30,Silty clay loam,5.52,4.41,0.072,16.0,13.851,920,929,236,342,30000,0,0,878,0,15,40,15,30900,4130,2510,1060,0,289,20,241,17,108,0,0,52,n,0.02,1.02,,9.99,1.09,-29.21,3.28,,,,,,,,110.74,11.28,185.74,20.93,0,0.76,1.17,23.01,4.267,0.103,0.0009,28.944,71.495
FCNSW_175_2020-10-13_T3_P3,FCNSW_175,FC NSW 1033,2020-10-13,3,3,144.425550,-35.862260,,83.300003,7.140000,0.400002,n,0,30,"Grey box, sparse juncus, last logged >10 years ago",2829,3200,1.16,0.16,20,51,29,25,43,32,Silty clay loam,5.5,4.4,0.081,13.0,16.289,696,675,164,230,26200,0,0,715,0,18,40,13,31000,3830,2350,1160,0,195,19,290,16,119,0,0,51,n,0.02,1.02,,15.33,1.27,-24.51,3.58,,,,,,,,128.77,14.51,198.32,24.68,0.31,1.14,1.57,24.31,5.119,0.1026,0.001,27.842,72.6735
FCNSW_176_2020-10-13_T3_P4,FCNSW_176,FC NSW 1034,2020-10-13,3,4,144.425970,-35.862151,,83.500000,7.340000,0.599998,n,0,30,"Very mature red gum, cherry bush",2829,2840,1.186,0.186,15,59,26,25,45,30,Silty clay loam,5.81,4.73,0.063,14.0,19.648,1084,757,146,312,24500,0,0,1170,0,0,37,12,20800,3770,2500,471,0,158,18,266,16,126,0,0,47,n,0.018,1.018,,15.41,1.44,-25.35,3.51,,,,,,,,128.62,15.54,263.52,44.83,0.48,1.73,2.14,25.45,6.27,0.1625,0.001,28.427,72.1916
FCNSW_177_2020-10-14_T4_P1,FCNSW_177,FC NSW 1041,2020-10-14,4,1,144.344410,-35.748250,,80.510002,4.350000,1.200005,n,0,30,"Mature RRG + saplings, Juncus, litter 75%",2829,3480,1.15,0.15,21,33,46,31,28,41,Silty clay,5.44,4.66,0.294,22.0,8.879,1608,1233,308,370,44600,0,0,1660,0,22,50,21,42400,4460,3010,1420,0,473,27,391,22,146,0,0,58,n,0.031,1.031,,8.45,0.87,-21.34,3.98,,,,,,,,131.33,22.88,184.15,27.38,6.99,5.07,0.68,25.36,4.994,0.0614,0.0007,33.678,67.2124
FCNSW_178_2020-10-14_T4_P2,FCNSW_178,FC NSW 1042,2020-10-14,4,2,144.344410,-35.749030,,79.570000,3.410000,0.260002,n,0,30,"Mix mature and juv RRG 30%, 1% juncus, pig disturbance",2829,3430,1.174,0.174,23,25,52,34,30,36,Clay,5.48,4.48,0.08,21.0,21.742,1466,970,178,318,28100,0,0,1480,0,0,38,15,20800,2930,2110,539,0,156,16,280,19,251,0,0,50,n,0.026,1.026,,12.92,1.13,-28.53,3.67,,,,,,,,106.64,27.66,238.92,48.2,18.47,1.7,1.62,16.31,7.011,0.1076,0.0007,31.347,69.6126
FCNSW_179_2020-10-14_T4_P3,FCNSW_179,FC NSW 1043,2020-10-14,4,3,144.344070,-35.749570,,79.440002,3.280000,0.130005,n,0,30,"Mature RRG, pig disturbance, litter 80%",2829,3310,1.155,0.155,26,27,47,38,29,33,Silty clay,5.62,4.46,0.062,17.0,24.094,1294,797,140,258,27200,0,0,1260,0,0,36,13,17900,2960,1850,339,0,139,14,227,17,135,0,0,45,n,0.023,1.023,,15.11,1.25,-27.42,3.34,,,,,,,,65.92,11.69,128.83,18.62,7.3,1.21,0.57,17.57,4.734,0.1252,0.0009,29.206,71.6776
FCNSW_180_2020-10-14_T4_P4,FCNSW_180,FC NSW 1044,2020-10-14,4,4,144.344190,-35.750010,,79.309998,3.149990,0.000000,n,0,30,"60% mature RRG, disturbance by pigs, 40% litter",2829,3810,1.154,0.154,21,31,49,31,32,37,Silty clay,5.38,4.39,0.084,17.0,24.925,1256,750,132,268,27300,0,0,1150,0,0,38,14,18000,3140,1850,380,0,137,16,240,18,134,0,0,46,n,0.022,1.022,,10.33,1.19,-26.44,2.94,,,,,,,,75.75,17.09,157.3,24.68,13.92,1.01,0.64,14.64,4.73,0.1126,0.0009,28.772,71.9709
FCNSW_181_2020-10-14_T5_P1,FCNSW_181,FC NSW 1051,2020-10-14,5,1,144.294490,-35.727340,,80.019997,3.859990,1.099998,n,0,30,"RRG 20%, litter 50%",2829,4290,1.095,0.095,31,47,22,38,41,21,Silty loam,6.14,4.81,0.072,7.0,10.458,664,567,176,128,15900,0,0,766,0,0,25,0,18500,2400,1600,605,0,182,12,188,12,43,0,0,31,n,0.014,1.014,,9.2,0.94,-25.88,3.41,,,,,,,,74.76,7.17,146.74,17.75,0.22,0.22,0.22,8.54,4.306,0.179,0.0011,26.91,73.3525
FCNSW_182_2020-10-14_T5_P2,FCNSW_182,FC NSW 1052,2020-10-14,5,2,144.295680,-35.728020,,79.650002,3.490000,0.730003,n,0,30,"Juv RRG, coppiced, 25%; Themeda; woody debris 10%; juncus 1%; litter 70%",2829,2970,1.129,0.129,18,50,33,27,41,32,Silty clay loam,5.48,4.28,0.053,17.0,15.577,1248,887,156,284,25400,0,0,1190,0,0,35,13,25600,3240,2060,367,0,152,16,242,15,134,0,0,43,n,0.021,1.021,,16.19,1.31,-27.13,1.44,,,,,,,,93.88,18.16,178.3,26.29,6.21,1.48,1.02,28.92,5.203,0.1002,0.0008,29.408,71.2364
FCNSW_183_2020-10-14_T5_P3,FCNSW_183,FC NSW 1053,2020-10-14,5,3,144.296620,-35.728550,,79.430000,3.270000,0.510002,n,0,30,Some large and some coppiced RRG 30%; shea-oak - type shrub; 5% juncus and themeda; litter 50%,2829,3140,1.12,0.12,17,51,32,25,42,34,Silty clay loam,5.19,4.14,0.065,12.0,15.632,624,722,138,206,22000,0,0,649,0,12,33,11,20600,2720,1790,357,0,135,14,195,16,83,0,0,38,n,0.021,1.021,,13.86,1.36,-26.49,3.1,,,,,,,,97.41,25.55,178.92,31.16,16.05,2.1,1.14,15.75,5.388,0.0936,0.0007,30.518,70.293
FCNSW_184_2020-10-14_T5_P4,FCNSW_184,FC NSW 1054,2020-10-14,5,4,144.297320,-35.728760,,78.919998,2.759990,0.000000,n,0,30,Mature RRG some juv 10%; Juncus 1%; litter 70%,2829,3140,1.114,0.114,23,44,33,29,39,31,Silty clay loam,5.63,4.48,0.055,11.0,20.231,896,696,126,240,17000,0,0,917,0,0,29,12,14900,2340,1590,358,0,129,12,220,15,136,0,0,35,n,0.019,1.019,,11.65,1.16,-20.64,2.94,,,,,,,,106.54,12.02,186.69,17.74,7.04,0.78,0.71,13.78,5.813,0.1431,0.0009,28.782,71.8023
FCNSW_185_2020-10-14_T6_P1,FCNSW_185,FC NSW 1061,2020-10-14,6,1,144.274284,-35.696733,,79.400002,3.240000,1.459999,n,0,30,"Recently thinned RRG 10%, themeda 5%, chenopod 5%; juncus 2%; litter 80%",2829,3630,1.198,0.198,17,22,60,28,27,45,Clay,6,4.78,0.097,29.0,9.788,2352,1739,452,488,42400,0,0,2090,0,18,49,22,43200,3140,2910,1130,0,533,28,291,22,145,0,0,53,n,0.037,1.037,,15.81,1.35,-31.45,2.26,,,,,,,,160.94,15.1,311.58,27.06,2.32,2.14,1.23,30.33,5.99,0.1346,0.0011,26.008,74.4326
FCNSW_186_2020-10-14_T6_P2,FCNSW_186,FC NSW 1062,2020-10-14,6,2,144.274252,-35.696600,,78.470001,2.310000,0.529999,m,0,30,"RRG 15%; themeda 1%, thistle; litter 50%",2829,3470,1.174,0.174,25,25,50,31,31,38,Silty clay,5.73,4.53,0.057,19.0,16.495,1578,1137,194,408,28700,0,0,1640,0,0,37,16,24200,2890,2170,424,0,228,17,275,19,129,0,0,47,n,0.03,1.03,,14.19,1.27,-26.11,2.43,,,,,,,,130.51,15.83,233.58,22.39,7.74,1.38,0.94,27.49,4.945,0.1189,0.0009,27.928,72.8284
FCNSW_187_2020-10-14_T6_P3,FCNSW_187,FC NSW 1063,2020-10-14,6,3,144.274289,-35.696551,,78.050003,1.890000,0.110001,y,0,30,"Disturbed by logging, RRG ~5m; litter 80%",2829,3820,1.142,0.142,28,25,47,34,28,38,Silty clay,6.01,4.79,0.05,19.0,30.08,1634,978,184,324,22700,0,0,1500,0,0,31,15,16800,2500,1780,437,0,184,14,244,17,122,0,0,42,n,0.023,1.023,,12.78,1.24,-25.92,2.73,,,,,,,,133.5,7.31,182.36,11.62,3.1,0.7,0.44,16.77,4.157,0.1701,0.0009,28.792,72.1723
FCNSW_188_2020-10-14_T6_P4,FCNSW_188,FC NSW 1064,2020-10-14,6,4,144.274307,-35.696518,,77.940002,1.780000,0.000000,y,0,30,"Mature and juv RRG 15%; 70% litter, surface self-mulching",2829,3710,1.16,0.16,21,21,58,31,27,42,Clay,5.77,4.64,0.061,19.0,58.665,2040,1159,190,468,29300,0,0,1740,0,0,38,18,21200,3260,2100,519,0,191,17,401,21,139,0,0,56,n,0.028,1.028,,11.9,1.33,-25.26,2.24,,,,,,,,85.07,13.24,175.36,18.56,10.99,0.71,0.46,17.56,4.107,0.1294,0.0008,29.045,71.646
FCNSW_189_2020-10-15_T7_P1,FCNSW_189,FC NSW 1071,2020-10-15,7,1,144.239511,-35.678113,,78.860001,2.700000,1.180000,n,0,30,"Mature and Juv RRG, forbs, shrub 30%, juncus 1%, thatch of litter, 100%",2829,3440,1.098,0.098,26,50,25,36,43,21,Silty loam,6.18,5.03,0.105,14.0,9.979,1370,714,184,270,15400,0,0,1660,0,0,26,11,25500,2480,1640,755,0,194,14,265,14,109,0,0,32,n,0.016,1.016,,13.64,1.29,-20.7,2.01,,,,,,,,107.12,7.45,156.58,15.35,0.45,0.57,0.6,20.8,3.428,0.1491,0.0011,28.306,72.1926
FCNSW_190_2020-10-15_T7_P2,FCNSW_190,FC NSW 1072,2020-10-15,7,2,144.238774,-35.677261,,78.330002,2.170000,0.650002,n,0,30,"Recently thinned RRG 15%, juncus 15%, harvest disturbance",2829,3100,1.124,0.124,27,39,35,33,34,32,Silty clay loam,5.63,4.44,0.051,13.0,14.484,968,807,134,312,18900,0,0,882,0,0,28,11,19200,2360,1590,514,0,108,12,236,15,104,0,0,35,n,0.019,1.019,,13.34,1.32,-20.27,2.14,,,,,,,,110.31,15.4,237.7,23.27,3.82,2.79,0.96,18.48,5.527,0.1065,0.0008,29.636,70.9877
FCNSW_191_2020-10-15_T7_P3,FCNSW_191,FC NSW 1073,2020-10-15,7,3,144.238588,-35.676544,,78.209999,2.050000,0.529999,n,0,30,"Recently thinned RRG 20%, juncus 1%, themeda 3%, harvest disturbance; thatch of litter 100%",2829,3100,1.102,0.102,37,31,32,41,32,27,Silty clay loam,5.58,4.53,0.06,15.0,14.747,1326,665,120,274,36500,0,12,1160,0,0,41,0,17300,5860,2110,386,0,163,14,221,13,148,0,0,37,n,0.017,1.017,,12.54,1.25,-26.36,2.21,,,,,,,,92.99,21.76,207.85,38.03,16.73,2.44,0.89,14.43,5.203,0.1187,0.001,27.767,73.0219
FCNSW_192_2020-10-15_T7_P4,FCNSW_192,FC NSW 1074,2020-10-15,7,4,144.237507,-35.675924,,77.680000,1.520000,0.000000,n,0,30,Recently thinned RRG 5% coverage from coppiced remaining stand; litter 80%,2829,3150,1.114,0.114,35,40,25,40,34,26,Silty loam,5.74,4.66,0.06,21.0,18.479,1172,673,118,268,32700,0,0,1220,0,0,39,11,16400,4980,2020,395,0,168,14,209,14,154,0,0,36,n,0.018,1.018,,14.53,1.22,-23.14,3.46,,,,,,,,82.62,14.09,153,21.46,11.16,0.87,0.6,15.88,4.498,0.1161,0.0009,29.873,71.0762
FCNSW_193_2020-10-15_T8_P1,FCNSW_193,FC NSW 1081,2020-10-15,8,1,144.232062,-35.593180,,77.180000,1.020000,1.019997,n,0,30,"Recently thinned RRG 15%, 95% litter, appears to be perched vertosol (black)",2829,3400,1.16,0.16,23,27,50,30,31,38,Silty clay,6.69,5.64,0.238,21.0,19.846,2422,1446,526,538,62100,0,19,3030,0,16,56,22,37200,9590,4460,1210,0,864,28,371,16,164,0,0,62,n,0.03,1.03,,16.15,1.26,-20.35,4.03,,,,,,,,109.86,11.68,236.69,19.91,2.56,1.35,0.67,21.74,5.191,0.1554,0.001,27.939,72.7257
FCNSW_194_2020-10-15_T8_P2,FCNSW_194,FC NSW 1082,2020-10-15,8,2,144.231292,-35.593209,,76.559998,0.399990,0.399994,n,0,30,Old RRG with some coppiced 15%; Juncus 10%; litter 90%,2829,3230,1.13,0.13,28,33,39,32,34,34,Silty clay loam,6.19,5.02,0.075,20.0,13.833,1522,976,214,402,45100,0,13,1290,0,0,45,14,24500,7570,2990,414,0,317,18,213,15,139,0,0,45,n,0.023,1.023,,21.24,1.73,-24.78,4.06,,,,,,,,121.68,20.83,323.84,37.74,8.45,3.74,1.28,27.17,6.107,0.1477,0.0011,27.735,72.8759
FCNSW_195_2020-10-15_T8_P3,FCNSW_195,FC NSW 1083,2020-10-15,8,3,144.230001,-35.592745,,76.260002,0.100000,0.099998,n,0,30,Mature RRG recently thinned; litter 100%,2829,3210,1.106,0.106,32,34,34,38,33,29,Silty clay loam,5.42,4.41,0.067,15.0,20.475,1192,574,122,336,39200,0,12,1170,0,0,41,13,20300,6640,2470,426,0,200,16,268,14,137,0,0,42,n,0.017,1.017,,10.21,1.12,-27.96,4.1,,,,,,,,84.69,18.77,169.82,23.86,12.43,2.07,0.76,16.78,4.861,0.115,0.001,28.489,72.2445
FCNSW_196_2020-10-15_T8_P4,FCNSW_196,FC NSW 1084,2020-10-15,8,4,144.229216,-35.592304,,76.160004,0.000000,0.000000,n,0,30,"V large RRG stumps, mature and juv RRG 40%; litter 90%; self-mulching",2829,3250,1.107,0.107,33,35,32,44,32,25,Silty clay loam,5.46,4.43,0.056,16.0,18.375,1302,673,134,304,37100,0,10,1230,0,0,39,13,18300,5990,2340,368,0,189,16,251,14,140,0,0,39,n,0.017,1.017,,11.84,1.17,-22.83,2.56,,,,,,,,76.91,12.4,162.72,18.92,6.96,1.19,0.72,19.14,3.92,0.113,0.0009,30.304,70.2977
FCNSW_197_2020-10-13_T9_P1,FCNSW_197,FC NSW 1091,2020-10-13,9,1,144.423864,-35.825089,,82.180000,6.020000,1.050003,n,0,30,"River red gum 50% coverage, thick litter, Juncus",2829,2950,1.157,0.157,24,39,37,26,39,35,Silty clay loam,5.4,4.2,0.051,11.0,9.278,790,584,122,234,41300,0,13,930,0,0,48,13,26000,6710,2860,460,0,193,20,211,16,117,0,0,49,n,0.019,1.019,,11.23,1.15,-26.23,2.28,,,,,,,,120.39,13.38,213.54,25.09,0.43,1.1,1.73,16.59,5.049,0.1121,0.0008,29.797,70.8846
FCNSW_198_2020-10-13_T9_P2,FCNSW_198,FC NSW 1092,2020-10-13,9,2,144.422807,-35.825348,,82.230003,6.070000,1.100006,n,0,30,"River red gum, 60% litter coverage, sparse Juncus",2829,3180,1.146,0.146,28,41,31,33,36,32,Silty clay loam,5.77,4.72,0.064,13.0,12.562,1018,622,126,240,40100,0,12,1120,0,0,47,12,24600,7130,2880,425,0,192,18,193,15,118,0,0,46,n,0.019,1.019,,8.98,0.85,-30.64,4.06,,,,,,,,140.3,12.51,246.45,27.6,0.23,1.16,1.58,25.59,6.054,0.155,0.001,28.587,72.0778
FCNSW_199_2020-10-13_T9_P3,FCNSW_199,FC NSW 1093,2020-10-13,9,3,144.422034,-35.825474,,81.919998,5.759990,0.790001,n,0,30,"River red gum, 30% juncus, 100% litter cover",2829,3180,1.151,0.151,36,35,29,39,32,29,Silty clay loam,5.55,4.36,0.053,12.0,11.709,664,689,170,212,40600,0,12,797,0,15,48,13,31100,6640,2810,1190,0,248,20,259,17,142,0,0,48,n,0.018,1.018,,10.47,1.24,-18.99,3.63,,,,,,,,143.76,14.23,244.27,28.94,0.08,1.07,2.49,17.66,6.085,0.1382,0.001,27.935,72.7861
FCNSW_200_2020-10-13_T9_P4,FCNSW_200,FC NSW 1094,2020-10-13,9,4,144.421747,-35.825765,,81.129997,4.969990,0.000000,y,0,30,"Juvenile river red gum, 20% juncus, 100% leaf litter",2829,3530,1.059,0.059,69,19,13,70,20,11,Loam,5.69,4.3,0.034,6.2,13.948,346,313,112,92,16400,0,0,434,0,0,22,0,11800,3000,1170,263,0,126,0,138,0,74,0,0,20,n,0.009,1.009,,10.01,0.64,-26.07,3.9,,,,,,,,88.25,6.63,150.18,15.27,0.21,0.59,1.02,9.88,3.284,0.1507,0.001,28.722,71.8063