Wavenumber,FCNSWJuly19_1021.spa
7999.27978515625,0.5191177129745483
7995.422851794868,0.5101749897003174
7991.5659184334845,0.5119605660438538
7987.708985072102,0.5191017389297485
7983.852051710719,0.5191348791122437
7979.995118349337,0.5144129991531372
7976.138184987954,0.5086522698402405
7972.281251626571,0.506777822971344
7968.424318265189,0.5124385952949524
7964.567384903806,0.5187203884124756
7960.7104515424235,0.5161667466163635
7956.853518181041,0.518276572227478
7952.996584819658,0.5227198004722595
7949.139651458276,0.5231392979621887
7945.2827180968925,0.5220665335655212
7941.42578473551,0.5188237428665161
7937.568851374128,0.5158931016921997
7933.711918012745,0.5138026475906372
7929.854984651362,0.51093590259552
7925.998051289979,0.5097156763076782
7922.141117928597,0.5119414925575256
7918.284184567215,0.5150831341743469
7914.427251205831,0.5190839171409607
7910.570317844449,0.524945855140686
7906.713384483066,0.5204861164093018
7902.856451121684,0.5090126991271973
7898.999517760301,0.5024330615997314
7895.142584398918,0.5021002888679504
7891.285651037536,0.5068107843399048
7887.428717676153,0.5116023421287537
7883.57178431477,0.5127339959144592
7879.714850953388,0.5182082653045654
7875.857917592005,0.5179101228713989
7872.000984230623,0.5136626958847046
7868.144050869239,0.5092142820358276
7864.287117507857,0.5089062452316284
7860.430184146475,0.5140962600708008
7856.573250785092,0.5207199454307556
7852.716317423709,0.5170443058013916
7848.859384062326,0.5074107646942139
7845.002450700944,0.5113129615783691
7841.145517339562,0.5163325667381287
7837.288583978178,0.505500078201294
7833.431650616796,0.5017229318618774
7829.574717255413,0.5089142918586731
7825.717783894031,0.50827956199646
7821.860850532648,0.5068882703781128
7818.003917171265,0.510117769241333
7814.146983809883,0.5118180513381958
7810.2900504485,0.5118411183357239
7806.433117087117,0.5183506011962891
7802.576183725735,0.5233702063560486
7798.719250364352,0.5244431495666504
7794.86231700297,0.5252420902252197
7791.005383641586,0.5215907692909241
7787.148450280204,0.5163047909736633
7783.291516918822,0.5116990804672241
7779.434583557439,0.5121713876724243
7775.577650196056,0.5132656097412109
7771.720716834673,0.5129852890968323
7767.863783473291,0.5069665312767029
7764.0068501119085,0.5036122798919678
7760.149916750525,0.5070112943649292
7756.292983389143,0.5112584829330444
7752.43605002776,0.5097124576568604
7748.579116666378,0.504523754119873
7744.722183304995,0.5041542053222656
7740.865249943612,0.5084476470947266
7737.00831658223,0.5118977427482605
7733.151383220847,0.5095099210739136
7729.294449859464,0.5065977573394775
7725.437516498082,0.5109236836433411
7721.580583136699,0.5161523818969727
7717.7236497753165,0.5177234411239624
7713.866716413933,0.518080472946167
7710.009783052551,0.5200209021568298
7706.152849691169,0.5153020024299622
7702.2959163297855,0.5124839544296265
7698.438982968403,0.509564220905304
7694.58204960702,0.5063183903694153
7690.725116245638,0.5083947777748108
7686.868182884255,0.5099322199821472
7683.011249522872,0.5049702525138855
7679.15431616149,0.5025637745857239
7675.297382800107,0.5060425996780396
7671.4404494387245,0.5084431767463684
7667.583516077342,0.5143694281578064
7663.726582715959,0.5156437158584595
7659.869649354577,0.5069000720977783
7656.0127159931935,0.5019004940986633
7652.155782631811,0.5087102651596069
7648.298849270428,0.5140165686607361
7644.441915909046,0.5163936018943787
7640.5849825476635,0.5073676109313965
7636.72804918628,0.5041502714157104
7632.871115824898,0.5093721747398376
7629.014182463516,0.5074038505554199
7625.1572491021325,0.5048682689666748
7621.30031574075,0.510638952255249
7617.443382379367,0.5130995512008667
7613.586449017985,0.5066352486610413
7609.7295156566015,0.5037459135055542
7605.872582295219,0.5061669945716858
7602.015648933837,0.5094121694564819
7598.158715572454,0.5139511823654175
7594.301782211071,0.512121856212616
7590.444848849689,0.5119292140007019
7586.587915488306,0.5202274322509766
7582.730982126924,0.5197804570198059
7578.8740487655405,0.5129210352897644
7575.017115404158,0.5113799571990967
7571.160182042775,0.5146822929382324
7567.303248681393,0.5175527334213257
7563.44631532001,0.5174447298049927
7559.589381958627,0.511926531791687
7555.732448597245,0.5098763108253479
7551.875515235863,0.5117042064666748
7548.018581874479,0.5129818320274353
7544.161648513097,0.5100123882293701
7540.304715151714,0.5089754462242126
7536.447781790332,0.5079161524772644
7532.590848428948,0.5084087252616882
7528.733915067566,0.5164452195167542
7524.876981706184,0.5169627070426941
7521.020048344801,0.5110152959823608
7517.163114983418,0.5121148824691772
7513.306181622036,0.5123072266578674
7509.449248260653,0.5091660022735596
7505.592314899271,0.5054722428321838
7501.735381537887,0.5059738755226135
7497.878448176505,0.5078414082527161
7494.021514815122,0.511557936668396
7490.16458145374,0.5115193128585815
7486.307648092357,0.5053912997245789
7482.450714730974,0.5045438408851624
7478.593781369592,0.5071334838867188
7474.73684800821,0.5081077218055725
7470.879914646826,0.5030009746551514
7467.022981285444,0.5042734742164612
7463.166047924061,0.5090142488479614
7459.309114562679,0.5118832588195801
7455.452181201295,0.510944128036499
7451.595247839913,0.5094034671783447
7447.738314478531,0.5095579624176025
7443.881381117148,0.5103399753570557
7440.024447755765,0.512102484703064
7436.167514394383,0.5129135847091675
7432.310581033,0.5118510127067566
7428.453647671618,0.5101511478424072
7424.596714310234,0.5043684244155884
7420.739780948852,0.5044994950294495
7416.882847587469,0.5112251043319702
7413.025914226087,0.5134474635124207
7409.168980864704,0.5176129937171936
7405.312047503321,0.5166908502578735
7401.455114141939,0.5117459297180176
7397.5981807805565,0.5156024694442749
7393.741247419173,0.5168401598930359
7389.884314057791,0.5158704519271851
7386.027380696408,0.5126287937164307
7382.1704473350255,0.5088434815406799
7378.313513973642,0.5056413412094116
7374.45658061226,0.5057995915412903
7370.599647250878,0.51328444480896
7366.742713889495,0.5197886228561401
7362.885780528112,0.5177463293075562
7359.02884716673,0.51166170835495
7355.171913805347,0.5062490701675415
7351.3149804439645,0.5035106539726257
7347.458047082581,0.5042446255683899
7343.601113721199,0.502370297908783
7339.744180359816,0.5028466582298279
7335.8872469984335,0.5115805864334106
7332.030313637051,0.5141071081161499
7328.173380275668,0.510578989982605
7324.316446914286,0.5106114149093628
7320.459513552903,0.5137428045272827
7316.60258019152,0.5167742967605591
7312.745646830138,0.5156559944152832
7308.888713468755,0.5139783620834351
7305.0317801073725,0.513256847858429
7301.174846745989,0.5088348984718323
7297.317913384607,0.5070232152938843
7293.460980023225,0.5131824612617493
7289.6040466618415,0.5165684223175049
7285.747113300459,0.5120172500610352
7281.890179939076,0.5140301585197449
7278.033246577694,0.5215538144111633
7274.176313216311,0.520734429359436
7270.319379854928,0.5154807567596436
7266.462446493546,0.5140056610107422
7262.605513132163,0.5091356039047241
7258.74857977078,0.5085256099700928
7254.891646409398,0.5141777396202087
7251.034713048015,0.5180424451828003
7247.177779686633,0.5193361043930054
7243.3208463252495,0.5157524347305298
7239.463912963867,0.5137211680412292
7235.606979602485,0.5152038335800171
7231.750046241102,0.5230259299278259
7227.893112879719,0.5258833765983582
7224.036179518336,0.5182861089706421
7220.179246156954,0.5156325101852417
7216.322312795572,0.5177167654037476
7212.465379434188,0.5245178937911987
7208.608446072806,0.526526689529419
7204.751512711423,0.5231247544288635
7200.894579350041,0.5228513479232788
7197.037645988658,0.5241084098815918
7193.180712627275,0.5253692865371704
7189.323779265893,0.5239831209182739
7185.46684590451,0.5268709659576416
7181.609912543127,0.5308595895767212
7177.752979181745,0.5243391394615173
7173.896045820362,0.5191305875778198
7170.03911245898,0.5265746712684631
7166.182179097596,0.5347906947135925
7162.325245736214,0.5346185564994812
7158.468312374832,0.5342590808868408
7154.611379013449,0.5337876677513123
7150.754445652066,0.5331566333770752
7146.897512290683,0.5332700610160828
7143.040578929301,0.533351719379425
7139.183645567919,0.5310767889022827
7135.326712206535,0.5267837643623352
7131.469778845153,0.5258970856666565
7127.61284548377,0.532573401927948
7123.755912122388,0.5376269221305847
7119.898978761005,0.5400828719139099
7116.042045399622,0.5424051284790039
7112.18511203824,0.5406485199928284
7108.328178676857,0.536552906036377
7104.471245315474,0.5373740196228027
7100.614311954092,0.5424315929412842
7096.757378592709,0.5470283627510071
7092.900445231327,0.5467579364776611
7089.043511869943,0.5453543663024902
7085.186578508561,0.5466804504394531
7081.329645147179,0.5478107929229736
7077.472711785796,0.546626627445221
7073.615778424413,0.546230137348175
7069.75884506303,0.5468077063560486
7065.901911701648,0.5475324392318726
7062.0449783402655,0.5443452000617981
7058.188044978882,0.5411191582679749
7054.3311116175,0.5402073860168457
7050.474178256117,0.5392105579376221
7046.6172448947345,0.5377382040023804
7042.760311533352,0.5395445227622986
7038.903378171969,0.5352464318275452
7035.046444810587,0.5318859815597534
7031.189511449204,0.5337459444999695
7027.332578087821,0.5349827408790588
7023.475644726439,0.534172773361206
7019.618711365056,0.5367729067802429
7015.7617780036735,0.5399808883666992
7011.90484464229,0.537497341632843
7008.047911280908,0.5299925208091736
7004.190977919526,0.5274239182472229
7000.3340445581425,0.5296429395675659
6996.47711119676,0.5289863348007202
6992.620177835377,0.5286172032356262
6988.763244473995,0.5271434187889099
6984.9063111126125,0.5261008739471436
6981.049377751229,0.5270212292671204
6977.192444389847,0.527154266834259
6973.335511028464,0.5270190238952637
6969.4785776670815,0.5256012678146362
6965.621644305698,0.5259582996368408
6961.764710944316,0.5259577035903931
6957.907777582934,0.5240801572799683
6954.0508442215505,0.525446891784668
6950.193910860168,0.5261598825454712
6946.336977498786,0.5261281132698059
6942.480044137403,0.5270546674728394
6938.62311077602,0.5258289575576782
6934.766177414637,0.521874725818634
6930.909244053255,0.5197250247001648
6927.052310691872,0.5228241682052612
6923.1953773304895,0.525063157081604
6919.338443969107,0.521782398223877
6915.481510607724,0.5211471915245056
6911.624577246342,0.5216647386550903
6907.767643884959,0.5191429853439331
6903.910710523576,0.5190691351890564
6900.053777162194,0.5193873047828674
6896.196843800811,0.5190535187721252
6892.339910439428,0.5196805000305176
6888.482977078045,0.5214751958847046
6884.626043716663,0.5207144618034363
6880.769110355281,0.520717442035675
6876.912176993897,0.5234816074371338
6873.055243632515,0.5222240686416626
6869.198310271133,0.5186824202537537
6865.34137690975,0.5182439684867859
6861.484443548367,0.5198807716369629
6857.627510186984,0.5216658711433411
6853.770576825602,0.5217404961585999
6849.913643464219,0.5208231806755066
6846.056710102836,0.5201897025108337
6842.199776741454,0.5172268152236938
6838.342843380071,0.5165744423866272
6834.485910018689,0.5204115509986877
6830.628976657306,0.5229893922805786
6826.772043295923,0.5221203565597534
6822.915109934541,0.5207393169403076
6819.058176573158,0.5213268399238586
6815.201243211775,0.5229218006134033
6811.344309850392,0.5232128500938416
6807.48737648901,0.5229786038398743
6803.630443127628,0.524492084980011
6799.773509766244,0.522016704082489
6795.916576404862,0.5189011096954346
6792.05964304348,0.5188263058662415
6788.202709682097,0.5205963850021362
6784.345776320714,0.521432101726532
6780.488842959331,0.5199105739593506
6776.631909597949,0.5186149477958679
6772.774976236566,0.5184119343757629
6768.918042875183,0.5177475214004517
6765.061109513801,0.5172342658042908
6761.204176152418,0.5155622959136963
6757.347242791036,0.5139082670211792
6753.490309429653,0.5168703198432922
6749.63337606827,0.5203010439872742
6745.776442706888,0.5178183317184448
6741.919509345505,0.5175402164459229
6738.062575984122,0.5183256268501282
6734.205642622739,0.5182299017906189
6730.348709261357,0.5178606510162354
6726.4917758999745,0.5187576413154602
6722.634842538591,0.5194607973098755
6718.777909177209,0.5191625356674194
6714.920975815827,0.5174892544746399
6711.064042454444,0.5172616839408875
6707.207109093061,0.517473042011261
6703.350175731678,0.5193449258804321
6699.493242370296,0.5184076428413391
6695.636309008913,0.5149933695793152
6691.77937564753,0.5159579515457153
6687.922442286148,0.5185471773147583
6684.065508924765,0.5179346203804016
6680.2085755633825,0.5149283409118652
6676.351642202,0.5144608616828918
6672.494708840617,0.5175021886825562
6668.637775479235,0.5178548097610474
6664.7808421178515,0.5156143307685852
6660.923908756469,0.5164268612861633
6657.066975395086,0.5158032178878784
6653.210042033704,0.5119282007217407
6649.3531086723215,0.511167049407959
6645.496175310938,0.5136394500732422
6641.639241949556,0.5160028338432312
6637.782308588174,0.5150151252746582
6633.9253752267905,0.5136069059371948
6630.068441865408,0.5141137838363647
6626.211508504025,0.5139197707176208
6622.354575142643,0.5129198431968689
6618.4976417812595,0.5129384398460388
6614.640708419877,0.5134285688400269
6610.783775058495,0.5141369700431824
6606.926841697112,0.5140078663825989
6603.069908335729,0.5141904950141907
6599.212974974347,0.5142052173614502
6595.356041612964,0.5146855711936951
6591.499108251582,0.5140940546989441
6587.6421748901985,0.5112229585647583
6583.785241528816,0.5115392804145813
6579.928308167433,0.5125239491462708
6576.071374806051,0.5127969980239868
6572.214441444668,0.5134173631668091
6568.357508083285,0.5119491815567017
6564.500574721903,0.5126535296440125
6560.643641360521,0.5141276121139526
6556.786707999137,0.514058530330658
6552.929774637755,0.5131951570510864
6549.072841276372,0.5125659704208374
6545.21590791499,0.5112764239311218
6541.3589745536065,0.509821891784668
6537.502041192224,0.509489893913269
6533.645107830842,0.5122582316398621
6529.788174469459,0.512331485748291
6525.931241108076,0.5103145241737366
6522.074307746694,0.5096673369407654
6518.217374385311,0.5087587833404541
6514.360441023929,0.5091712474822998
6510.503507662545,0.5113766193389893
6506.646574301163,0.5114983320236206
6502.78964093978,0.5100556015968323
6498.932707578398,0.5084624290466309
6495.075774217015,0.5101766586303711
6491.218840855632,0.510008692741394
6487.36190749425,0.5087421536445618
6483.504974132868,0.5099157094955444
6479.648040771484,0.5106313824653625
6475.791107410102,0.5099349617958069
6471.934174048719,0.5102658867835999
6468.077240687337,0.5095992088317871
6464.220307325953,0.5090360045433044
6460.363373964571,0.5085070729255676
6456.506440603189,0.5071438550949097
6452.649507241806,0.5069599747657776
6448.792573880423,0.5097048282623291
6444.935640519041,0.5115562081336975
6441.078707157658,0.5108252167701721
6437.221773796276,0.5095059275627136
6433.364840434892,0.5082218050956726
6429.50790707351,0.5057799220085144
6425.650973712127,0.5071901082992554
6421.794040350745,0.5089460611343384
6417.937106989362,0.5087582468986511
6414.080173627979,0.5091413855552673
6410.223240266597,0.5095744132995605
6406.3663069052145,0.509482204914093
6402.509373543831,0.5107350945472717
6398.652440182449,0.510089635848999
6394.795506821066,0.5087516903877258
6390.9385734596835,0.5084429383277893
6387.0816400983,0.5076856017112732
6383.224706736918,0.5089594721794128
6379.367773375536,0.509907603263855
6375.510840014153,0.5085857510566711
6371.65390665277,0.508793830871582
6367.796973291388,0.5097602009773254
6363.940039930005,0.5094326734542847
6360.0831065686225,0.5078923106193542
6356.226173207239,0.5059298872947693
6352.369239845857,0.5046883821487427
6348.512306484474,0.5064924359321594
6344.6553731230915,0.5072250962257385
6340.798439761709,0.5054795145988464
6336.941506400326,0.5049604177474976
6333.084573038944,0.5064104199409485
6329.2276396775615,0.508683979511261
6325.370706316178,0.5094183683395386
6321.513772954795,0.5086385607719421
6317.656839593413,0.5074052810668945
6313.7999062320305,0.5065374970436096
6309.942972870647,0.5069005489349365
6306.086039509265,0.5072195529937744
6302.229106147883,0.507128119468689
6298.3721727864995,0.5075843334197998
6294.515239425117,0.507553219795227
6290.658306063735,0.5066516399383545
6286.801372702352,0.5071682929992676
6282.9444393409685,0.5068438649177551
6279.087505979586,0.5056586861610413
6275.230572618204,0.5053255558013916
6271.373639256821,0.5046303868293762
6267.5167058954385,0.5046730041503906
6263.659772534056,0.5069745182991028
6259.802839172673,0.5072330236434937
6255.945905811291,0.5052233934402466
6252.088972449908,0.505459189414978
6248.232039088525,0.5059553980827332
6244.375105727142,0.5058028101921082
6240.51817236576,0.5058481097221375
6236.661239004377,0.5054053664207458
6232.804305642994,0.5036526918411255
6228.947372281612,0.5036513209342957
6225.09043892023,0.5045090913772583
6221.233505558846,0.5058555006980896
6217.376572197464,0.5056894421577454
6213.519638836082,0.504500687122345
6209.662705474699,0.504005491733551
6205.8057721133155,0.5035887956619263
6201.948838751933,0.5036841630935669
6198.091905390551,0.5044431090354919
6194.234972029168,0.5037291646003723
6190.378038667785,0.5036880373954773
6186.521105306403,0.504658043384552
6182.66417194502,0.5054312944412231
6178.807238583638,0.5067012906074524
6174.950305222255,0.5070152282714844
6171.093371860872,0.5059270858764648
6167.236438499489,0.5056546330451965
6163.379505138107,0.5049832463264465
6159.522571776724,0.5044029355049133
6155.665638415341,0.5038545727729797
6151.808705053959,0.5029655694961548
6147.951771692577,0.503302812576294
6144.094838331193,0.502644419670105
6140.237904969811,0.5019374489784241
6136.380971608429,0.501463770866394
6132.524038247046,0.5018084049224854
6128.667104885662,0.5027114748954773
6124.81017152428,0.5039716958999634
6120.953238162898,0.5044487118721008
6117.096304801515,0.505175769329071
6113.239371440132,0.5052184462547302
6109.38243807875,0.5048442482948303
6105.525504717367,0.5046323537826538
6101.668571355985,0.5044968724250793
6097.811637994601,0.504377543926239
6093.954704633219,0.5037392377853394
6090.097771271836,0.5032657980918884
6086.240837910454,0.5032250881195068
6082.383904549071,0.5029296278953552
6078.526971187688,0.5023192763328552
6074.670037826306,0.5025951266288757
6070.8131044649235,0.5026246905326843
6066.95617110354,0.5021727681159973
6063.099237742158,0.5023096799850464
6059.242304380775,0.5013929009437561
6055.385371019393,0.5009581446647644
6051.528437658009,0.5023728609085083
6047.671504296627,0.5028344392776489
6043.814570935245,0.502406656742096
6039.957637573862,0.5020789504051208
6036.100704212479,0.5022326111793518
6032.243770851097,0.5027739405632019
6028.386837489714,0.5013707876205444
6024.5299041283315,0.5007794499397278
6020.672970766948,0.5018661618232727
6016.816037405566,0.5018778443336487
6012.959104044183,0.5018617510795593
6009.1021706828005,0.501656711101532
6005.245237321418,0.5003989338874817
6001.388303960035,0.5015078783035278
5997.531370598653,0.5020895600318909
5993.6744372372705,0.500052273273468
5989.817503875887,0.49992814660072327
5985.960570514505,0.5011192560195923
5982.103637153122,0.5014316439628601
5978.2467037917395,0.5017168521881104
5974.389770430356,0.5007849335670471
5970.532837068974,0.500663161277771
5966.675903707592,0.501099169254303
5962.8189703462085,0.5010579824447632
5958.962036984826,0.4998953938484192
5955.105103623444,0.5007836818695068
5951.248170262061,0.5027630925178528
5947.3912369006775,0.5027009844779968
5943.534303539296,0.5010690093040466
5939.677370177913,0.501255989074707
5935.82043681653,0.5023683309555054
5931.9635034551475,0.5023695230484009
5928.106570093765,0.5013399124145508
5924.249636732382,0.5000686645507812
5920.392703371,0.5006149411201477
5916.535770009617,0.5012398958206177
5912.678836648234,0.4998287558555603
5908.821903286851,0.4988318383693695
5904.96496992547,0.49922963976860046
5901.108036564086,0.5005795955657959
5897.251103202703,0.5009595155715942
5893.394169841321,0.5009092688560486
5889.537236479939,0.5017049312591553
5885.6803031185555,0.5023238062858582
5881.823369757173,0.5017615556716919
5877.966436395791,0.5021016597747803
5874.109503034408,0.501343846321106
5870.2525696730245,0.4990110695362091
5866.395636311643,0.49959635734558105
5862.53870295026,0.5001440048217773
5858.681769588877,0.49921712279319763
5854.824836227494,0.4984736144542694
5850.967902866112,0.49832260608673096
5847.110969504729,0.4995567202568054
5843.254036143347,0.5004789233207703
5839.397102781964,0.5002779364585876
5835.540169420581,0.5000607967376709
5831.683236059198,0.4995366334915161
5827.826302697817,0.4993321895599365
5823.969369336433,0.5002477169036865
5820.11243597505,0.5010673403739929
5816.255502613668,0.5004282593727112
5812.398569252286,0.4994364082813263
5808.541635890902,0.499549925327301
5804.68470252952,0.4996212422847748
5800.827769168138,0.499109148979187
5796.970835806755,0.49970242381095886
5793.113902445371,0.4996509850025177
5789.25696908399,0.4993576109409332
5785.400035722607,0.5003889799118042
5781.543102361224,0.5008001923561096
5777.686168999841,0.5006477236747742
5773.829235638459,0.49974513053894043
5769.972302277076,0.49846017360687256
5766.115368915694,0.4993508756160736
5762.258435554311,0.5004907250404358
5758.401502192928,0.5001355409622192
5754.544568831545,0.5002054572105408
5750.6876354701635,0.5002247095108032
5746.83070210878,0.4989803433418274
5742.973768747397,0.49872928857803345
5739.116835386015,0.49976134300231934
5735.2599020246325,0.49904757738113403
5731.402968663249,0.4984477758407593
5727.546035301867,0.4980568587779999
5723.689101940485,0.4973593056201935
5719.832168579102,0.49839428067207336
5715.975235217718,0.49913880228996277
5712.118301856337,0.499622106552124
5708.261368494954,0.49952244758605957
5704.404435133571,0.49917173385620117
5700.547501772188,0.4991814196109772
5696.690568410806,0.4990590512752533
5692.833635049423,0.49880748987197876
5688.9767016880405,0.4976845979690552
5685.119768326658,0.4977690279483795
5681.262834965275,0.4991564452648163
5677.405901603892,0.5000818967819214
5673.54896824251,0.5000097751617432
5669.692034881127,0.4993581473827362
5665.835101519744,0.4989475607872009
5661.978168158362,0.49904865026474
5658.1212347969795,0.49858182668685913
5654.264301435596,0.49778038263320923
5650.407368074214,0.4979420006275177
5646.550434712832,0.4987182915210724
5642.6935013514485,0.49877965450286865
5638.836567990065,0.49881619215011597
5634.979634628684,0.4992475211620331
5631.122701267301,0.4994771480560303
5627.2657679059175,0.49916765093803406
5623.408834544535,0.4991879165172577
5619.551901183153,0.4992571473121643
5615.69496782177,0.4998866021633148
5611.8380344603875,0.5004150867462158
5607.981101099005,0.5010434985160828
5604.124167737622,0.5001929998397827
5600.267234376239,0.4986587166786194
5596.410301014857,0.49751147627830505
5592.553367653474,0.49775755405426025
5588.696434292091,0.4987751245498657
5584.839500930709,0.49860984086990356
5580.982567569326,0.498585045337677
5577.125634207943,0.4981960952281952
5573.268700846561,0.4971376955509186
5569.411767485179,0.4970020651817322
5565.554834123795,0.4984366297721863
5561.697900762412,0.5002107620239258
5557.84096740103,0.500241219997406
5553.984034039648,0.49914589524269104
5550.1271006782645,0.4982990622520447
5546.270167316882,0.4979610741138458
5542.4132339555,0.49708327651023865
5538.556300594117,0.496666818857193
5534.699367232734,0.49779489636421204
5530.842433871352,0.49869459867477417
5526.985500509969,0.4978503882884979
5523.128567148586,0.49707353115081787
5519.271633787203,0.4969123303890228
5515.414700425821,0.49778568744659424
5511.557767064438,0.4976283311843872
5507.700833703056,0.49743083119392395
5503.843900341673,0.4982075095176697
5499.98696698029,0.4979747235774994
5496.130033618908,0.4969804584980011
5492.273100257526,0.4979415535926819
5488.416166896142,0.49901682138442993
5484.559233534759,0.49810776114463806
5480.702300173377,0.49695226550102234
5476.845366811995,0.4971843361854553
5472.988433450611,0.4986385405063629
5469.131500089229,0.49857133626937866
5465.274566727847,0.4986870288848877
5461.417633366464,0.4992337226867676
5457.560700005081,0.499059796333313
5453.703766643699,0.498128205537796
5449.846833282316,0.49722525477409363
5445.989899920933,0.497555673122406
5442.13296655955,0.4978674054145813
5438.276033198168,0.497659295797348
5434.419099836785,0.49775880575180054
5430.562166475403,0.498539537191391
5426.70523311402,0.4993230104446411
5422.848299752637,0.4989706873893738
5418.991366391255,0.4982697069644928
5415.1344330298725,0.4976073205471039
5411.277499668489,0.4991283118724823
5407.420566307106,0.500078558921814
5403.563632945724,0.4987207055091858
5399.706699584342,0.49717873334884644
5395.849766222958,0.497282475233078
5391.992832861576,0.4990963637828827
5388.135899500194,0.4988657534122467
5384.278966138811,0.49860721826553345
5380.422032777428,0.49827128648757935
5376.565099416046,0.49828040599823
5372.708166054663,0.4996834099292755
5368.85123269328,0.500190794467926
5364.994299331897,0.5004116892814636
5361.137365970515,0.5005838871002197
5357.280432609132,0.49959272146224976
5353.4234992477495,0.5009120106697083
5349.566565886367,0.5035284161567688
5345.709632524984,0.504351019859314
5341.852699163602,0.5051611065864563
5337.9957658022195,0.5050865411758423
5334.138832440836,0.5055833458900452
5330.281899079453,0.5063567161560059
5326.424965718071,0.5089837312698364
5322.5680323566885,0.511083722114563
5318.711098995305,0.5118324160575867
5314.854165633923,0.5125532746315002
5310.997232272541,0.5141454935073853
5307.1402989111575,0.5166475772857666
5303.283365549775,0.5190086960792542
5299.426432188393,0.5213303565979004
5295.56949882701,0.5242927074432373
5291.7125654656265,0.5268616676330566
5287.855632104244,0.5300741791725159
5283.998698742862,0.532871663570404
5280.141765381479,0.5365254878997803
5276.2848320200965,0.5404264330863953
5272.427898658714,0.5431044101715088
5268.570965297331,0.5450780987739563
5264.714031935949,0.5495970845222473
5260.857098574566,0.5552860498428345
5257.000165213183,0.557916522026062
5253.1432318518,0.5604776740074158
5249.286298490418,0.5618798732757568
5245.429365129035,0.563785970211029
5241.572431767652,0.5673869252204895
5237.71549840627,0.5684674978256226
5233.858565044888,0.5676795244216919
5230.0016316835045,0.5667508244514465
5226.144698322122,0.5664860010147095
5222.28776496074,0.5656940340995789
5218.430831599357,0.5638396143913269
5214.5738982379735,0.5631009340286255
5210.716964876591,0.5619971752166748
5206.860031515209,0.5607614517211914
5203.003098153826,0.5611004829406738
5199.146164792443,0.5605112314224243
5195.289231431061,0.5590916275978088
5191.432298069678,0.5573636889457703
5187.575364708296,0.5562150478363037
5183.718431346913,0.5552573204040527
5179.86149798553,0.5538567900657654
5176.004564624147,0.5525144338607788
5172.147631262765,0.5521352887153625
5168.290697901382,0.5511252284049988
5164.433764539999,0.5506574511528015
5160.576831178617,0.5504167675971985
5156.719897817235,0.5495783090591431
5152.862964455851,0.5488507747650146
5149.006031094469,0.548910915851593
5145.149097733087,0.5485919713973999
5141.292164371704,0.5476705431938171
5137.43523101032,0.5466458797454834
5133.578297648938,0.5454773306846619
5129.721364287556,0.5448436141014099
5125.864430926173,0.5445672869682312
5122.00749756479,0.5436862707138062
5118.150564203408,0.5429496169090271
5114.293630842025,0.5421628952026367
5110.436697480642,0.5417102575302124
5106.57976411926,0.5414903163909912
5102.722830757877,0.5414558053016663
5098.865897396494,0.5405330061912537
5095.008964035112,0.5393964648246765
5091.152030673729,0.5394108891487122
5087.295097312346,0.5397309064865112
5083.438163950964,0.5391996502876282
5079.5812305895815,0.5381011962890625
5075.724297228198,0.5374348163604736
5071.867363866815,0.5372002124786377
5068.010430505434,0.5367372632026672
5064.153497144051,0.5360541343688965
5060.296563782667,0.5357674956321716
5056.439630421285,0.5355836153030396
5052.582697059903,0.5349775552749634
5048.72576369852,0.5349271297454834
5044.868830337137,0.5344865322113037
5041.011896975755,0.5341870784759521
5037.154963614372,0.5335462093353271
5033.298030252989,0.5321747660636902
5029.441096891607,0.5308399796485901
5025.584163530224,0.5307756662368774
5021.727230168841,0.5313077569007874
5017.8702968074585,0.5310062170028687
5014.013363446076,0.5301506519317627
5010.156430084693,0.5292845368385315
5006.299496723311,0.5283863544464111
5002.4425633619285,0.5278410911560059
4998.585630000545,0.5275026559829712
4994.728696639162,0.5272514224052429
4990.871763277781,0.5264875292778015
4987.0148299163975,0.5253386497497559
4983.157896555014,0.5244057178497314
4979.300963193632,0.5244922637939453
4975.44402983225,0.5245975852012634
4971.5870964708665,0.524822473526001
4967.730163109484,0.5240864753723145
4963.873229748102,0.5229901671409607
4960.016296386719,0.5225574970245361
4956.159363025336,0.522718608379364
4952.302429663954,0.5226024389266968
4948.445496302571,0.5219857096672058
4944.588562941188,0.5217005014419556
4940.7316295798055,0.5215296149253845
4936.874696218423,0.5215957760810852
4933.01776285704,0.5222429633140564
4929.160829495658,0.5221226215362549
4925.303896134275,0.521540641784668
4921.446962772892,0.5207207798957825
4917.590029411509,0.5202580094337463
4913.733096050128,0.5197871327400208
4909.876162688744,0.5191333293914795
4906.019229327361,0.5190236568450928
4902.162295965979,0.519462525844574
4898.305362604597,0.5198139548301697
4894.4484292432135,0.5193520784378052
4890.591495881831,0.5186381340026855
4886.734562520449,0.5190680623054504
4882.877629159066,0.5199903845787048
4879.0206957976825,0.5199787020683289
4875.163762436301,0.5187952518463135
4871.306829074918,0.5181566476821899
4867.449895713535,0.5186457633972168
4863.592962352152,0.5192299485206604
4859.73602899077,0.5189532041549683
4855.879095629387,0.5185304284095764
4852.022162268005,0.5177779793739319
4848.165228906622,0.5173088312149048
4844.308295545239,0.5178739428520203
4840.451362183856,0.518984854221344
4836.594428822475,0.5190539956092834
4832.737495461091,0.5184774994850159
4828.880562099708,0.5184887051582336
4825.023628738326,0.5190212726593018
4821.166695376944,0.5190877318382263
4817.30976201556,0.5193496346473694
4813.452828654178,0.5192330479621887
4809.595895292796,0.5189712643623352
4805.738961931413,0.5192164182662964
4801.882028570029,0.5190619826316833
4798.025095208648,0.5184841752052307
4794.168161847265,0.5183384418487549
4790.311228485882,0.5188052654266357
4786.454295124499,0.5196920037269592
4782.597361763117,0.5198719501495361
4778.740428401734,0.5194053649902344
4774.883495040352,0.5190938115119934
4771.026561678969,0.5195100903511047
4767.169628317586,0.519411563873291
4763.312694956203,0.5191298127174377
4759.4557615948215,0.5194528698921204
4755.598828233438,0.5197362899780273
4751.741894872055,0.5196918249130249
4747.884961510673,0.5197872519493103
4744.028028149291,0.520308256149292
4740.171094787907,0.5206301212310791
4736.314161426525,0.519982099533081
4732.457228065143,0.5198473334312439
4728.60029470376,0.5201210975646973
4724.743361342376,0.5204344987869263
4720.886427980995,0.5206448435783386
4717.029494619612,0.5205994248390198
4713.172561258229,0.5205116271972656
4709.315627896846,0.5207120776176453
4705.458694535464,0.5208930969238281
4701.601761174081,0.520829439163208
4697.7448278126985,0.5209277272224426
4693.887894451316,0.5213157534599304
4690.030961089933,0.5223180055618286
4686.17402772855,0.5232020616531372
4682.317094367168,0.5232416391372681
4678.460161005785,0.5230640769004822
4674.603227644402,0.5232422947883606
4670.74629428302,0.5245355367660522
4666.8893609216375,0.5255755186080933
4663.032427560254,0.5261469483375549
4659.175494198872,0.5272428393363953
4655.31856083749,0.5284683108329773
4651.4616274761065,0.5295903086662292
4647.604694114723,0.5310045480728149
4643.747760753341,0.5320491790771484
4639.890827391959,0.5334747433662415
4636.0338940305755,0.5350674986839294
4632.176960669193,0.5366414785385132
4628.320027307811,0.5379993915557861
4624.463093946428,0.5391784310340881
4620.6061605850455,0.5402973294258118
4616.749227223663,0.5411738753318787
4612.89229386228,0.5418148040771484
4609.035360500897,0.5426303744316101
4605.1784271395145,0.5443264245986938
4601.321493778132,0.5460200309753418
4597.464560416749,0.5472554564476013
4593.607627055367,0.548061728477478
4589.750693693984,0.549251139163971
4585.893760332601,0.5514572262763977
4582.036826971219,0.552869975566864
4578.179893609837,0.5537524223327637
4574.3229602484535,0.5551299452781677
4570.46602688707,0.5567613244056702
4566.609093525688,0.5584238171577454
4562.752160164306,0.5601511597633362
4558.8952268029225,0.5616718530654907
4555.03829344154,0.5633472800254822
4551.181360080158,0.5647522211074829
4547.324426718775,0.5657855868339539
4543.467493357392,0.5683926939964294
4539.61055999601,0.5716516971588135
4535.753626634627,0.57439786195755
4531.896693273244,0.5759792923927307
4528.039759911861,0.5764390826225281
4524.182826550479,0.5752610564231873
4520.325893189096,0.5722448229789734
4516.468959827714,0.5685225129127502
4512.612026466331,0.5651424527168274
4508.755093104948,0.5627349019050598
4504.898159743566,0.5614978671073914
4501.041226382184,0.5602635145187378
4497.1842930208,0.5588399171829224
4493.327359659417,0.557244062423706
4489.470426298035,0.5561625957489014
4485.613492936653,0.5557094216346741
4481.756559575269,0.555241048336029
4477.899626213887,0.554861307144165
4474.042692852505,0.5548919439315796
4470.185759491122,0.5547518730163574
4466.328826129739,0.5546817183494568
4462.471892768357,0.5545904040336609
4458.614959406974,0.5538612604141235
4454.758026045591,0.5529611110687256
4450.901092684208,0.552152693271637
4447.044159322826,0.551672101020813
4443.187225961443,0.5511241555213928
4439.330292600061,0.5507330894470215
4435.473359238678,0.5502333641052246
4431.616425877295,0.5502406358718872
4427.759492515913,0.5507921576499939
4423.9025591545305,0.5509275794029236
4420.045625793147,0.5507559776306152
4416.188692431764,0.5510225892066956
4412.331759070382,0.5514774918556213
4408.474825709,0.5517826080322266
4404.617892347616,0.5515825152397156
4400.760958986234,0.5517696142196655
4396.904025624852,0.5526416897773743
4393.047092263469,0.553467869758606
4389.190158902086,0.553889274597168
4385.333225540704,0.5546603202819824
4381.476292179321,0.5554788708686829
4377.619358817938,0.5559102296829224
4373.762425456555,0.5559684634208679
4369.905492095173,0.5562946796417236
4366.04855873379,0.5567478537559509
4362.1916253724075,0.5569314360618591
4358.334692011025,0.5571909546852112
4354.477758649642,0.5576362013816833
4350.62082528826,0.5583941340446472
4346.7638919268775,0.559158205986023
4342.906958565494,0.5597209334373474
4339.050025204111,0.5603383779525757
4335.193091842729,0.5613107681274414
4331.3361584813465,0.5624704957008362
4327.479225119963,0.5629469752311707
4323.622291758581,0.5631929039955139
4319.765358397199,0.5640284419059753
4315.9084250358155,0.5651577115058899
4312.051491674433,0.5658679008483887
4308.194558313051,0.566557765007019
4304.337624951668,0.567494809627533
4300.480691590285,0.5688178539276123
4296.623758228902,0.5697826743125916
4292.76682486752,0.5702551603317261
4288.909891506137,0.5704994797706604
4285.0529581447545,0.5713961720466614
4281.196024783372,0.5728988647460938
4277.339091421989,0.5737495422363281
4273.482158060607,0.574563205242157
4269.625224699224,0.5761080384254456
4265.768291337841,0.5775358080863953
4261.911357976458,0.5785343647003174
4258.054424615076,0.580227255821228
4254.197491253693,0.5818474292755127
4250.34055789231,0.5828655958175659
4246.483624530928,0.583616316318512
4242.626691169546,0.5837302207946777
4238.7697578081625,0.5839628577232361
4234.912824446779,0.5842415690422058
4231.055891085398,0.584912121295929
4227.198957724015,0.5854820013046265
4223.3420243626315,0.5858235955238342
4219.485091001249,0.5864913463592529
4215.628157639867,0.5876278281211853
4211.771224278484,0.5892446637153625
4207.914290917101,0.5908930897712708
4204.057357555719,0.5922868251800537
4200.200424194336,0.5931973457336426
4196.343490832953,0.5935809016227722
4192.486557471571,0.5941751003265381
4188.629624110188,0.5948880314826965
4184.772690748805,0.5954734683036804
4180.915757387423,0.595586359500885
4177.05882402604,0.5957961678504944
4173.201890664657,0.5967676639556885
4169.344957303275,0.5972892045974731
4165.488023941893,0.597593367099762
4161.631090580509,0.5980046391487122
4157.774157219126,0.5986421704292297
4153.917223857745,0.5996718406677246
4150.060290496362,0.6005741953849792
4146.203357134978,0.6012060046195984
4142.346423773596,0.60228431224823
4138.489490412214,0.603349506855011
4134.632557050831,0.604459285736084
4130.775623689448,0.605579674243927
4126.918690328066,0.6067333817481995
4123.061756966683,0.6081692576408386
4119.2048236053,0.6096234321594238
4115.347890243918,0.6112189888954163
4111.490956882535,0.6133332848548889
4107.634023521152,0.6151171922683716
4103.77709015977,0.6167640089988708
4099.920156798387,0.6181763410568237
4096.063223437004,0.6194700002670288
4092.206290075622,0.6205927133560181
4088.349356714239,0.6213164329528809
4084.4924233528563,0.6220579743385315
4080.6354899914736,0.6227414608001709
4076.7785566300913,0.6232256889343262
4072.9216232687086,0.6242016553878784
4069.064689907326,0.6253763437271118
4065.207756545943,0.6263506412506104
4061.3508231845603,0.6275450587272644
4057.493889823178,0.6287465691566467
4053.6369564617953,0.6295599341392517
4049.7800231004126,0.6305426359176636
4045.92308973903,0.6317643523216248
4042.066156377647,0.6329619884490967
4038.209223016265,0.6343848705291748
4034.352289654882,0.6363040804862976
4030.4953562934993,0.6373060941696167
4026.6384229321166,0.6380277872085571
4022.781489570734,0.6392807960510254
4018.9245562093515,0.6404730081558228
4015.067622847969,0.6412174105644226
4011.210689486586,0.6426060199737549
4007.3537561252033,0.6437362432479858
4003.4968227638205,0.6444002985954285
3999.6398894024383,0.6454430222511292
3995.7829560410555,0.6465051174163818
3991.9260226796728,0.6470241546630859
3988.06908931829,0.6476514339447021
3984.2121559569073,0.6482928991317749
3980.355222595525,0.6494095325469971
3976.4982892341422,0.6505244970321655
3972.6413558727595,0.6513596177101135
3968.7844225113768,0.6518200635910034
3964.927489149994,0.6527944803237915
3961.0705557886117,0.6535183787345886
3957.213622427229,0.6541525721549988
3953.3566890658462,0.6550535559654236
3949.4997557044635,0.6561508178710938
3945.6428223430808,0.6567292213439941
3941.7858889816985,0.6573038697242737
3937.9289556203157,0.6577658653259277
3934.072022258933,0.6590484976768494
3930.2150888975502,0.6596679091453552
3926.3581555361675,0.6603854298591614
3922.501222174785,0.6615307331085205
3918.6442888134025,0.6625013947486877
3914.7873554520197,0.6626066565513611
3910.930422090637,0.6632330417633057
3907.073488729254,0.6653785109519958
3903.2165553678715,0.6670691967010498
3899.359622006489,0.6674796342849731
3895.502688645106,0.6679570078849792
3891.6457552837237,0.669647216796875
3887.7888219223414,0.6714299917221069
3883.931888560958,0.6735772490501404
3880.074955199576,0.6751741766929626
3876.2180218381927,0.6751583218574524
3872.3610884768104,0.676445722579956
3868.504155115428,0.6781294345855713
3864.647221754045,0.6801766753196716
3860.7902883926627,0.6809211373329163
3856.9333550312795,0.6808854341506958
3853.076421669897,0.6809666156768799
3849.219488308515,0.6834530234336853
3845.3625549471317,0.6865845918655396
3841.5056215857494,0.6885888576507568
3837.648688224366,0.689445972442627
3833.791754862984,0.6912034749984741
3829.9348215016016,0.6922786831855774
3826.0778881402184,0.6942011117935181
3822.220954778836,0.6972604990005493
3818.364021417453,0.6992965340614319
3814.5070880560706,0.6992408633232117
3810.6501546946884,0.7008485794067383
3806.793221333305,0.7034199237823486
3802.936287971923,0.7066344618797302
3799.0793546105397,0.7113111019134521
3795.2224212491574,0.715129017829895
3791.365487887775,0.716480016708374
3787.508554526392,0.71971195936203
3783.6516211650096,0.7248945236206055
3779.7946878036264,0.7307248711585999
3775.937754442244,0.7347576022148132
3772.080821080862,0.7391481995582581
3768.2238877194786,0.7454986572265625
3764.3669543580963,0.7519948482513428
3760.510020996713,0.7588690519332886
3756.653087635331,0.7672280669212341
3752.7961542739486,0.7740254402160645
3748.9392209125654,0.7848091125488281
3745.082287551183,0.795555055141449
3741.2253541898,0.8029544949531555
3737.3684208284176,0.81126868724823
3733.5114874670353,0.8321735262870789
3729.654554105652,0.8506442904472351
3725.79762074427,0.8802843689918518
3721.9406873828866,0.941051185131073
3718.0837540215043,1.013541579246521
3714.226820660122,1.082636833190918
3710.369887298739,1.194003939628601
3706.5129539373565,1.297049641609192
3702.6560205759733,1.371822714805603
3698.799087214591,1.4417952299118042
3694.9421538532088,1.4642289876937866
3691.0852204918256,1.4493489265441895
3687.2282871304433,1.4209473133087158
3683.37135376906,1.4143447875976562
3679.514420407678,1.4278777837753296
3675.6574870462955,1.4584678411483765
3671.8005536849123,1.495749831199646
3667.94362032353,1.5265092849731445
3664.086686962147,1.5558744668960571
3660.2297536007645,1.5824501514434814
3656.3728202393822,1.6076709032058716
3652.515886877999,1.628222107887268
3648.6589535166167,1.6492974758148193
3644.8020201552335,1.656040072441101
3640.9450867938513,1.6615668535232544
3637.088153432469,1.671215295791626
3633.2312200710858,1.6803525686264038
3629.3742867097035,1.6928110122680664
3625.5173533483203,1.7094299793243408
3621.660419986938,1.718351125717163
3617.8034866255557,1.7002469301223755
3613.9465532641725,1.6593292951583862
3610.08961990279,1.6291143894195557
3606.232686541407,1.608081340789795
3602.3757531800247,1.5927653312683105
3598.5188198186424,1.5802371501922607
3594.6618864572592,1.5665531158447266
3590.804953095877,1.554539680480957
3586.9480197344938,1.543050765991211
3583.0910863731115,1.5350525379180908
3579.234153011729,1.5272718667984009
3575.377219650346,1.519338607788086
3571.5202862889637,1.5159205198287964
3567.6633529275805,1.5133168697357178
3563.806419566198,1.5063649415969849
3559.949486204816,1.5004223585128784
3556.0925528434327,1.4965052604675293
3552.2356194820504,1.4947733879089355
3548.378686120667,1.491272211074829
3544.521752759285,1.4891353845596313
3540.6648193979026,1.4878510236740112
3536.8078860365194,1.4871734380722046
3532.950952675137,1.4892414808273315
3529.094019313754,1.4905530214309692
3525.2370859523717,1.4921886920928955
3521.3801525909894,1.4929530620574951
3517.523219229606,1.4927809238433838
3513.666285868224,1.4951850175857544
3509.8093525068407,1.4980368614196777
3505.9524191454584,1.5005565881729126
3502.095485784076,1.50394868850708
3498.238552422693,1.5068414211273193
3494.3816190613106,1.5078012943267822
3490.5246856999274,1.5090038776397705
3486.667752338545,1.511288046836853
3482.810818977163,1.5149704217910767
3478.9538856157797,1.5172927379608154
3475.0969522543974,1.5178399085998535
3471.240018893014,1.520416259765625
3467.383085531632,1.525099515914917
3463.5261521702496,1.526771068572998
3459.6692188088664,1.5271934270858765
3455.812285447484,1.5275174379348755
3451.955352086101,1.5288294553756714
3448.0984187247186,1.5320219993591309
3444.2414853633363,1.5357519388198853
3440.384552001953,1.5382299423217773
3436.527618640571,1.541303277015686
3432.6706852791876,1.5412249565124512
3428.8137519178053,1.5383167266845703
3424.956818556423,1.535555362701416
3421.09988519504,1.5358285903930664
3417.2429518336576,1.540897011756897
3413.3860184722744,1.5441782474517822
3409.529085110892,1.544862985610962
3405.67215174951,1.5412821769714355
3401.8152183881266,1.5397145748138428
3397.9582850267443,1.5385487079620361
3394.101351665361,1.5357238054275513
3390.244418303979,1.5361148118972778
3386.3874849425965,1.5345619916915894
3382.5305515812133,1.5335350036621094
3378.673618219831,1.5340220928192139
3374.816684858448,1.533664345741272
3370.9597514970656,1.5301260948181152
3367.1028181356833,1.5269577503204346
3363.2458847743,1.5232677459716797
3359.388951412918,1.5203094482421875
3355.5320180515346,1.5204310417175293
3351.6750846901523,1.5216903686523438
3347.81815132877,1.5192513465881348
3343.961217967387,1.5149846076965332
3340.1042846060045,1.512591004371643
3336.2473512446213,1.51058030128479
3332.390417883239,1.5056939125061035
3328.5334845218567,1.5017179250717163
3324.6765511604735,1.4997754096984863
3320.8196177990912,1.4988511800765991
3316.962684437708,1.4969813823699951
3313.1057510763258,1.4941508769989014
3309.2488177149435,1.493168592453003
3305.3918843535603,1.4928152561187744
3301.534950992178,1.489305853843689
3297.678017630795,1.486049771308899
3293.8210842694125,1.4843511581420898
3289.96415090803,1.4814876317977905
3286.107217546647,1.4771472215652466
3282.2502841852647,1.4772717952728271
3278.3933508238815,1.4778729677200317
3274.5364174624992,1.4760148525238037
3270.679484101117,1.4743088483810425
3266.8225507397337,1.4719668626785278
3262.9656173783515,1.4682384729385376
3259.1086840169683,1.4665448665618896
3255.251750655586,1.4650304317474365
3251.3948172942037,1.4632923603057861
3247.5378839328205,1.4605449438095093
3243.680950571438,1.4583971500396729
3239.824017210055,1.4578659534454346
3235.9670838486727,1.4554980993270874
3232.1101504872904,1.4498721361160278
3228.253217125907,1.444616436958313
3224.396283764525,1.441875696182251
3220.5393504031417,1.4396893978118896
3216.6824170417594,1.4360698461532593
3212.825483680377,1.431110143661499
3208.968550318994,1.4268428087234497
3205.1116169576117,1.4240702390670776
3201.2546835962285,1.419369101524353
3197.397750234846,1.413831114768982
3193.540816873464,1.4096909761428833
3189.6838835120807,1.406322956085205
3185.8269501506984,1.4018834829330444
3181.970016789315,1.3978030681610107
3178.113083427933,1.393811821937561
3174.2561500665506,1.389033317565918
3170.3992167051674,1.3823927640914917
3166.542283343785,1.375770092010498
3162.685349982402,1.3700467348098755
3158.8284166210196,1.365583062171936
3154.9714832596364,1.362500548362732
3151.114549898254,1.3588200807571411
3147.257616536872,1.3531078100204468
3143.4006831754887,1.3481388092041016
3139.5437498141064,1.3437360525131226
3135.686816452723,1.337920904159546
3131.829883091341,1.3310916423797607
3127.9729497299586,1.3260356187820435
3124.1160163685754,1.3202407360076904
3120.259083007193,1.3157824277877808
3116.40214964581,1.3108996152877808
3112.5452162844276,1.3057560920715332
3108.6882829230453,1.3009525537490845
3104.831349561662,1.2954223155975342
3100.97441620028,1.2889795303344727
3097.1174828388966,1.284666657447815
3093.2605494775144,1.28105890750885
3089.403616116132,1.277356743812561
3085.546682754749,1.273511528968811
3081.6897493933666,1.2695536613464355
3077.8328160319834,1.264784812927246
3073.975882670601,1.2593563795089722
3070.118949309219,1.2531417608261108
3066.2620159478356,1.2474850416183472
3062.4050825864533,1.242997646331787
3058.54814922507,1.2387970685958862
3054.691215863688,1.234314203262329
3050.8342825023055,1.229956030845642
3046.9773491409223,1.225132703781128
3043.12041577954,1.2215884923934937
3039.263482418157,1.2172397375106812
3035.4065490567746,1.2119578123092651
3031.5496156953923,1.2061280012130737
3027.692682334009,1.2019214630126953
3023.835748972627,1.1983052492141724
3019.9788156112436,1.1946299076080322
3016.1218822498613,1.190204381942749
3012.264948888479,1.1860318183898926
3008.408015527096,1.1812658309936523
3004.5510821657135,1.1766266822814941
3000.6941488043303,1.1731480360031128
2996.837215442948,1.169824242591858
2992.9802820815657,1.1667189598083496
2989.1233487201825,1.1637552976608276
2985.2664153588003,1.1603354215621948
2981.409481997417,1.1581921577453613
2977.5525486360348,1.1557049751281738
2973.6956152746525,1.1524604558944702
2969.8386819132693,1.148834466934204
2965.981748551887,1.1462972164154053
2962.124815190504,1.144555687904358
2958.2678818291215,1.1421173810958862
2954.410948467739,1.1390457153320312
2950.554015106356,1.1364728212356567
2946.6970817449737,1.1353721618652344
2942.8401483835905,1.1341962814331055
2938.9832150222082,1.1311148405075073
2935.126281660826,1.129080891609192
2931.2693482994428,1.1274735927581787
2927.4124149380605,1.1246947050094604
2923.5554815766773,1.1211965084075928
2919.698548215295,1.116976022720337
2915.8416148539127,1.111279010772705
2911.9846814925295,1.1038706302642822
2908.127748131147,1.095999002456665
2904.270814769764,1.0903888940811157
2900.4138814083817,1.0862637758255005
2896.5569480469994,1.0822087526321411
2892.700014685616,1.0778173208236694
2888.843081324234,1.0730547904968262
2884.9861479628507,1.068256139755249
2881.1292146014684,1.063811182975769
2877.272281240086,1.0601305961608887
2873.415347878703,1.0575854778289795
2869.5584145173207,1.0545731782913208
2865.7014811559375,1.0511044263839722
2861.844547794555,1.0483638048171997
2857.987614433173,1.046364665031433
2854.1306810717897,1.0442837476730347
2850.2737477104074,1.040549874305725
2846.416814349024,1.0340148210525513
2842.559880987642,1.026310682296753
2838.7029476262596,1.0197811126708984
2834.8460142648764,1.0145996809005737
2830.989080903494,1.009742259979248
2827.132147542111,1.0054566860198975
2823.2752141807287,1.0018986463546753
2819.4182808193464,0.9981153011322021
2815.561347457963,0.9937013387680054
2811.704414096581,0.9890536665916443
2807.8474807351977,0.9854356050491333
2803.9905473738154,0.9829038977622986
2800.133614012433,0.9799996614456177
2796.27668065105,0.9765447378158569
2792.4197472896676,0.9730796813964844
2788.5628139282844,0.9697873592376709
2784.705880566902,0.9664281010627747
2780.84894720552,0.962884247303009
2776.9920138441366,0.9597474336624146
2773.1350804827543,0.9569379091262817
2769.278147121371,0.9537546634674072
2765.421213759989,0.9504494667053223
2761.5642803986066,0.9479041695594788
2757.7073470372234,0.9453999996185303
2753.850413675841,0.9424199461936951
2749.993480314458,0.9398659467697144
2746.1365469530756,0.9372118711471558
2742.2796135916933,0.9343529939651489
2738.42268023031,0.9316316843032837
2734.565746868928,0.9290934801101685
2730.7088135075446,0.9268608689308167
2726.8518801461623,0.9243931770324707
2722.99494678478,0.9220033288002014
2719.138013423397,0.9199845194816589
2715.2810800620146,0.917542576789856
2711.4241467006314,0.9151729941368103
2707.567213339249,0.9131699800491333
2703.710279977867,0.9108077883720398
2699.8533466164836,0.9081568717956543
2695.9964132551013,0.9053257703781128
2692.139479893718,0.9027228951454163
2688.282546532336,0.9006295204162598
2684.4256131709535,0.8984219431877136
2680.5686798095703,0.8964290022850037
2676.711746448188,0.8948332667350769
2672.854813086805,0.8930031061172485
2668.9978797254225,0.8909107446670532
2665.1409463640402,0.8891030550003052
2661.284013002657,0.8870877027511597
2657.4270796412748,0.8850677609443665
2653.5701462798916,0.8835591077804565
2649.7132129185093,0.8818764090538025
2645.856279557127,0.8799797892570496
2641.999346195744,0.8783755302429199
2638.1424128343615,0.8769642114639282
2634.2854794729783,0.8753885626792908
2630.428546111596,0.8738987445831299
2626.5716127502137,0.8725505471229553
2622.7146793888305,0.8712024688720703
2618.8577460274482,0.8696635961532593
2615.000812666065,0.8684858679771423
2611.1438793046827,0.8676978349685669
2607.2869459433005,0.8665747046470642
2603.4300125819173,0.8654812574386597
2599.573079220535,0.8645755648612976
2595.7161458591518,0.8639587759971619
2591.8592124977695,0.8632147312164307
2588.002279136387,0.862007200717926
2584.145345775004,0.8610029816627502
2580.2884124136217,0.8603129386901855
2576.4314790522385,0.8594076633453369
2572.574545690856,0.8586082458496094
2568.717612329474,0.8580337762832642
2564.8606789680907,0.857474148273468
2561.0037456067084,0.857082724571228
2557.1468122453252,0.8568114638328552
2553.289878883943,0.8561921119689941
2549.4329455225607,0.8556280136108398
2545.5760121611775,0.8552441000938416
2541.719078799795,0.8551042079925537
2537.862145438412,0.8548079133033752
2534.0052120770297,0.8545907139778137
2530.1482787156474,0.854762613773346
2526.291345354264,0.8547570109367371
2522.434411992882,0.8549898266792297
2518.5774786314987,0.8551850914955139
2514.7205452701164,0.8551042079925537
2510.863611908734,0.8549643754959106
2507.006678547351,0.8548986315727234
2503.1497451859686,0.8551597595214844
2499.2928118245854,0.8556521534919739
2495.435878463203,0.8554911613464355
2491.578945101821,0.855219304561615
2487.7220117404377,0.8553698658943176
2483.8650783790554,0.8556261658668518
2480.008145017672,0.8557230830192566
2476.15121165629,0.8561248779296875
2472.2942782949076,0.8565391898155212
2468.4373449335244,0.8566521406173706
2464.580411572142,0.8565397262573242
2460.723478210759,0.856813907623291
2456.8665448493766,0.8572034239768982
2453.0096114879943,0.8577374219894409
2449.152678126611,0.8582165837287903
2445.295744765229,0.858443021774292
2441.4388114038456,0.8585582375526428
2437.5818780424634,0.8589547276496887
2433.724944681081,0.8594952821731567
2429.868011319698,0.8599185943603516
2426.0110779583156,0.860222339630127
2422.1541445969324,0.8607711791992188
2418.29721123555,0.8612189888954163
2414.440277874168,0.8616840243339539
2410.5833445127846,0.8621829748153687
2406.7264111514023,0.8628672957420349
2402.869477790019,0.8638198375701904
2399.012544428637,0.8645750880241394
2395.1556110672545,0.8647751808166504
2391.2986777058713,0.8650715351104736
2387.441744344489,0.8655682802200317
2383.584810983106,0.8665081262588501
2379.7278776217236,0.8675674200057983
2375.8709442603413,0.8676385283470154
2372.014010898958,0.8681857585906982
2368.157077537576,0.8694086074829102
2364.3001441761926,0.8703286051750183
2360.4432108148103,0.8717201352119446
2356.586277453428,0.8725970983505249
2352.729344092045,0.8751416206359863
2348.8724107306625,0.87547367811203
2345.0154773692793,0.8779241442680359
2341.158544007897,0.87992924451828
2337.3016106465147,0.8796229362487793
2333.4446772851315,0.8768817782402039
2329.5877439237493,0.8756397366523743
2325.730810562366,0.8771135807037354
2321.8738772009838,0.8793911337852478
2318.0169438396015,0.8794026374816895
2314.1600104782183,0.8797640800476074
2310.303077116836,0.8805361390113831
2306.446143755453,0.8813338279724121
2302.5892103940705,0.8821618556976318
2298.732277032688,0.8831660747528076
2294.875343671305,0.8843374252319336
2291.0184103099227,0.8860365748405457
2287.1614769485395,0.8877742886543274
2283.3045435871572,0.8895281553268433
2279.447610225774,0.8915262222290039
2275.5906768643918,0.8935125470161438
2271.7337435030095,0.8955426812171936
2267.8768101416263,0.897779107093811
2264.019876780244,0.8994284272193909
2260.162943418861,0.9010181427001953
2256.3060100574785,0.9028165340423584
2252.449076696096,0.9046409726142883
2248.592143334713,0.9061622619628906
2244.7352099733307,0.908020555973053
2240.8782766119475,0.910114049911499
2237.021343250565,0.9119564294815063
2233.164409889183,0.9129418134689331
2229.3074765277997,0.9133580327033997
2225.4505431664174,0.9136862754821777
2221.5936098050342,0.9139633774757385
2217.736676443652,0.9138432145118713
2213.8797430822697,0.913385272026062
2210.0228097208865,0.91274094581604
2206.165876359504,0.9128572940826416
2202.308942998121,0.9131672978401184
2198.4520096367387,0.9141926765441895
2194.5950762753564,0.9150276184082031
2190.738142913973,0.9158538579940796
2186.881209552591,0.9173590540885925
2183.0242761912077,0.9193004965782166
2179.1673428298254,0.920713484287262
2175.310409468443,0.9223691821098328
2171.45347610706,0.9242093563079834
2167.5965427456777,0.9262340068817139
2163.7396093842945,0.9287401437759399
2159.882676022912,0.9318215847015381
2156.02574266153,0.9347638487815857
2152.1688093001467,0.9375866055488586
2148.3118759387644,0.9404779672622681
2144.454942577381,0.9436020255088806
2140.598009215999,0.9464226961135864
2136.7410758546166,0.9487040042877197
2132.8841424932334,0.9499911665916443
2129.027209131851,0.9509905576705933
2125.170275770468,0.9519537687301636
2121.3133424090856,0.9528542160987854
2117.4564090477033,0.953739583492279
2113.59947568632,0.9553459286689758
2109.742542324938,0.9570299386978149
2105.8856089635547,0.9591077566146851
2102.0286756021724,0.9610654711723328
2098.17174224079,0.9630932807922363
2094.314808879407,0.9653685092926025
2090.4578755180246,0.9679265022277832
2086.6009421566414,0.9703571796417236
2082.744008795259,0.9729306101799011
2078.887075433877,0.9757418036460876
2075.0301420724936,0.978845477104187
2071.1732087111113,0.9816105365753174
2067.316275349728,0.9848630428314209
2063.459341988346,0.9885229468345642
2059.6024086269636,0.9929357171058655
2055.7454752655804,0.9982818961143494
2051.888541904198,1.0047069787979126
2048.031608542815,1.0118032693862915
2044.1746751814326,1.0214723348617554
2040.3177418200503,1.0338114500045776
2036.460808458667,1.0471221208572388
2032.6038750972848,1.0587413311004639
2028.7469417359016,1.0678244829177856
2024.8900083745193,1.0744962692260742
2021.033075013137,1.0809162855148315
2017.1761416517538,1.089637041091919
2013.3192082903715,1.1014981269836426
2009.4622749289883,1.1138497591018677
2005.605341567606,1.125775694847107
2001.7484082062238,1.134591817855835
1997.8914748448406,1.1399428844451904
1994.0345414834583,1.1430730819702148
1990.177608122075,1.1461129188537598
1986.3206747606928,1.1480098962783813
1982.4637413993105,1.149224877357483
1978.6068080379273,1.1507015228271484
1974.749874676545,1.1524903774261475
1970.8929413151618,1.1527365446090698
1967.0360079537795,1.1511932611465454
1963.1790745923972,1.1489700078964233
1959.322141231014,1.147987723350525
1955.4652078696317,1.1489874124526978
1951.6082745082485,1.1524544954299927
1947.7513411468663,1.1555503606796265
1943.894407785484,1.1574912071228027
1940.0374744241008,1.1591626405715942
1936.1805410627185,1.1611891984939575
1932.3236077013353,1.1631743907928467
1928.466674339953,1.1653482913970947
1924.6097409785707,1.167475938796997
1920.7528076171875,1.1742050647735596
1916.8958742558052,1.1855839490890503
1913.038940894422,1.1996740102767944
1909.1820075330397,1.2178852558135986
1905.3250741716574,1.2387714385986328
1901.4681408102742,1.2577615976333618
1897.611207448892,1.2761001586914062
1893.7542740875087,1.2927508354187012
1889.8973407261265,1.3072923421859741
1886.0404073647442,1.3194659948349
1882.183474003361,1.3290660381317139
1878.3265406419787,1.3370144367218018
1874.4696072805955,1.3442497253417969
1870.6126739192132,1.349589467048645
1866.755740557831,1.3484058380126953
1862.8988071964477,1.3388882875442505
1859.0418738350654,1.3242156505584717
1855.1849404736822,1.3048704862594604
1851.3280071123,1.285897135734558
1847.4710737509176,1.2708730697631836
1843.6141403895344,1.2602289915084839
1839.7572070281522,1.2552427053451538
1835.900273666769,1.2543714046478271
1832.0433403053867,1.2571022510528564
1828.1864069440044,1.264222264289856
1824.3294735826212,1.2726283073425293
1820.472540221239,1.279928207397461
1816.6156068598557,1.286293625831604
1812.7586734984734,1.2947624921798706
1808.901740137091,1.3050040006637573
1805.044806775708,1.3135079145431519
1801.1878734143256,1.320831537246704
1797.3309400529424,1.3272416591644287
1793.4740066915601,1.3313792943954468
1789.6170733301778,1.3367420434951782
1785.7601399687946,1.338548183441162
1781.9032066074124,1.3399933576583862
1778.0462732460292,1.3394120931625366
1774.1893398846469,1.3371610641479492
1770.3324065232646,1.3334765434265137
1766.4754731618814,1.331857442855835
1762.618539800499,1.3308959007263184
1758.761606439116,1.3357669115066528
1754.9046730777336,1.3449726104736328
1751.0477397163513,1.3561393022537231
1747.1908063549681,1.3691627979278564
1743.3338729935858,1.3854403495788574
1739.4769396322026,1.4013208150863647
1735.6200062708203,1.4181798696517944
1731.763072909438,1.4390619993209839
1727.9061395480549,1.454928994178772
1724.0492061866726,1.4672255516052246
1720.1922728252894,1.4827549457550049
1716.335339463907,1.505692720413208
1712.4784061025248,1.5270689725875854
1708.6214727411416,1.5430583953857422
1704.7645393797593,1.5643000602722168
1700.907606018376,1.5854504108428955
1697.0506726569938,1.6191935539245605
1693.1937392956115,1.6472647190093994
1689.3368059342283,1.6629787683486938
1685.479872572846,1.6839274168014526
1681.6229392114628,1.7171111106872559
1677.7660058500805,1.7330950498580933
1673.9090724886983,1.7478216886520386
1670.052139127315,1.7662731409072876
1666.1952057659328,1.78377103805542
1662.3382724045496,1.7978435754776
1658.4813390431673,1.8114155530929565
1654.624405681785,1.8209718465805054
1650.7674723204018,1.8397574424743652
1646.9105389590195,1.8553166389465332
1643.0536055976363,1.8661702871322632
1639.196672236254,1.8746553659439087
1635.3397388748717,1.8830056190490723
1631.4828055134885,1.8778408765792847
1627.6258721521062,1.8685276508331299
1623.768938790723,1.8556362390518188
1619.9120054293408,1.8423575162887573
1616.0550720679585,1.8252195119857788
1612.1981387065753,1.8096208572387695
1608.341205345193,1.7977478504180908
1604.4842719838098,1.778307557106018
1600.6273386224275,1.7589753866195679
1596.7704052610452,1.7428513765335083
1592.913471899662,1.7293691635131836
1589.0565385382797,1.7164232730865479
1585.1996051768965,1.7021936178207397
1581.3426718155142,1.6897618770599365
1577.485738454132,1.679670810699463
1573.6288050927487,1.6683510541915894
1569.7718717313664,1.6593315601348877
1565.9149383699832,1.6510038375854492
1562.058005008601,1.6462161540985107
1558.2010716472187,1.6400327682495117
1554.3441382858355,1.6400026082992554
1550.4872049244532,1.6395760774612427
1546.63027156307,1.640453577041626
1542.7733382016877,1.6468591690063477
1538.9164048403054,1.6603394746780396
1535.0594714789222,1.6632012128829956
1531.20253811754,1.6692125797271729
1527.3456047561567,1.6751525402069092
1523.4886713947744,1.6785259246826172
1519.6317380333921,1.6742724180221558
1515.774804672009,1.6686056852340698
1511.9178713106267,1.662740707397461
1508.0609379492435,1.6580642461776733
1504.2040045878612,1.6579841375350952
1500.3470712264789,1.6589523553848267
1496.4901378650957,1.662509799003601
1492.6332045037134,1.6660094261169434
1488.7762711423302,1.6756948232650757
1484.919337780948,1.6859549283981323
1481.0624044195656,1.6884829998016357
1477.2054710581824,1.6938691139221191
1473.3485376968001,1.7100991010665894
1469.491604335417,1.7255451679229736
1465.6346709740346,1.7343745231628418
1461.7777376126523,1.7414171695709229
1457.9208042512691,1.7499921321868896
1454.0638708898869,1.7673146724700928
1450.2069375285037,1.7723486423492432
1446.3500041671214,1.7809216976165771
1442.493070805739,1.7899837493896484
1438.6361374443559,1.8009451627731323
1434.7792040829736,1.8186360597610474
1430.9222707215904,1.8291597366333008
1427.065337360208,1.8340648412704468
1423.2084039988258,1.8364087343215942
1419.3514706374426,1.844214916229248
1415.4945372760603,1.8507936000823975
1411.6376039146771,1.8532612323760986
1407.7806705532948,1.8593672513961792
1403.9237371919116,1.8635892868041992
1400.0668038305294,1.8690012693405151
1396.209870469147,1.8759750127792358
1392.3529371077639,1.876225233078003
1388.4960037463816,1.8805243968963623
1384.6390703849984,1.8874071836471558
1380.782137023616,1.8954700231552124
1376.9252036622338,1.9059382677078247
1373.0682703008506,1.9099763631820679
1369.2113369394683,1.9088982343673706
1365.354403578085,1.9142695665359497
1361.4974702167028,1.9178730249404907
1357.6405368553205,1.9196146726608276
1353.7836034939373,1.9183717966079712
1349.926670132555,1.9154106378555298
1346.0697367711718,1.9128066301345825
1342.2128034097896,1.9103254079818726
1338.3558700484073,1.9159432649612427
1334.498936687024,1.9189589023590088
1330.6420033256418,1.9122703075408936
1326.7850699642586,1.9056220054626465
1322.9281366028763,1.9030159711837769
1319.071203241494,1.9032596349716187
1315.2142698801108,1.8978383541107178
1311.3573365187285,1.890209436416626
1307.5004031573453,1.880049467086792
1303.643469795963,1.8716233968734741
1299.7865364345807,1.8621169328689575
1295.9296030731975,1.8511064052581787
1292.0726697118153,1.8386492729187012
1288.215736350432,1.8281407356262207
1284.3588029890498,1.8189759254455566
1280.5018696276675,1.809603214263916
1276.6449362662843,1.7965255975723267
1272.788002904902,1.7781122922897339
1268.9310695435188,1.749746561050415
1265.0741361821365,1.7207680940628052
1261.2172028207542,1.6940748691558838
1257.360269459371,1.6664154529571533
1253.5033360979887,1.6410841941833496
1249.6464027366055,1.6207696199417114
1245.7894693752232,1.6018867492675781
1241.932536013841,1.5756850242614746
1238.0756026524577,1.546349287033081
1234.2186692910755,1.521500587463379
1230.3617359296923,1.4952484369277954
1226.50480256831,1.468865990638733
1222.6478692069277,1.4482035636901855
1218.7909358455445,1.438973069190979
1214.9340024841622,1.441663146018982
1211.077069122779,1.451216459274292
1207.2201357613967,1.4637788534164429
1203.3632024000144,1.4785282611846924
1199.5062690386312,1.4898338317871094
1195.649335677249,1.4954639673233032
1191.7924023158657,1.5016132593154907
1187.9354689544834,1.5045440196990967
1184.0785355931012,1.5034136772155762
1180.221602231718,1.5001319646835327
1176.3646688703357,1.4938080310821533
1172.5077355089525,1.4892709255218506
1168.6508021475702,1.493218183517456
1164.7938687861879,1.5122267007827759
1160.9369354248047,1.536833643913269
1157.0800020634224,1.5326005220413208
1153.2230687020392,1.5007927417755127
1149.366135340657,1.4714757204055786
1145.5092019792746,1.4537996053695679
1141.6522686178914,1.4426493644714355
1137.7953352565091,1.4346585273742676
1133.938401895126,1.430031418800354
1130.0814685337436,1.4283276796340942
1126.2245351723614,1.4314323663711548
1122.3676018109782,1.439407229423523
1118.5106684495959,1.4507313966751099
1114.6537350882127,1.462109088897705
1110.7968017268304,1.4674978256225586
1106.939868365448,1.4632502794265747
1103.082935004065,1.456552505493164
1099.2260016426826,1.4507249593734741
1095.3690682812994,1.4448424577713013
1091.5121349199171,1.4382565021514893
1087.6552015585348,1.434653401374817
1083.7982681971516,1.435968041419983
1079.9413348357693,1.4370030164718628
1076.0844014743861,1.4359948635101318
1072.2274681130039,1.4381130933761597
1068.3705347516216,1.4468728303909302
1064.5136013902384,1.4644737243652344
1060.656668028856,1.4826855659484863
1056.7997346674729,1.497177243232727
1052.9428013060906,1.5089315176010132
1049.0858679447083,1.515840768814087
1045.228934583325,1.523666262626648
1041.3720012219428,1.5330630540847778
1037.5150678605596,1.5462461709976196
1033.6581344991773,1.563119649887085
1029.801201137795,1.5806093215942383
1025.9442677764118,1.598533034324646
1022.0873344150295,1.6150875091552734
1018.2304010536463,1.6236149072647095
1014.3734676922641,1.6287343502044678
1010.5165343308818,1.6379557847976685
1006.6596009694986,1.6479707956314087
1002.8026676081163,1.6540247201919556
998.9457342467331,1.659112811088562
995.0888008853508,1.666411280632019
991.2318675239685,1.6718904972076416
987.3749341625853,1.6766550540924072
983.518000801203,1.6799883842468262
979.6610674398198,1.680589199066162
975.8041340784375,1.6803927421569824
971.9472007170552,1.6836916208267212
968.090267355672,1.6897317171096802
964.2333339942898,1.688694953918457
960.3764006329066,1.6939992904663086
956.5194672715243,1.7036291360855103
952.662533910142,1.715877652168274
948.8056005487588,1.7283411026000977
944.9486671873765,1.7396657466888428
941.0917338259933,1.747890591621399
937.234800464611,1.756446361541748
933.3778671032287,1.7655936479568481
929.5209337418455,1.7707144021987915
925.6640003804632,1.778159737586975
921.80706701908,1.7845659255981445
917.9501336576977,1.7845607995986938
914.0932002963154,1.7797988653182983
910.2362669349322,1.7797058820724487
906.37933357355,1.7754123210906982
902.5224002121668,1.767106533050537
898.6654668507845,1.7624284029006958
894.8085334894022,1.756627082824707
890.951600128019,1.751573085784912
887.0946667666367,1.7592926025390625
883.2377334052535,1.7737656831741333
879.3808000438712,1.7792651653289795
875.5238666824889,1.7767157554626465
871.6669333211057,1.773825764656067
867.8099999597234,1.7726778984069824
863.9530665983402,1.7755953073501587
860.0961332369579,1.7693220376968384
856.2391998755757,1.7703524827957153
852.3822665141925,1.792499303817749
848.5253331528102,1.8076269626617432
844.668399791427,1.8259445428848267
840.8114664300447,1.854358434677124
836.9545330686624,1.8860547542572021
833.0975997072792,1.9025321006774902
829.2406663458969,1.9303146600723267
825.3837329845137,1.980063557624817
821.5267996231314,2.015568256378174
817.6698662617491,2.0440404415130615
813.8129329003659,2.0619025230407715
809.9559995389836,2.064535140991211
806.0990661776004,2.026930093765259
802.2421328162181,1.9522761106491089
798.3851994548359,1.893824815750122
794.5282660934527,1.8696287870407104
790.6713327320704,1.8572224378585815
786.8143993706872,1.856085181236267
782.9574660093049,1.8462462425231934
779.1005326479226,1.8181662559509277
775.2435992865394,1.7957321405410767
771.3866659251571,1.7937864065170288
767.5297325637739,1.7954561710357666
763.6727992023916,1.8064810037612915
759.8158658410093,1.8239091634750366
755.9589324796261,1.831013560295105
752.1019991182438,1.8303130865097046
748.2450657568606,1.8436084985733032
744.3881323954784,1.8704584836959839
740.5311990340961,1.8743352890014648
736.6742656727129,1.852217674255371
732.8173323113306,1.8547126054763794
728.9603989499474,1.8799231052398682
725.1034655885651,1.8907302618026733
721.2465322271828,1.8994872570037842
717.3895988657996,1.9128684997558594
713.5326655044173,1.942442774772644
709.6757321430341,1.982993721961975
705.8187987816518,2.0228796005249023
701.9618654202695,2.0594608783721924
698.1049320588863,2.0535218715667725
694.247998697504,2.0150346755981445
690.3910653361208,1.998028039932251
686.5341319747386,1.9905668497085571
682.6771986133563,1.9733967781066895
678.8202652519731,1.9622212648391724
674.9633318905908,1.967283010482788
671.1063985292076,1.9718948602676392
667.2494651678253,1.9512548446655273
663.392531806443,1.953318476676941
659.5355984450598,1.981102466583252
655.6786650836775,1.9924962520599365
651.8217317222943,1.9806196689605713
647.964798360912,1.9941743612289429
644.1078649995297,2.0134291648864746
640.2509316381465,1.9845272302627563
636.3939982767643,1.9937725067138672
632.537064915381,2.0427708625793457
628.6801315539988,2.046945810317993
624.8231981926165,2.031097173690796
620.9662648312333,2.0261847972869873
617.109331469851,2.013739824295044
613.2523981084678,1.991848111152649
609.3954647470855,1.964836835861206
605.5385313857032,1.957789659500122
601.68159802432,1.9569166898727417
597.8246646629377,1.9138227701187134
593.9677313015545,1.871816873550415
590.1107979401722,1.86216139793396
586.25386457879,1.8625668287277222
582.3969312174067,1.843273639678955
578.5399978560245,1.8144878149032593
574.6830644946413,1.7670212984085083
570.826131133259,1.7172788381576538
566.9691977718767,1.7055641412734985
563.1122644104935,1.6873916387557983
559.2553310491112,1.6687628030776978
555.398397687728,1.6452744007110596
551.5414643263457,1.6108531951904297
547.6845309649634,1.586912989616394
543.8275976035802,1.569575309753418
539.9706642421979,1.5581244230270386
536.1137308808147,1.5644253492355347
532.2567975194324,1.6041158437728882
528.3998641580492,1.629378080368042
524.542930796667,1.646784782409668
520.6859974352847,1.6699297428131104
516.8290640739015,1.686927318572998
512.9721307125192,1.6994681358337402
509.115197351136,1.6817721128463745
505.2582639897537,1.6568858623504639
501.4013306283714,1.6364171504974365
497.5443972669882,1.6262646913528442
493.6874639056059,1.6089791059494019
489.8305305442227,1.5633034706115723
485.9735971828404,1.5049978494644165
482.11666382145813,1.426310658454895
478.25973046007493,1.415724754333496
474.40279709869264,1.4211715459823608
470.54586373730945,1.4099864959716797
466.68893037592716,1.3986589908599854
462.83199701454487,1.4211472272872925
458.97506365316167,1.4290963411331177
455.1181302917794,1.4491047859191895
451.2611969303962,1.44385826587677
447.4042635690139,1.4410414695739746
443.5473302076316,1.4592896699905396
439.6903968462484,1.500414252281189
435.8334634848661,1.480815052986145
431.9765301234829,1.4987101554870605
428.1195967621006,1.5193055868148804
424.26266340071834,1.4876271486282349
420.40573003933514,1.4953680038452148
416.54879667795285,1.5085744857788086
412.69186331656965,1.5030156373977661
408.83492995518736,1.54766047000885
404.9779965938051,1.5583415031433105
401.1210632324219,1.4349615573883057
