Wavenumber, SS8.spa
7999.27978515625,0.7960495948791504
7995.422851794868,0.8005473017692566
7991.5659184334845,0.8041365146636963
7987.708985072102,0.8089367747306824
7983.852051710719,0.8190258145332336
7979.995118349337,0.8376673460006714
7976.138184987954,0.8232902884483337
7972.281251626571,0.8030005693435669
7968.424318265189,0.8035375475883484
7964.567384903806,0.8155204653739929
7960.7104515424235,0.8172606825828552
7956.853518181041,0.8059093952178955
7952.996584819658,0.8056918382644653
7949.139651458276,0.8245902061462402
7945.2827180968925,0.8321280479431152
7941.42578473551,0.822097659111023
7937.568851374128,0.815540611743927
7933.711918012745,0.811292827129364
7929.854984651362,0.807177722454071
7925.998051289979,0.8103657364845276
7922.141117928597,0.8015456199645996
7918.284184567215,0.7955753803253174
7914.427251205831,0.8132863640785217
7910.570317844449,0.8217945098876953
7906.713384483066,0.8119747638702393
7902.856451121684,0.8064616918563843
7898.999517760301,0.8027881383895874
7895.142584398918,0.8046748042106628
7891.285651037536,0.8060151934623718
7887.428717676153,0.8010663390159607
7883.57178431477,0.8118266463279724
7879.714850953388,0.8340346217155457
7875.857917592005,0.8318063020706177
7872.000984230623,0.8184270262718201
7868.144050869239,0.8179920315742493
7864.287117507857,0.7949671745300293
7860.430184146475,0.7907342910766602
7856.573250785092,0.8059542775154114
7852.716317423709,0.8117101192474365
7848.859384062326,0.8217025399208069
7845.002450700944,0.8301087617874146
7841.145517339562,0.8305233120918274
7837.288583978178,0.8278170228004456
7833.431650616796,0.8122985363006592
7829.574717255413,0.7949972152709961
7825.717783894031,0.7786849141120911
7821.860850532648,0.7877444624900818
7818.003917171265,0.8103528618812561
7814.146983809883,0.8091580867767334
7810.2900504485,0.7908979654312134
7806.433117087117,0.7868409156799316
7802.576183725735,0.8014219999313354
7798.719250364352,0.8027408719062805
7794.86231700297,0.7963548302650452
7791.005383641586,0.7932983040809631
7787.148450280204,0.8006560802459717
7783.291516918822,0.8047428727149963
7779.434583557439,0.8006904721260071
7775.577650196056,0.7998972535133362
7771.720716834673,0.7978193163871765
7767.863783473291,0.7962731719017029
7764.0068501119085,0.7963393926620483
7760.149916750525,0.7966499328613281
7756.292983389143,0.7908533215522766
7752.43605002776,0.7953089475631714
7748.579116666378,0.805641770362854
7744.722183304995,0.7977031469345093
7740.865249943612,0.8028061389923096
7737.00831658223,0.8194369077682495
7733.151383220847,0.822069525718689
7729.294449859464,0.818979799747467
7725.437516498082,0.8169064521789551
7721.580583136699,0.8151827454566956
7717.7236497753165,0.8118664622306824
7713.866716413933,0.7965827584266663
7710.009783052551,0.7967508435249329
7706.152849691169,0.813578724861145
7702.2959163297855,0.8117918372154236
7698.438982968403,0.7999451756477356
7694.58204960702,0.7920113801956177
7690.725116245638,0.790299117565155
7686.868182884255,0.8021226525306702
7683.011249522872,0.8148212432861328
7679.15431616149,0.8133209943771362
7675.297382800107,0.8054676055908203
7671.4404494387245,0.8031165599822998
7667.583516077342,0.7995601892471313
7663.726582715959,0.7957799434661865
7659.869649354577,0.7982054352760315
7656.0127159931935,0.7973335981369019
7652.155782631811,0.7962819933891296
7648.298849270428,0.7984377145767212
7644.441915909046,0.8015732765197754
7640.5849825476635,0.796420156955719
7636.72804918628,0.7968898415565491
7632.871115824898,0.8043176531791687
7629.014182463516,0.8049705624580383
7625.1572491021325,0.802602231502533
7621.30031574075,0.8088183999061584
7617.443382379367,0.8092896342277527
7613.586449017985,0.798733651638031
7609.7295156566015,0.8031757473945618
7605.872582295219,0.8154814839363098
7602.015648933837,0.8021915555000305
7598.158715572454,0.7945249080657959
7594.301782211071,0.7918695211410522
7590.444848849689,0.7912999391555786
7586.587915488306,0.7975643873214722
7582.730982126924,0.8013501763343811
7578.8740487655405,0.8053666949272156
7575.017115404158,0.8015453219413757
7571.160182042775,0.7955042123794556
7567.303248681393,0.7964869737625122
7563.44631532001,0.7982007265090942
7559.589381958627,0.8013306260108948
7555.732448597245,0.8074645400047302
7551.875515235863,0.811056911945343
7548.018581874479,0.8129702806472778
7544.161648513097,0.8100886344909668
7540.304715151714,0.8040857911109924
7536.447781790332,0.8053742051124573
7532.590848428948,0.8107015490531921
7528.733915067566,0.8215944766998291
7524.876981706184,0.8231039047241211
7521.020048344801,0.8126375079154968
7517.163114983418,0.8117898106575012
7513.306181622036,0.8088867664337158
7509.449248260653,0.8110470771789551
7505.592314899271,0.8090335130691528
7501.735381537887,0.8084781169891357
7497.878448176505,0.8021233677864075
7494.021514815122,0.7964069843292236
7490.16458145374,0.7989558577537537
7486.307648092357,0.8091514110565186
7482.450714730974,0.8096716403961182
7478.593781369592,0.8092336654663086
7474.73684800821,0.8059666156768799
7470.879914646826,0.809159517288208
7467.022981285444,0.8112142086029053
7463.166047924061,0.803221583366394
7459.309114562679,0.8043060302734375
7455.452181201295,0.8120501637458801
7451.595247839913,0.8091446757316589
7447.738314478531,0.7997017502784729
7443.881381117148,0.801145613193512
7440.024447755765,0.8073304295539856
7436.167514394383,0.8024142980575562
7432.310581033,0.789766252040863
7428.453647671618,0.7891436815261841
7424.596714310234,0.8001515865325928
7420.739780948852,0.8125553131103516
7416.882847587469,0.8180925846099854
7413.025914226087,0.8088918924331665
7409.168980864704,0.7991884350776672
7405.312047503321,0.8029081225395203
7401.455114141939,0.8068388104438782
7397.5981807805565,0.8093699812889099
7393.741247419173,0.8107264637947083
7389.884314057791,0.8029099106788635
7386.027380696408,0.7963612675666809
7382.1704473350255,0.7985286712646484
7378.313513973642,0.8041459918022156
7374.45658061226,0.8122231364250183
7370.599647250878,0.8135936260223389
7366.742713889495,0.8092445135116577
7362.885780528112,0.8067026138305664
7359.02884716673,0.8062244057655334
7355.171913805347,0.808845579624176
7351.3149804439645,0.8073156476020813
7347.458047082581,0.8019770979881287
7343.601113721199,0.7991188168525696
7339.744180359816,0.7974795699119568
7335.8872469984335,0.8024671673774719
7332.030313637051,0.8070099353790283
7328.173380275668,0.8052379488945007
7324.316446914286,0.8109416961669922
7320.459513552903,0.8095828890800476
7316.60258019152,0.7956688404083252
7312.745646830138,0.7949179410934448
7308.888713468755,0.8007706999778748
7305.0317801073725,0.7999792695045471
7301.174846745989,0.7916941046714783
7297.317913384607,0.7829679250717163
7293.460980023225,0.7879765629768372
7289.6040466618415,0.8003439903259277
7285.747113300459,0.7981653809547424
7281.890179939076,0.7984547019004822
7278.033246577694,0.8118649125099182
7274.176313216311,0.8259249329566956
7270.319379854928,0.8255186676979065
7266.462446493546,0.809492290019989
7262.605513132163,0.7982845306396484
7258.74857977078,0.7943700551986694
7254.891646409398,0.7990221381187439
7251.034713048015,0.8133183717727661
7247.177779686633,0.8304224014282227
7243.3208463252495,0.8348168730735779
7239.463912963867,0.8273730278015137
7235.606979602485,0.8189213275909424
7231.750046241102,0.8107780814170837
7227.893112879719,0.8076711893081665
7224.036179518336,0.8069631457328796
7220.179246156954,0.8019868731498718
7216.322312795572,0.7973546981811523
7212.465379434188,0.8035359382629395
7208.608446072806,0.8090862035751343
7204.751512711423,0.8105183839797974
7200.894579350041,0.8163597583770752
7197.037645988658,0.8163286447525024
7193.180712627275,0.8095740675926208
7189.323779265893,0.8019874095916748
7185.46684590451,0.7988924384117126
7181.609912543127,0.8003371357917786
7177.752979181745,0.7994577884674072
7173.896045820362,0.7981623411178589
7170.03911245898,0.8076412677764893
7166.182179097596,0.8149750232696533
7162.325245736214,0.8121758103370667
7158.468312374832,0.8093801140785217
7154.611379013449,0.8113633394241333
7150.754445652066,0.8190235495567322
7146.897512290683,0.8242676258087158
7143.040578929301,0.8228819966316223
7139.183645567919,0.813007116317749
7135.326712206535,0.8058139085769653
7131.469778845153,0.8049120903015137
7127.61284548377,0.8077491521835327
7123.755912122388,0.8123105764389038
7119.898978761005,0.8143235445022583
7116.042045399622,0.8199574947357178
7112.18511203824,0.8284068703651428
7108.328178676857,0.8286270499229431
7104.471245315474,0.8233688473701477
7100.614311954092,0.8254510164260864
7096.757378592709,0.823911190032959
7092.900445231327,0.8177821040153503
7089.043511869943,0.8141932487487793
7085.186578508561,0.8151351809501648
7081.329645147179,0.8221337199211121
7077.472711785796,0.8252129554748535
7073.615778424413,0.8241545557975769
7069.75884506303,0.8261446952819824
7065.901911701648,0.8219236135482788
7062.0449783402655,0.8232868909835815
7058.188044978882,0.8280497789382935
7054.3311116175,0.822079062461853
7050.474178256117,0.8210948705673218
7046.6172448947345,0.819722056388855
7042.760311533352,0.8172743320465088
7038.903378171969,0.8257758021354675
7035.046444810587,0.8357820510864258
7031.189511449204,0.8293941020965576
7027.332578087821,0.8162563443183899
7023.475644726439,0.8163003325462341
7019.618711365056,0.8213091492652893
7015.7617780036735,0.8193743228912354
7011.90484464229,0.8118399381637573
7008.047911280908,0.8094161748886108
7004.190977919526,0.8201095461845398
7000.3340445581425,0.8248955607414246
6996.47711119676,0.8212014436721802
6992.620177835377,0.8235939741134644
6988.763244473995,0.8232827186584473
6984.9063111126125,0.8255975842475891
6981.049377751229,0.8270599842071533
6977.192444389847,0.8215572237968445
6973.335511028464,0.8154850602149963
6969.4785776670815,0.8132081627845764
6965.621644305698,0.8107424974441528
6961.764710944316,0.8101990818977356
6957.907777582934,0.8125662207603455
6954.0508442215505,0.8128832578659058
6950.193910860168,0.8119280338287354
6946.336977498786,0.80989670753479
6942.480044137403,0.8146554231643677
6938.62311077602,0.8153902888298035
6934.766177414637,0.8123301267623901
6930.909244053255,0.8102771639823914
6927.052310691872,0.8075709939002991
6923.1953773304895,0.8070794343948364
6919.338443969107,0.8102555274963379
6915.481510607724,0.8135136961936951
6911.624577246342,0.8136787414550781
6907.767643884959,0.8138490319252014
6903.910710523576,0.8171876668930054
6900.053777162194,0.8200522065162659
6896.196843800811,0.8162577152252197
6892.339910439428,0.8085404634475708
6888.482977078045,0.8025034070014954
6884.626043716663,0.8067547082901001
6880.769110355281,0.8118907809257507
6876.912176993897,0.8127419948577881
6873.055243632515,0.8114094734191895
6869.198310271133,0.8088124990463257
6865.34137690975,0.8080381751060486
6861.484443548367,0.8104625344276428
6857.627510186984,0.8126869797706604
6853.770576825602,0.8117643594741821
6849.913643464219,0.8065599203109741
6846.056710102836,0.8038361072540283
6842.199776741454,0.8044336438179016
6838.342843380071,0.8103565573692322
6834.485910018689,0.8143194913864136
6830.628976657306,0.8121203780174255
6826.772043295923,0.810310423374176
6822.915109934541,0.8098136782646179
6819.058176573158,0.8107641935348511
6815.201243211775,0.8136947751045227
6811.344309850392,0.8133848309516907
6807.48737648901,0.8077366352081299
6803.630443127628,0.8046137094497681
6799.773509766244,0.8056778907775879
6795.916576404862,0.8048381805419922
6792.05964304348,0.8077131509780884
6788.202709682097,0.8102461695671082
6784.345776320714,0.8058992028236389
6780.488842959331,0.8042511940002441
6776.631909597949,0.8046212196350098
6772.774976236566,0.8113391399383545
6768.918042875183,0.8150240778923035
6765.061109513801,0.8088873624801636
6761.204176152418,0.8093523383140564
6757.347242791036,0.8174663186073303
6753.490309429653,0.8154489994049072
6749.63337606827,0.8107491135597229
6745.776442706888,0.8092546463012695
6741.919509345505,0.8092080950737
6738.062575984122,0.811656653881073
6734.205642622739,0.8128886818885803
6730.348709261357,0.8116655349731445
6726.4917758999745,0.8090287446975708
6722.634842538591,0.8099821209907532
6718.777909177209,0.8157232403755188
6714.920975815827,0.8159059882164001
6711.064042454444,0.813902735710144
6707.207109093061,0.8095492720603943
6703.350175731678,0.8090784549713135
6699.493242370296,0.8081492781639099
6695.636309008913,0.8036593794822693
6691.77937564753,0.8085129261016846
6687.922442286148,0.8097116351127625
6684.065508924765,0.8050473928451538
6680.2085755633825,0.8058314919471741
6676.351642202,0.8092761039733887
6672.494708840617,0.810088038444519
6668.637775479235,0.8086013197898865
6664.7808421178515,0.8091782927513123
6660.923908756469,0.8071264624595642
6657.066975395086,0.8062434792518616
6653.210042033704,0.806507408618927
6649.3531086723215,0.8088909387588501
6645.496175310938,0.80756014585495
6641.639241949556,0.8013286590576172
6637.782308588174,0.8041167855262756
6633.9253752267905,0.8080823421478271
6630.068441865408,0.8067419528961182
6626.211508504025,0.8077810406684875
6622.354575142643,0.8067992925643921
6618.4976417812595,0.803942859172821
6614.640708419877,0.8020393252372742
6610.783775058495,0.805865466594696
6606.926841697112,0.8076708316802979
6603.069908335729,0.8100377917289734
6599.212974974347,0.8122020959854126
6595.356041612964,0.8102276921272278
6591.499108251582,0.8070974349975586
6587.6421748901985,0.8070346713066101
6583.785241528816,0.8105956315994263
6579.928308167433,0.8120101094245911
6576.071374806051,0.8056944012641907
6572.214441444668,0.8008937835693359
6568.357508083285,0.8006746172904968
6564.500574721903,0.8067076802253723
6560.643641360521,0.8056957125663757
6556.786707999137,0.8036337494850159
6552.929774637755,0.8040931224822998
6549.072841276372,0.8036607503890991
6545.21590791499,0.8063116669654846
6541.3589745536065,0.8031843304634094
6537.502041192224,0.7966611981391907
6533.645107830842,0.7993969917297363
6529.788174469459,0.8066542744636536
6525.931241108076,0.8088962435722351
6522.074307746694,0.8052738308906555
6518.217374385311,0.8009383082389832
6514.360441023929,0.7945507764816284
6510.503507662545,0.7947010397911072
6506.646574301163,0.7992372512817383
6502.78964093978,0.7999308705329895
6498.932707578398,0.8011174201965332
6495.075774217015,0.8012122511863708
6491.218840855632,0.7979454398155212
6487.36190749425,0.7964304685592651
6483.504974132868,0.8003700375556946
6479.648040771484,0.804730236530304
6475.791107410102,0.804505467414856
6471.934174048719,0.8042961359024048
6468.077240687337,0.8056747317314148
6464.220307325953,0.8053492903709412
6460.363373964571,0.8009910583496094
6456.506440603189,0.7983736991882324
6452.649507241806,0.798470139503479
6448.792573880423,0.7980701923370361
6444.935640519041,0.798624575138092
6441.078707157658,0.8010910749435425
6437.221773796276,0.8040546178817749
6433.364840434892,0.8044601082801819
6429.50790707351,0.8047100305557251
6425.650973712127,0.8027572631835938
6421.794040350745,0.8004842400550842
6417.937106989362,0.7989882826805115
6414.080173627979,0.8014048337936401
6410.223240266597,0.8023458123207092
6406.3663069052145,0.8012948632240295
6402.509373543831,0.800602376461029
6398.652440182449,0.8005326390266418
6394.795506821066,0.8004767298698425
6390.9385734596835,0.7999985218048096
6387.0816400983,0.7983622550964355
6383.224706736918,0.7971712350845337
6379.367773375536,0.8001145124435425
6375.510840014153,0.8009596467018127
6371.65390665277,0.7952466607093811
6367.796973291388,0.7933955192565918
6363.940039930005,0.795927882194519
6360.0831065686225,0.794657826423645
6356.226173207239,0.7925519347190857
6352.369239845857,0.7941365242004395
6348.512306484474,0.7947716116905212
6344.6553731230915,0.7957901358604431
6340.798439761709,0.7966650724411011
6336.941506400326,0.7959595918655396
6333.084573038944,0.7975746393203735
6329.2276396775615,0.7999412417411804
6325.370706316178,0.7991071939468384
6321.513772954795,0.7977272272109985
6317.656839593413,0.7980077266693115
6313.7999062320305,0.7984474897384644
6309.942972870647,0.7984702587127686
6306.086039509265,0.7969255447387695
6302.229106147883,0.7941839694976807
6298.3721727864995,0.7931514978408813
6294.515239425117,0.7956236004829407
6290.658306063735,0.7968841791152954
6286.801372702352,0.7959418892860413
6282.9444393409685,0.7964410185813904
6279.087505979586,0.7959612011909485
6275.230572618204,0.7956222295761108
6271.373639256821,0.7951753735542297
6267.5167058954385,0.7934409379959106
6263.659772534056,0.7937109470367432
6259.802839172673,0.7957855463027954
6255.945905811291,0.7945582866668701
6252.088972449908,0.7936517596244812
6248.232039088525,0.7962846159934998
6244.375105727142,0.7955475449562073
6240.51817236576,0.7927733659744263
6236.661239004377,0.7932690978050232
6232.804305642994,0.795091986656189
6228.947372281612,0.7968688607215881
6225.09043892023,0.7978447675704956
6221.233505558846,0.7961754202842712
6217.376572197464,0.7951993942260742
6213.519638836082,0.7944779396057129
6209.662705474699,0.7940210700035095
6205.8057721133155,0.7951231002807617
6201.948838751933,0.7950552701950073
6198.091905390551,0.7941822409629822
6194.234972029168,0.7962053418159485
6190.378038667785,0.7961105704307556
6186.521105306403,0.7915316820144653
6182.66417194502,0.7913973927497864
6178.807238583638,0.7950147390365601
6174.950305222255,0.7922312021255493
6171.093371860872,0.7897872924804688
6167.236438499489,0.7908657789230347
6163.379505138107,0.7930883169174194
6159.522571776724,0.7960326671600342
6155.665638415341,0.7991200685501099
6151.808705053959,0.7988425493240356
6147.951771692577,0.7973559498786926
6144.094838331193,0.796086847782135
6140.237904969811,0.7954543232917786
6136.380971608429,0.796388566493988
6132.524038247046,0.7976842522621155
6128.667104885662,0.7973265647888184
6124.81017152428,0.7931337952613831
6120.953238162898,0.789890706539154
6117.096304801515,0.7909570932388306
6113.239371440132,0.7906835675239563
6109.38243807875,0.7903291583061218
6105.525504717367,0.7902645468711853
6101.668571355985,0.7900499701499939
6097.811637994601,0.791111409664154
6093.954704633219,0.7936862707138062
6090.097771271836,0.7962554693222046
6086.240837910454,0.7964557409286499
6082.383904549071,0.7923991680145264
6078.526971187688,0.7890568375587463
6074.670037826306,0.7884037494659424
6070.8131044649235,0.7885342240333557
6066.95617110354,0.7887731194496155
6063.099237742158,0.7909097671508789
6059.242304380775,0.7904477715492249
6055.385371019393,0.7894777059555054
6051.528437658009,0.7916625738143921
6047.671504296627,0.7920803427696228
6043.814570935245,0.7903965711593628
6039.957637573862,0.7900934219360352
6036.100704212479,0.7892014384269714
6032.243770851097,0.7894086837768555
6028.386837489714,0.7890697717666626
6024.5299041283315,0.7867409586906433
6020.672970766948,0.7859530448913574
6016.816037405566,0.7864587306976318
6012.959104044183,0.7876037359237671
6009.1021706828005,0.7896050810813904
6005.245237321418,0.7910394072532654
6001.388303960035,0.7910947799682617
5997.531370598653,0.7908245921134949
5993.6744372372705,0.7912647724151611
5989.817503875887,0.7895731925964355
5985.960570514505,0.7893854975700378
5982.103637153122,0.7898109555244446
5978.2467037917395,0.787251353263855
5974.389770430356,0.7867481112480164
5970.532837068974,0.7890629172325134
5966.675903707592,0.7907848358154297
5962.8189703462085,0.7904689311981201
5958.962036984826,0.7869226932525635
5955.105103623444,0.7862587571144104
5951.248170262061,0.7886368036270142
5947.3912369006775,0.7902759909629822
5943.534303539296,0.7916280031204224
5939.677370177913,0.7899358868598938
5935.82043681653,0.7892308235168457
5931.9635034551475,0.7891227602958679
5928.106570093765,0.7885689735412598
5924.249636732382,0.7891384363174438
5920.392703371,0.7883499264717102
5916.535770009617,0.7881604433059692
5912.678836648234,0.7867720723152161
5908.821903286851,0.7871848940849304
5904.96496992547,0.7887638807296753
5901.108036564086,0.7886446118354797
5897.251103202703,0.7891051173210144
5893.394169841321,0.787530243396759
5889.537236479939,0.7854035496711731
5885.6803031185555,0.7871564626693726
5881.823369757173,0.7891542911529541
5877.966436395791,0.7882078886032104
5874.109503034408,0.7875030040740967
5870.2525696730245,0.7880822420120239
5866.395636311643,0.7896523475646973
5862.53870295026,0.7909866571426392
5858.681769588877,0.7877715826034546
5854.824836227494,0.7843531966209412
5850.967902866112,0.7859489321708679
5847.110969504729,0.7875120043754578
5843.254036143347,0.7868992686271667
5839.397102781964,0.7870773673057556
5835.540169420581,0.7864633202552795
5831.683236059198,0.7857337594032288
5827.826302697817,0.785529375076294
5823.969369336433,0.7863990068435669
5820.11243597505,0.7846474051475525
5816.255502613668,0.7832061052322388
5812.398569252286,0.7864585518836975
5808.541635890902,0.7872627973556519
5804.68470252952,0.7856320738792419
5800.827769168138,0.7857956886291504
5796.970835806755,0.7863330245018005
5793.113902445371,0.7875350117683411
5789.25696908399,0.7888652682304382
5785.400035722607,0.7889325022697449
5781.543102361224,0.7886887788772583
5777.686168999841,0.7877795696258545
5773.829235638459,0.786445677280426
5769.972302277076,0.7844277024269104
5766.115368915694,0.7834596633911133
5762.258435554311,0.783059298992157
5758.401502192928,0.7837942838668823
5754.544568831545,0.7848352193832397
5750.6876354701635,0.7851260304450989
5746.83070210878,0.7863304615020752
5742.973768747397,0.7872910499572754
5739.116835386015,0.7859274744987488
5735.2599020246325,0.7850579023361206
5731.402968663249,0.7858766913414001
5727.546035301867,0.7859202027320862
5723.689101940485,0.7860984802246094
5719.832168579102,0.7854977250099182
5715.975235217718,0.7844992876052856
5712.118301856337,0.7839669585227966
5708.261368494954,0.7840976715087891
5704.404435133571,0.7840757966041565
5700.547501772188,0.782588005065918
5696.690568410806,0.7803588509559631
5692.833635049423,0.7807279825210571
5688.9767016880405,0.7819706797599792
5685.119768326658,0.7831007242202759
5681.262834965275,0.7829585671424866
5677.405901603892,0.7814205288887024
5673.54896824251,0.7797987461090088
5669.692034881127,0.7812324166297913
5665.835101519744,0.7818189263343811
5661.978168158362,0.7811777591705322
5658.1212347969795,0.7807812690734863
5654.264301435596,0.780299723148346
5650.407368074214,0.7813392877578735
5646.550434712832,0.7833104133605957
5642.6935013514485,0.7843495011329651
5638.836567990065,0.7841050028800964
5634.979634628684,0.7825628519058228
5631.122701267301,0.7815516591072083
5627.2657679059175,0.7809642553329468
5623.408834544535,0.7807065844535828
5619.551901183153,0.7813970446586609
5615.69496782177,0.7836108803749084
5611.8380344603875,0.7852591276168823
5607.981101099005,0.784022331237793
5604.124167737622,0.7820444703102112
5600.267234376239,0.780676007270813
5596.410301014857,0.7796298861503601
5592.553367653474,0.7786346077919006
5588.696434292091,0.77986079454422
5584.839500930709,0.7814940214157104
5580.982567569326,0.781478226184845
5577.125634207943,0.7796699404716492
5573.268700846561,0.7814446091651917
5569.411767485179,0.7823159098625183
5565.554834123795,0.7802825570106506
5561.697900762412,0.7793670296669006
5557.84096740103,0.7798522114753723
5553.984034039648,0.7798993587493896
5550.1271006782645,0.7794987559318542
5546.270167316882,0.7790723443031311
5542.4132339555,0.7791053056716919
5538.556300594117,0.7802618741989136
5534.699367232734,0.7810100317001343
5530.842433871352,0.7795611023902893
5526.985500509969,0.7791765928268433
5523.128567148586,0.7810107469558716
5519.271633787203,0.7806900143623352
5515.414700425821,0.7787615656852722
5511.557767064438,0.7790589928627014
5507.700833703056,0.7791957259178162
5503.843900341673,0.7785911560058594
5499.98696698029,0.7797513604164124
5496.130033618908,0.7788301110267639
5492.273100257526,0.7769027948379517
5488.416166896142,0.7760266065597534
5484.559233534759,0.7772501707077026
5480.702300173377,0.7794802188873291
5476.845366811995,0.7813449501991272
5472.988433450611,0.7808595299720764
5469.131500089229,0.7788659334182739
5465.274566727847,0.7780221700668335
5461.417633366464,0.7769429683685303
5457.560700005081,0.7758458256721497
5453.703766643699,0.7772244811058044
5449.846833282316,0.7775195837020874
5445.989899920933,0.7768014669418335
5442.13296655955,0.7747666835784912
5438.276033198168,0.7746555805206299
5434.419099836785,0.7755789756774902
5430.562166475403,0.7770827412605286
5426.70523311402,0.7778423428535461
5422.848299752637,0.7769625186920166
5418.991366391255,0.7746742963790894
5415.1344330298725,0.7732646465301514
5411.277499668489,0.7750242352485657
5407.420566307106,0.776942789554596
5403.563632945724,0.7769275903701782
5399.706699584342,0.7768849730491638
5395.849766222958,0.7761996984481812
5391.992832861576,0.7757835984230042
5388.135899500194,0.7771269083023071
5384.278966138811,0.7773343920707703
5380.422032777428,0.7758064866065979
5376.565099416046,0.7762503027915955
5372.708166054663,0.777826189994812
5368.85123269328,0.7785100936889648
5364.994299331897,0.7781817317008972
5361.137365970515,0.7767612934112549
5357.280432609132,0.7774826288223267
5353.4234992477495,0.7793259620666504
5349.566565886367,0.7787550091743469
5345.709632524984,0.7778245806694031
5341.852699163602,0.7800949215888977
5337.9957658022195,0.7816612124443054
5334.138832440836,0.7815544009208679
5330.281899079453,0.7812175750732422
5326.424965718071,0.7807844281196594
5322.5680323566885,0.7811437845230103
5318.711098995305,0.7807828783988953
5314.854165633923,0.7827202677726746
5310.997232272541,0.7858291864395142
5307.1402989111575,0.7862619161605835
5303.283365549775,0.7886248230934143
5299.426432188393,0.7917333841323853
5295.56949882701,0.7930026650428772
5291.7125654656265,0.794287919998169
5287.855632104244,0.7965646982192993
5283.998698742862,0.8007618188858032
5280.141765381479,0.8047150373458862
5276.2848320200965,0.80665123462677
5272.427898658714,0.8104261159896851
5268.570965297331,0.8153952956199646
5264.714031935949,0.8156943321228027
5260.857098574566,0.8171206116676331
5257.000165213183,0.8235713243484497
5253.1432318518,0.8280792236328125
5249.286298490418,0.8296024203300476
5245.429365129035,0.8287152051925659
5241.572431767652,0.8299716114997864
5237.71549840627,0.8326517343521118
5233.858565044888,0.8327860832214355
5230.0016316835045,0.8327460885047913
5226.144698322122,0.8331503868103027
5222.28776496074,0.832436203956604
5218.430831599357,0.8307132124900818
5214.5738982379735,0.828704297542572
5210.716964876591,0.8268570899963379
5206.860031515209,0.8250917196273804
5203.003098153826,0.8243996500968933
5199.146164792443,0.8232820630073547
5195.289231431061,0.8230076432228088
5191.432298069678,0.8227203488349915
5187.575364708296,0.820548415184021
5183.718431346913,0.8161916732788086
5179.86149798553,0.8148958086967468
5176.004564624147,0.8169252276420593
5172.147631262765,0.8170098662376404
5168.290697901382,0.816378653049469
5164.433764539999,0.8152374625205994
5160.576831178617,0.8122730255126953
5156.719897817235,0.8101699352264404
5152.862964455851,0.8107307553291321
5149.006031094469,0.8109436631202698
5145.149097733087,0.8099240660667419
5141.292164371704,0.8100468516349792
5137.43523101032,0.8088034987449646
5133.578297648938,0.8063197731971741
5129.721364287556,0.8062683343887329
5125.864430926173,0.8074535131454468
5122.00749756479,0.8067630529403687
5118.150564203408,0.8063141703605652
5114.293630842025,0.8062152862548828
5110.436697480642,0.8054808974266052
5106.57976411926,0.8045132160186768
5102.722830757877,0.8041324615478516
5098.865897396494,0.8040174245834351
5095.008964035112,0.8037564754486084
5091.152030673729,0.8031186461448669
5087.295097312346,0.8020150065422058
5083.438163950964,0.8007516264915466
5079.5812305895815,0.8001935482025146
5075.724297228198,0.7998782992362976
5071.867363866815,0.8002985715866089
5068.010430505434,0.7996748089790344
5064.153497144051,0.7978042960166931
5060.296563782667,0.7976775765419006
5056.439630421285,0.7997159361839294
5052.582697059903,0.7994388937950134
5048.72576369852,0.796785295009613
5044.868830337137,0.795604944229126
5041.011896975755,0.7949494123458862
5037.154963614372,0.7943829894065857
5033.298030252989,0.7932606339454651
5029.441096891607,0.7927144765853882
5025.584163530224,0.7923014760017395
5021.727230168841,0.7912018299102783
5017.8702968074585,0.7909236550331116
5014.013363446076,0.7919169664382935
5010.156430084693,0.7923120260238647
5006.299496723311,0.7909887433052063
5002.4425633619285,0.7900152206420898
4998.585630000545,0.7888666987419128
4994.728696639162,0.7874918580055237
4990.871763277781,0.7869300246238708
4987.0148299163975,0.787318766117096
4983.157896555014,0.7871302366256714
4979.300963193632,0.7860375046730042
4975.44402983225,0.7839955687522888
4971.5870964708665,0.7843035459518433
4967.730163109484,0.7853822708129883
4963.873229748102,0.7853071689605713
4960.016296386719,0.7845919728279114
4956.159363025336,0.783626914024353
4952.302429663954,0.7828673124313354
4948.445496302571,0.7827598452568054
4944.588562941188,0.7824946641921997
4940.7316295798055,0.7827468514442444
4936.874696218423,0.7832292318344116
4933.01776285704,0.7831923365592957
4929.160829495658,0.7819275856018066
4925.303896134275,0.7811852693557739
4921.446962772892,0.7797147631645203
4917.590029411509,0.7792261242866516
4913.733096050128,0.7802531719207764
4909.876162688744,0.7805530428886414
4906.019229327361,0.7799902558326721
4902.162295965979,0.7801738977432251
4898.305362604597,0.7799771428108215
4894.4484292432135,0.7798236012458801
4890.591495881831,0.7787820100784302
4886.734562520449,0.7777732610702515
4882.877629159066,0.7784385681152344
4879.0206957976825,0.7790465354919434
4875.163762436301,0.7781684994697571
4871.306829074918,0.7772341370582581
4867.449895713535,0.7763058543205261
4863.592962352152,0.7765532732009888
4859.73602899077,0.7761468291282654
4855.879095629387,0.7753798961639404
4852.022162268005,0.7750319838523865
4848.165228906622,0.7757028937339783
4844.308295545239,0.774692177772522
4840.451362183856,0.7750649452209473
4836.594428822475,0.7766336798667908
4832.737495461091,0.7761797308921814
4828.880562099708,0.775953471660614
4825.023628738326,0.776560366153717
4821.166695376944,0.775953471660614
4817.30976201556,0.774730920791626
4813.452828654178,0.7739719748497009
4809.595895292796,0.774381697177887
4805.738961931413,0.7749030590057373
4801.882028570029,0.7745260000228882
4798.025095208648,0.7744399905204773
4794.168161847265,0.7741040587425232
4790.311228485882,0.7739209532737732
4786.454295124499,0.7734581232070923
4782.597361763117,0.7734041213989258
4778.740428401734,0.7736010551452637
4774.883495040352,0.7726376056671143
4771.026561678969,0.7726151347160339
4767.169628317586,0.7732012271881104
4763.312694956203,0.7741777896881104
4759.4557615948215,0.7744545340538025
4755.598828233438,0.7746943235397339
4751.741894872055,0.7737534642219543
4747.884961510673,0.7733433842658997
4744.028028149291,0.7734845876693726
4740.171094787907,0.7732053399085999
4736.314161426525,0.773127555847168
4732.457228065143,0.7727096676826477
4728.60029470376,0.772357702255249
4724.743361342376,0.7723575830459595
4720.886427980995,0.7721976041793823
4717.029494619612,0.7714232802391052
4713.172561258229,0.7709945440292358
4709.315627896846,0.7711198925971985
4705.458694535464,0.771192193031311
4701.601761174081,0.7714160680770874
4697.7448278126985,0.7722365260124207
4693.887894451316,0.772841215133667
4690.030961089933,0.7729028463363647
4686.17402772855,0.7724273800849915
4682.317094367168,0.7716171741485596
4678.460161005785,0.771057665348053
4674.603227644402,0.7701648473739624
4670.74629428302,0.7699437141418457
4666.8893609216375,0.7706286311149597
4663.032427560254,0.7710450887680054
4659.175494198872,0.7710450291633606
4655.31856083749,0.7717558145523071
4651.4616274761065,0.7718318104743958
4647.604694114723,0.7716472744941711
4643.747760753341,0.7712823748588562
4639.890827391959,0.7707770466804504
4636.0338940305755,0.7707603573799133
4632.176960669193,0.7713266611099243
4628.320027307811,0.7716795802116394
4624.463093946428,0.7717233896255493
4620.6061605850455,0.7719036340713501
4616.749227223663,0.7717617154121399
4612.89229386228,0.7715731263160706
4609.035360500897,0.7722106575965881
4605.1784271395145,0.772655189037323
4601.321493778132,0.7727943658828735
4597.464560416749,0.7726790308952332
4593.607627055367,0.7731018662452698
4589.750693693984,0.7736786603927612
4585.893760332601,0.7742810845375061
4582.036826971219,0.7753027677536011
4578.179893609837,0.775370180606842
4574.3229602484535,0.7749208807945251
4570.46602688707,0.7740162014961243
4566.609093525688,0.774135410785675
4562.752160164306,0.7753719091415405
4558.8952268029225,0.7764312624931335
4555.03829344154,0.7767211198806763
4551.181360080158,0.7766766548156738
4547.324426718775,0.7777383923530579
4543.467493357392,0.7783202528953552
4539.61055999601,0.7786866426467896
4535.753626634627,0.7791392803192139
4531.896693273244,0.7800703644752502
4528.039759911861,0.7811092138290405
4524.182826550479,0.7819281816482544
4520.325893189096,0.780708909034729
4516.468959827714,0.7787418961524963
4512.612026466331,0.7782679796218872
4508.755093104948,0.7785658836364746
4504.898159743566,0.7789417505264282
4501.041226382184,0.7787830829620361
4497.1842930208,0.7787862420082092
4493.327359659417,0.7791273593902588
4489.470426298035,0.7783454656600952
4485.613492936653,0.777980387210846
4481.756559575269,0.7791574597358704
4477.899626213887,0.7792470455169678
4474.042692852505,0.7781625390052795
4470.185759491122,0.7784932255744934
4466.328826129739,0.7788740396499634
4462.471892768357,0.7783827185630798
4458.614959406974,0.7784237861633301
4454.758026045591,0.7787355184555054
4450.901092684208,0.7786031365394592
4447.044159322826,0.7786120176315308
4443.187225961443,0.779328465461731
4439.330292600061,0.7796747088432312
4435.473359238678,0.7793828248977661
4431.616425877295,0.7788161039352417
4427.759492515913,0.7777540683746338
4423.9025591545305,0.7766672968864441
4420.045625793147,0.7759328484535217
4416.188692431764,0.7764278054237366
4412.331759070382,0.7767753601074219
4408.474825709,0.7759659290313721
4404.617892347616,0.7748281955718994
4400.760958986234,0.7744055986404419
4396.904025624852,0.7748492956161499
4393.047092263469,0.7758363485336304
4389.190158902086,0.7756907939910889
4385.333225540704,0.7753379940986633
4381.476292179321,0.7754822969436646
4377.619358817938,0.7759244441986084
4373.762425456555,0.7765558958053589
4369.905492095173,0.776810348033905
4366.04855873379,0.7772329449653625
4362.1916253724075,0.7776342630386353
4358.334692011025,0.7772964835166931
4354.477758649642,0.7764818668365479
4350.62082528826,0.7770721912384033
4346.7638919268775,0.7784367203712463
4342.906958565494,0.7786144018173218
4339.050025204111,0.7775947451591492
4335.193091842729,0.7758233547210693
4331.3361584813465,0.7757856249809265
4327.479225119963,0.7765851020812988
4323.622291758581,0.7765383720397949
4319.765358397199,0.776487410068512
4315.9084250358155,0.7772216796875
4312.051491674433,0.7775437235832214
4308.194558313051,0.7777073383331299
4304.337624951668,0.7775023579597473
4300.480691590285,0.7773654460906982
4296.623758228902,0.7775825262069702
4292.76682486752,0.7785429954528809
4288.909891506137,0.7794445157051086
4285.0529581447545,0.7802548408508301
4281.196024783372,0.7802979350090027
4277.339091421989,0.7808893322944641
4273.482158060607,0.7818993330001831
4269.625224699224,0.7825780510902405
4265.768291337841,0.7832145094871521
4261.911357976458,0.7835936546325684
4258.054424615076,0.7836772203445435
4254.197491253693,0.7838461399078369
4250.34055789231,0.7851583361625671
4246.483624530928,0.7864017486572266
4242.626691169546,0.7872118949890137
4238.7697578081625,0.7883192300796509
4234.912824446779,0.7889596819877625
4231.055891085398,0.7887967824935913
4227.198957724015,0.7893639802932739
4223.3420243626315,0.7903814911842346
4219.485091001249,0.7906163334846497
4215.628157639867,0.7903583645820618
4211.771224278484,0.79165118932724
4207.914290917101,0.7935867309570312
4204.057357555719,0.7947016358375549
4200.200424194336,0.7947201132774353
4196.343490832953,0.7937377691268921
4192.486557471571,0.7932060360908508
4188.629624110188,0.7941906452178955
4184.772690748805,0.7952874302864075
4180.915757387423,0.7957729697227478
4177.05882402604,0.7954838275909424
4173.201890664657,0.7954734563827515
4169.344957303275,0.7960518598556519
4165.488023941893,0.7971553206443787
4161.631090580509,0.7981542944908142
4157.774157219126,0.7982733845710754
4153.917223857745,0.7981200814247131
4150.060290496362,0.7984942197799683
4146.203357134978,0.7986714243888855
4142.346423773596,0.7995625734329224
4138.489490412214,0.8011316657066345
4134.632557050831,0.8017465472221375
4130.775623689448,0.8016243577003479
4126.918690328066,0.8024938106536865
4123.061756966683,0.8042439222335815
4119.2048236053,0.8054282665252686
4115.347890243918,0.8057678937911987
4111.490956882535,0.8056674003601074
4107.634023521152,0.8065763711929321
4103.77709015977,0.808460533618927
4099.920156798387,0.8099587559700012
4096.063223437004,0.8110741972923279
4092.206290075622,0.812026858329773
4088.349356714239,0.812842845916748
4084.4924233528563,0.8129614591598511
4080.6354899914736,0.8133199214935303
4076.7785566300913,0.8143513798713684
4072.9216232687086,0.8157809376716614
4069.064689907326,0.8165885210037231
4065.207756545943,0.8166463375091553
4061.3508231845603,0.8177759647369385
4057.493889823178,0.8192182779312134
4053.6369564617953,0.8196946978569031
4049.7800231004126,0.8204445242881775
4045.92308973903,0.8217755556106567
4042.066156377647,0.8229955434799194
4038.209223016265,0.8237023949623108
4034.352289654882,0.8242096304893494
4030.4953562934993,0.8250354528427124
4026.6384229321166,0.8260805606842041
4022.781489570734,0.8268641829490662
4018.9245562093515,0.827930212020874
4015.067622847969,0.8292304277420044
4011.210689486586,0.8302821516990662
4007.3537561252033,0.8307328224182129
4003.4968227638205,0.8318141102790833
3999.6398894024383,0.8321292400360107
3995.7829560410555,0.8321820497512817
3991.9260226796728,0.8331097364425659
3988.06908931829,0.834206759929657
3984.2121559569073,0.8346179723739624
3980.355222595525,0.8352481126785278
3976.4982892341422,0.8357424736022949
3972.6413558727595,0.8362323045730591
3968.7844225113768,0.8372117280960083
3964.927489149994,0.838356614112854
3961.0705557886117,0.8386045098304749
3957.213622427229,0.8382892608642578
3953.3566890658462,0.8385422825813293
3949.4997557044635,0.8393260836601257
3945.6428223430808,0.8395596146583557
3941.7858889816985,0.8396121859550476
3937.9289556203157,0.8397188782691956
3934.072022258933,0.8411487936973572
3930.2150888975502,0.8411687612533569
3926.3581555361675,0.8410279750823975
3922.501222174785,0.8415406942367554
3918.6442888134025,0.8419584035873413
3914.7873554520197,0.8411077260971069
3910.930422090637,0.841591477394104
3907.073488729254,0.8434526324272156
3903.2165553678715,0.8434380888938904
3899.359622006489,0.8420993089675903
3895.502688645106,0.8432417511940002
3891.6457552837237,0.8443488478660583
3887.7888219223414,0.8456246256828308
3883.931888560958,0.846454918384552
3880.074955199576,0.846171498298645
3876.2180218381927,0.8467960357666016
3872.3610884768104,0.848077654838562
3868.504155115428,0.8468225002288818
3864.647221754045,0.8456783890724182
3860.7902883926627,0.8464655876159668
3856.9333550312795,0.8501130938529968
3853.076421669897,0.849135160446167
3849.219488308515,0.8482364416122437
3845.3625549471317,0.8514924049377441
3841.5056215857494,0.8532630205154419
3837.648688224366,0.8532405495643616
3833.791754862984,0.8543181419372559
3829.9348215016016,0.8550784587860107
3826.0778881402184,0.8567859530448914
3822.220954778836,0.8595328330993652
3818.364021417453,0.8610561490058899
3814.5070880560706,0.861501157283783
3810.6501546946884,0.8635547161102295
3806.793221333305,0.8664186596870422
3802.936287971923,0.8676874041557312
3799.0793546105397,0.8684797286987305
3795.2224212491574,0.8717697262763977
3791.365487887775,0.874900221824646
3787.508554526392,0.8776450157165527
3783.6516211650096,0.8805538415908813
3779.7946878036264,0.8842774033546448
3775.937754442244,0.8873950839042664
3772.080821080862,0.8916093707084656
3768.2238877194786,0.8962395787239075
3764.3669543580963,0.9001578688621521
3760.510020996713,0.9048689603805542
3756.653087635331,0.9105133414268494
3752.7961542739486,0.9160308241844177
3748.9392209125654,0.9225347638130188
3745.082287551183,0.9277322888374329
3741.2253541898,0.9310872554779053
3737.3684208284176,0.9368504881858826
3733.5114874670353,0.9490247368812561
3729.654554105652,0.9620786905288696
3725.79762074427,0.9799003005027771
3721.9406873828866,1.0124120712280273
3718.0837540215043,1.0548293590545654
3714.226820660122,1.0985026359558105
3710.369887298739,1.1724202632904053
3706.5129539373565,1.2460395097732544
3702.6560205759733,1.3121285438537598
3698.799087214591,1.3825675249099731
3694.9421538532088,1.4163024425506592
3691.0852204918256,1.4178340435028076
3687.2282871304433,1.4062812328338623
3683.37135376906,1.4088671207427979
3679.514420407678,1.429684042930603
3675.6574870462955,1.4712058305740356
3671.8005536849123,1.5291485786437988
3667.94362032353,1.5790245532989502
3664.086686962147,1.6165467500686646
3660.2297536007645,1.6542812585830688
3656.3728202393822,1.6995083093643188
3652.515886877999,1.736220121383667
3648.6589535166167,1.7815921306610107
3644.8020201552335,1.8193607330322266
3640.9450867938513,1.8374342918395996
3637.088153432469,1.8576685190200806
3633.2312200710858,1.8763481378555298
3629.3742867097035,1.8940129280090332
3625.5173533483203,1.9063581228256226
3621.660419986938,1.9133598804473877
3617.8034866255557,1.9111531972885132
3613.9465532641725,1.8972440958023071
3610.08961990279,1.8938193321228027
3606.232686541407,1.8941121101379395
3602.3757531800247,1.8920223712921143
3598.5188198186424,1.8866815567016602
3594.6618864572592,1.883468747138977
3590.804953095877,1.877488613128662
3586.9480197344938,1.8650004863739014
3583.0910863731115,1.866952657699585
3579.234153011729,1.8718658685684204
3575.377219650346,1.8581799268722534
3571.5202862889637,1.8464471101760864
3567.6633529275805,1.8428642749786377
3563.806419566198,1.8401575088500977
3559.949486204816,1.8365240097045898
3556.0925528434327,1.833129644393921
3552.2356194820504,1.8269938230514526
3548.378686120667,1.8183025121688843
3544.521752759285,1.8217560052871704
3540.6648193979026,1.8206663131713867
3536.8078860365194,1.817092776298523
3532.950952675137,1.818435549736023
3529.094019313754,1.8201316595077515
3525.2370859523717,1.8159692287445068
3521.3801525909894,1.8170137405395508
3517.523219229606,1.8216221332550049
3513.666285868224,1.8246625661849976
3509.8093525068407,1.8276559114456177
3505.9524191454584,1.8285255432128906
3502.095485784076,1.829110026359558
3498.238552422693,1.8359920978546143
3494.3816190613106,1.8372529745101929
3490.5246856999274,1.8391830921173096
3486.667752338545,1.8479986190795898
3482.810818977163,1.8575925827026367
3478.9538856157797,1.8534702062606812
3475.0969522543974,1.8457932472229004
3471.240018893014,1.8459925651550293
3467.383085531632,1.8533209562301636
3463.5261521702496,1.8646477460861206
3459.6692188088664,1.869651198387146
3455.812285447484,1.8626179695129395
3451.955352086101,1.8580604791641235
3448.0984187247186,1.8618574142456055
3444.2414853633363,1.8662790060043335
3440.384552001953,1.8692855834960938
3436.527618640571,1.8695331811904907
3432.6706852791876,1.8734619617462158
3428.8137519178053,1.8774712085723877
3424.956818556423,1.877228856086731
3421.09988519504,1.872273325920105
3417.2429518336576,1.8645848035812378
3413.3860184722744,1.8673479557037354
3409.529085110892,1.8721654415130615
3405.67215174951,1.8713253736495972
3401.8152183881266,1.8716388940811157
3397.9582850267443,1.8752813339233398
3394.101351665361,1.8679683208465576
3390.244418303979,1.8585309982299805
3386.3874849425965,1.8531547784805298
3382.5305515812133,1.8510091304779053
3378.673618219831,1.8519189357757568
3374.816684858448,1.854013442993164
3370.9597514970656,1.8479949235916138
3367.1028181356833,1.8423888683319092
3363.2458847743,1.8421075344085693
3359.388951412918,1.8407541513442993
3355.5320180515346,1.8373796939849854
3351.6750846901523,1.8315507173538208
3347.81815132877,1.823428750038147
3343.961217967387,1.819533348083496
3340.1042846060045,1.8125083446502686
3336.2473512446213,1.8076164722442627
3332.390417883239,1.8047966957092285
3328.5334845218567,1.8010340929031372
3324.6765511604735,1.8000630140304565
3320.8196177990912,1.795763373374939
3316.962684437708,1.7905237674713135
3313.1057510763258,1.7889070510864258
3309.2488177149435,1.7827372550964355
3305.3918843535603,1.7793855667114258
3301.534950992178,1.7799620628356934
3297.678017630795,1.7778146266937256
3293.8210842694125,1.7730931043624878
3289.96415090803,1.7687393426895142
3286.107217546647,1.7651818990707397
3282.2502841852647,1.7581080198287964
3278.3933508238815,1.748582363128662
3274.5364174624992,1.747795581817627
3270.679484101117,1.7513540983200073
3266.8225507397337,1.7483959197998047
3262.9656173783515,1.7398430109024048
3259.1086840169683,1.732293963432312
3255.251750655586,1.7280775308609009
3251.3948172942037,1.727339744567871
3247.5378839328205,1.7271250486373901
3243.680950571438,1.723655343055725
3239.824017210055,1.717873215675354
3235.9670838486727,1.7146774530410767
3232.1101504872904,1.7112321853637695
3228.253217125907,1.7042157649993896
3224.396283764525,1.69489324092865
3220.5393504031417,1.6873260736465454
3216.6824170417594,1.681174397468567
3212.825483680377,1.6729369163513184
3208.968550318994,1.6653515100479126
3205.1116169576117,1.6606378555297852
3201.2546835962285,1.6537154912948608
3197.397750234846,1.647362232208252
3193.540816873464,1.6382019519805908
3189.6838835120807,1.6314095258712769
3185.8269501506984,1.6244398355484009
3181.970016789315,1.6155363321304321
3178.113083427933,1.6060847043991089
3174.2561500665506,1.5984641313552856
3170.3992167051674,1.5896438360214233
3166.542283343785,1.5801887512207031
3162.685349982402,1.5716959238052368
3158.8284166210196,1.5628806352615356
3154.9714832596364,1.5548185110092163
3151.114549898254,1.5506856441497803
3147.257616536872,1.5427706241607666
3143.4006831754887,1.5325249433517456
3139.5437498141064,1.5239510536193848
3135.686816452723,1.5162196159362793
3131.829883091341,1.5070302486419678
3127.9729497299586,1.4984856843948364
3124.1160163685754,1.4890414476394653
3120.259083007193,1.4810426235198975
3116.40214964581,1.4738264083862305
3112.5452162844276,1.466598391532898
3108.6882829230453,1.458925724029541
3104.831349561662,1.447990894317627
3100.97441620028,1.437443494796753
3097.1174828388966,1.4321887493133545
3093.2605494775144,1.4246653318405151
3089.403616116132,1.4184670448303223
3085.546682754749,1.4119709730148315
3081.6897493933666,1.4042776823043823
3077.8328160319834,1.3976061344146729
3073.975882670601,1.3897606134414673
3070.118949309219,1.3804734945297241
3066.2620159478356,1.372475028038025
3062.4050825864533,1.3646430969238281
3058.54814922507,1.357237458229065
3054.691215863688,1.349105715751648
3050.8342825023055,1.3420894145965576
3046.9773491409223,1.3357383012771606
3043.12041577954,1.330988883972168
3039.263482418157,1.3236342668533325
3035.4065490567746,1.313954472541809
3031.5496156953923,1.304268479347229
3027.692682334009,1.2977089881896973
3023.835748972627,1.2929967641830444
3019.9788156112436,1.2866898775100708
3016.1218822498613,1.2786571979522705
3012.264948888479,1.2734088897705078
3008.408015527096,1.267422080039978
3004.5510821657135,1.259820580482483
3000.6941488043303,1.2526838779449463
2996.837215442948,1.248050570487976
2992.9802820815657,1.2437766790390015
2989.1233487201825,1.238808274269104
2985.2664153588003,1.2328619956970215
2981.409481997417,1.2278954982757568
2977.5525486360348,1.223534345626831
2973.6956152746525,1.2202565670013428
2969.8386819132693,1.2160604000091553
2965.981748551887,1.2118700742721558
2962.124815190504,1.2083619832992554
2958.2678818291215,1.2049485445022583
2954.410948467739,1.2003130912780762
2950.554015106356,1.1965211629867554
2946.6970817449737,1.1940829753875732
2942.8401483835905,1.1917532682418823
2938.9832150222082,1.1882070302963257
2935.126281660826,1.1847858428955078
2931.2693482994428,1.1819220781326294
2927.4124149380605,1.1778494119644165
2923.5554815766773,1.172276258468628
2919.698548215295,1.1659375429153442
2915.8416148539127,1.1580009460449219
2911.9846814925295,1.1493370532989502
2908.127748131147,1.14113450050354
2904.270814769764,1.134129524230957
2900.4138814083817,1.1273384094238281
2896.5569480469994,1.1210271120071411
2892.700014685616,1.1155632734298706
2888.843081324234,1.110411524772644
2884.9861479628507,1.1055861711502075
2881.1292146014684,1.1011288166046143
2877.272281240086,1.0964668989181519
2873.415347878703,1.0915451049804688
2869.5584145173207,1.086096167564392
2865.7014811559375,1.08130943775177
2861.844547794555,1.0781949758529663
2857.987614433173,1.076259970664978
2854.1306810717897,1.0736584663391113
2850.2737477104074,1.0684773921966553
2846.416814349024,1.059349775314331
2842.559880987642,1.0501145124435425
2838.7029476262596,1.0426325798034668
2834.8460142648764,1.0358740091323853
2830.989080903494,1.0292465686798096
2827.132147542111,1.0235334634780884
2823.2752141807287,1.019075632095337
2819.4182808193464,1.0149937868118286
2815.561347457963,1.010758876800537
2811.704414096581,1.0063560009002686
2807.8474807351977,1.002082109451294
2803.9905473738154,0.9978495240211487
2800.133614012433,0.9944756031036377
2796.27668065105,0.9911876320838928
2792.4197472896676,0.9872525930404663
2788.5628139282844,0.9834170341491699
2784.705880566902,0.9800978899002075
2780.84894720552,0.9765458106994629
2776.9920138441366,0.973215639591217
2773.1350804827543,0.9703450798988342
2769.278147121371,0.9670337438583374
2765.421213759989,0.9636136293411255
2761.5642803986066,0.9606649279594421
2757.7073470372234,0.9581721425056458
2753.850413675841,0.9554571509361267
2749.993480314458,0.9526731967926025
2746.1365469530756,0.9500234127044678
2742.2796135916933,0.9470550417900085
2738.42268023031,0.9440720677375793
2734.565746868928,0.9417776465415955
2730.7088135075446,0.9392399787902832
2726.8518801461623,0.9359686970710754
2722.99494678478,0.9332101941108704
2719.138013423397,0.9313797354698181
2715.2810800620146,0.9291781783103943
2711.4241467006314,0.9264410734176636
2707.567213339249,0.9238327145576477
2703.710279977867,0.9213985204696655
2699.8533466164836,0.919143557548523
2695.9964132551013,0.9167718887329102
2692.139479893718,0.9142667055130005
2688.282546532336,0.9119467735290527
2684.4256131709535,0.9097219705581665
2680.5686798095703,0.9079725742340088
2676.711746448188,0.9063169956207275
2672.854813086805,0.9042448401451111
2668.9978797254225,0.9019917845726013
2665.1409463640402,0.8999249339103699
2661.284013002657,0.8979567885398865
2657.4270796412748,0.8959318399429321
2653.5701462798916,0.8942657113075256
2649.7132129185093,0.8927550911903381
2645.856279557127,0.8911908864974976
2641.999346195744,0.8897804617881775
2638.1424128343615,0.8883559703826904
2634.2854794729783,0.8869781494140625
2630.428546111596,0.8858065009117126
2626.5716127502137,0.8844903707504272
2622.7146793888305,0.8830024600028992
2618.8577460274482,0.8818569183349609
2615.000812666065,0.8808862566947937
2611.1438793046827,0.8797463774681091
2607.2869459433005,0.8786929249763489
2603.4300125819173,0.8778173327445984
2599.573079220535,0.8773053288459778
2595.7161458591518,0.8766372203826904
2591.8592124977695,0.875633716583252
2588.002279136387,0.8747625946998596
2584.145345775004,0.8740740418434143
2580.2884124136217,0.8733041286468506
2576.4314790522385,0.8727216124534607
2572.574545690856,0.8722346425056458
2568.717612329474,0.8719915151596069
2564.8606789680907,0.8719965815544128
2561.0037456067084,0.8715726137161255
2557.1468122453252,0.8711314797401428
2553.289878883943,0.8710857629776001
2549.4329455225607,0.8712442517280579
2545.5760121611775,0.8714854717254639
2541.719078799795,0.8721224665641785
2537.862145438412,0.8730339407920837
2534.0052120770297,0.8742111921310425
2530.1482787156474,0.8750470280647278
2526.291345354264,0.8755790591239929
2522.434411992882,0.8761308193206787
2518.5774786314987,0.8765105605125427
2514.7205452701164,0.8763936758041382
2510.863611908734,0.8761861324310303
2507.006678547351,0.8762620091438293
2503.1497451859686,0.8760623931884766
2499.2928118245854,0.8754245638847351
2495.435878463203,0.8747572898864746
2491.578945101821,0.874373197555542
2487.7220117404377,0.8742135763168335
2483.8650783790554,0.8739024996757507
2480.008145017672,0.8741100430488586
2476.15121165629,0.8749761581420898
2472.2942782949076,0.875296413898468
2468.4373449335244,0.8753661513328552
2464.580411572142,0.87591153383255
2460.723478210759,0.8770182132720947
2456.8665448493766,0.8782113194465637
2453.0096114879943,0.8793095946311951
2449.152678126611,0.8802716135978699
2445.295744765229,0.8812270164489746
2441.4388114038456,0.882070779800415
2437.5818780424634,0.8831079006195068
2433.724944681081,0.8843502998352051
2429.868011319698,0.8858373761177063
2426.0110779583156,0.8871408700942993
2422.1541445969324,0.8879157304763794
2418.29721123555,0.8891228437423706
2414.440277874168,0.8907840251922607
2410.5833445127846,0.8923046588897705
2406.7264111514023,0.8934547305107117
2402.869477790019,0.8943545818328857
2399.012544428637,0.8960942029953003
2395.1556110672545,0.8979270458221436
2391.2986777058713,0.8994169235229492
2387.441744344489,0.9011653661727905
2383.584810983106,0.9025519490242004
2379.7278776217236,0.9035673141479492
2375.8709442603413,0.9045575261116028
2372.014010898958,0.9063192009925842
2368.157077537576,0.9077824354171753
2364.3001441761926,0.9084974527359009
2360.4432108148103,0.9105987548828125
2356.586277453428,0.9116900563240051
2352.729344092045,0.9137072563171387
2348.8724107306625,0.9147385954856873
2345.0154773692793,0.9167137145996094
2341.158544007897,0.9179891347885132
2337.3016106465147,0.9191478490829468
2333.4446772851315,0.9204374551773071
2329.5877439237493,0.9209899306297302
2325.730810562366,0.9223471283912659
2321.8738772009838,0.9236180186271667
2318.0169438396015,0.9250367879867554
2314.1600104782183,0.9266133904457092
2310.303077116836,0.9280340671539307
2306.446143755453,0.9296035766601562
2302.5892103940705,0.9311044812202454
2298.732277032688,0.9323593378067017
2294.875343671305,0.9335423111915588
2291.0184103099227,0.9350850582122803
2287.1614769485395,0.9366481900215149
2283.3045435871572,0.9383043050765991
2279.447610225774,0.9400478601455688
2275.5906768643918,0.941685676574707
2271.7337435030095,0.9428778886795044
2267.8768101416263,0.9442725777626038
2264.019876780244,0.9457701444625854
2260.162943418861,0.9474738240242004
2256.3060100574785,0.9487836956977844
2252.449076696096,0.9498986005783081
2248.592143334713,0.9514490365982056
2244.7352099733307,0.9533505439758301
2240.8782766119475,0.9546851515769958
2237.021343250565,0.955575704574585
2233.164409889183,0.9566524028778076
2229.3074765277997,0.9577999711036682
2225.4505431664174,0.958423376083374
2221.5936098050342,0.9589572548866272
2217.736676443652,0.9596049189567566
2213.8797430822697,0.9604217410087585
2210.0228097208865,0.9609695076942444
2206.165876359504,0.9615494608879089
2202.308942998121,0.962262749671936
2198.4520096367387,0.9632279872894287
2194.5950762753564,0.9637019038200378
2190.738142913973,0.9643434882164001
2186.881209552591,0.9655392169952393
2183.0242761912077,0.9668115973472595
2179.1673428298254,0.9676408767700195
2175.310409468443,0.9686287045478821
2171.45347610706,0.9699061512947083
2167.5965427456777,0.9707688689231873
2163.7396093842945,0.9717799425125122
2159.882676022912,0.9731914401054382
2156.02574266153,0.9741583466529846
2152.1688093001467,0.9753885269165039
2148.3118759387644,0.976689338684082
2144.454942577381,0.9781301617622375
2140.598009215999,0.9795810580253601
2136.7410758546166,0.9807586073875427
2132.8841424932334,0.9817689061164856
2129.027209131851,0.9823256731033325
2125.170275770468,0.9821577072143555
2121.3133424090856,0.9829963445663452
2117.4564090477033,0.9837999939918518
2113.59947568632,0.9842042326927185
2109.742542324938,0.9847180843353271
2105.8856089635547,0.9849008917808533
2102.0286756021724,0.9850672483444214
2098.17174224079,0.9864733815193176
2094.314808879407,0.987587571144104
2090.4578755180246,0.9886172413825989
2086.6009421566414,0.9893791675567627
2082.744008795259,0.9898577332496643
2078.887075433877,0.9903287887573242
2075.0301420724936,0.9916353821754456
2071.1732087111113,0.9929218292236328
2067.316275349728,0.9939842820167542
2063.459341988346,0.9944719076156616
2059.6024086269636,0.995817244052887
2055.7454752655804,0.9975780844688416
2051.888541904198,0.9993972778320312
2048.031608542815,1.0012418031692505
2044.1746751814326,1.003698468208313
2040.3177418200503,1.0071337223052979
2036.460808458667,1.0115190744400024
2032.6038750972848,1.015462875366211
2028.7469417359016,1.0186406373977661
2024.8900083745193,1.0207545757293701
2021.033075013137,1.0227726697921753
2017.1761416517538,1.0251046419143677
2013.3192082903715,1.0289078950881958
2009.4622749289883,1.0331120491027832
2005.605341567606,1.0371373891830444
2001.7484082062238,1.0402843952178955
1997.8914748448406,1.0421240329742432
1994.0345414834583,1.0428768396377563
1990.177608122075,1.0437804460525513
1986.3206747606928,1.0452557802200317
1982.4637413993105,1.0469260215759277
1978.6068080379273,1.0477248430252075
1974.749874676545,1.0487260818481445
1970.8929413151618,1.0495747327804565
1967.0360079537795,1.049716591835022
1963.1790745923972,1.0498567819595337
1959.322141231014,1.0511420965194702
1955.4652078696317,1.0522814989089966
1951.6082745082485,1.0535157918930054
1947.7513411468663,1.0552330017089844
1943.894407785484,1.057466983795166
1940.0374744241008,1.0592689514160156
1936.1805410627185,1.0605026483535767
1932.3236077013353,1.061190128326416
1928.466674339953,1.0626319646835327
1924.6097409785707,1.064115285873413
1920.7528076171875,1.0667355060577393
1916.8958742558052,1.0707862377166748
1913.038940894422,1.0762816667556763
1909.1820075330397,1.0827959775924683
1905.3250741716574,1.0902832746505737
1901.4681408102742,1.0969994068145752
1897.611207448892,1.1038833856582642
1893.7542740875087,1.1102747917175293
1889.8973407261265,1.1161569356918335
1886.0404073647442,1.1217519044876099
1882.183474003361,1.1272274255752563
1878.3265406419787,1.1312557458877563
1874.4696072805955,1.134973406791687
1870.6126739192132,1.137742519378662
1866.755740557831,1.1395570039749146
1862.8988071964477,1.139410138130188
1859.0418738350654,1.1370145082473755
1855.1849404736822,1.1328200101852417
1851.3280071123,1.1293647289276123
1847.4710737509176,1.1260885000228882
1843.6141403895344,1.124652624130249
1839.7572070281522,1.1259522438049316
1835.900273666769,1.128836750984192
1832.0433403053867,1.1322461366653442
1828.1864069440044,1.1368117332458496
1824.3294735826212,1.141603946685791
1820.472540221239,1.1467421054840088
1816.6156068598557,1.1516467332839966
1812.7586734984734,1.1570261716842651
1808.901740137091,1.1634224653244019
1805.044806775708,1.1691428422927856
1801.1878734143256,1.1733115911483765
1797.3309400529424,1.1774300336837769
1793.4740066915601,1.1796791553497314
1789.6170733301778,1.1829379796981812
1785.7601399687946,1.1846612691879272
1781.9032066074124,1.1875779628753662
1778.0462732460292,1.1904411315917969
1774.1893398846469,1.1927776336669922
1770.3324065232646,1.1951625347137451
1766.4754731618814,1.201427698135376
1762.618539800499,1.2081544399261475
1758.761606439116,1.2178032398223877
1754.9046730777336,1.227049708366394
1751.0477397163513,1.2397058010101318
1747.1908063549681,1.2557499408721924
1743.3338729935858,1.2714335918426514
1739.4769396322026,1.2863019704818726
1735.6200062708203,1.3047412633895874
1731.763072909438,1.3288273811340332
1727.9061395480549,1.3522225618362427
1724.0492061866726,1.3721890449523926
1720.1922728252894,1.3933522701263428
1716.335339463907,1.4249249696731567
1712.4784061025248,1.4605997800827026
1708.6214727411416,1.483880639076233
1704.7645393797593,1.5136414766311646
1700.907606018376,1.5474762916564941
1697.0506726569938,1.5964922904968262
1693.1937392956115,1.6318657398223877
1689.3368059342283,1.6577785015106201
1685.479872572846,1.6929887533187866
1681.6229392114628,1.7394133806228638
1677.7660058500805,1.766740322113037
1673.9090724886983,1.7947235107421875
1670.052139127315,1.826245665550232
1666.1952057659328,1.8522244691848755
1662.3382724045496,1.8759516477584839
1658.4813390431673,1.8931752443313599
1654.624405681785,1.9048659801483154
1650.7674723204018,1.9276446104049683
1646.9105389590195,1.9418150186538696
1643.0536055976363,1.9463998079299927
1639.196672236254,1.947665810585022
1635.3397388748717,1.9357273578643799
1631.4828055134885,1.9177662134170532
1627.6258721521062,1.9011207818984985
1623.768938790723,1.8737154006958008
1619.9120054293408,1.840400218963623
1616.0550720679585,1.80654776096344
1612.1981387065753,1.7817065715789795
1608.341205345193,1.7608778476715088
1604.4842719838098,1.7330718040466309
1600.6273386224275,1.7114204168319702
1596.7704052610452,1.6974756717681885
1592.913471899662,1.685078740119934
1589.0565385382797,1.6711798906326294
1585.1996051768965,1.6584323644638062
1581.3426718155142,1.647324562072754
1577.485738454132,1.6362570524215698
1573.6288050927487,1.621052622795105
1569.7718717313664,1.6126407384872437
1565.9149383699832,1.6044877767562866
1562.058005008601,1.6011600494384766
1558.2010716472187,1.5913891792297363
1554.3441382858355,1.5774731636047363
1550.4872049244532,1.5690202713012695
1546.63027156307,1.5628710985183716
1542.7733382016877,1.5548784732818604
1538.9164048403054,1.54367995262146
1535.0594714789222,1.540864109992981
1531.20253811754,1.5426323413848877
1527.3456047561567,1.5415550470352173
1523.4886713947744,1.5369964838027954
1519.6317380333921,1.5322622060775757
1515.774804672009,1.5397571325302124
1511.9178713106267,1.5441057682037354
1508.0609379492435,1.550930142402649
1504.2040045878612,1.5529731512069702
1500.3470712264789,1.553372859954834
1496.4901378650957,1.556074857711792
1492.6332045037134,1.5604705810546875
1488.7762711423302,1.567490577697754
1484.919337780948,1.5761975049972534
1481.0624044195656,1.5808796882629395
1477.2054710581824,1.5870574712753296
1473.3485376968001,1.5992523431777954
1469.491604335417,1.6138155460357666
1465.6346709740346,1.6220184564590454
1461.7777376126523,1.6287347078323364
1457.9208042512691,1.6333024501800537
1454.0638708898869,1.642623782157898
1450.2069375285037,1.6492737531661987
1446.3500041671214,1.6540019512176514
1442.493070805739,1.654850721359253
1438.6361374443559,1.6544947624206543
1434.7792040829736,1.6541519165039062
1430.9222707215904,1.655113935470581
1427.065337360208,1.6539849042892456
1423.2084039988258,1.650310754776001
1419.3514706374426,1.6478080749511719
1415.4945372760603,1.6452168226242065
1411.6376039146771,1.6431970596313477
1407.7806705532948,1.6411100625991821
1403.9237371919116,1.6416287422180176
1400.0668038305294,1.6451945304870605
1396.209870469147,1.6435377597808838
1392.3529371077639,1.6389681100845337
1388.4960037463816,1.635923981666565
1384.6390703849984,1.633150577545166
1380.782137023616,1.6306368112564087
1376.9252036622338,1.6298744678497314
1373.0682703008506,1.6275218725204468
1369.2113369394683,1.625117301940918
1365.354403578085,1.6220556497573853
1361.4974702167028,1.6176410913467407
1357.6405368553205,1.6164082288742065
1353.7836034939373,1.6159093379974365
1349.926670132555,1.6158543825149536
1346.0697367711718,1.6204814910888672
1342.2128034097896,1.623292088508606
1338.3558700484073,1.6241651773452759
1334.498936687024,1.626620888710022
1330.6420033256418,1.6323175430297852
1326.7850699642586,1.6353950500488281
1322.9281366028763,1.6368732452392578
1319.071203241494,1.6406315565109253
1315.2142698801108,1.6463935375213623
1311.3573365187285,1.651391625404358
1307.5004031573453,1.6532442569732666
1303.643469795963,1.654363989830017
1299.7865364345807,1.657984972000122
1295.9296030731975,1.6639677286148071
1292.0726697118153,1.6686817407608032
1288.215736350432,1.6752727031707764
1284.3588029890498,1.6821942329406738
1280.5018696276675,1.688389539718628
1276.6449362662843,1.696643590927124
1272.788002904902,1.6993293762207031
1268.9310695435188,1.7008529901504517
1265.0741361821365,1.7015280723571777
1261.2172028207542,1.6976065635681152
1257.360269459371,1.6934107542037964
1253.5033360979887,1.692441701889038
1249.6464027366055,1.6904369592666626
1245.7894693752232,1.6877590417861938
1241.932536013841,1.6862605810165405
1238.0756026524577,1.6810977458953857
1234.2186692910755,1.6708914041519165
1230.3617359296923,1.6608978509902954
1226.50480256831,1.6555473804473877
1222.6478692069277,1.6528483629226685
1218.7909358455445,1.6554278135299683
1214.9340024841622,1.6660162210464478
1211.077069122779,1.6814287900924683
1207.2201357613967,1.6938444375991821
1203.3632024000144,1.708190679550171
1199.5062690386312,1.727582335472107
1195.649335677249,1.7417808771133423
1191.7924023158657,1.7548997402191162
1187.9354689544834,1.7714296579360962
1184.0785355931012,1.7872051000595093
1180.221602231718,1.8013232946395874
1176.3646688703357,1.8091363906860352
1172.5077355089525,1.8136091232299805
1168.6508021475702,1.8296465873718262
1164.7938687861879,1.85356605052948
1160.9369354248047,1.8763737678527832
1157.0800020634224,1.8858466148376465
1153.2230687020392,1.8769900798797607
1149.366135340657,1.8658709526062012
1145.5092019792746,1.8582978248596191
1141.6522686178914,1.8506277799606323
1137.7953352565091,1.8431402444839478
1133.938401895126,1.8409844636917114
1130.0814685337436,1.8399578332901
1126.2245351723614,1.8420460224151611
1122.3676018109782,1.8465549945831299
1118.5106684495959,1.8530009984970093
1114.6537350882127,1.8615471124649048
1110.7968017268304,1.8582003116607666
1106.939868365448,1.854701042175293
1103.082935004065,1.8506050109863281
1099.2260016426826,1.8440548181533813
1095.3690682812994,1.8345752954483032
1091.5121349199171,1.8268872499465942
1087.6552015585348,1.8251043558120728
1083.7982681971516,1.8189858198165894
1079.9413348357693,1.7981512546539307
1076.0844014743861,1.7730464935302734
1072.2274681130039,1.7565104961395264
1068.3705347516216,1.7470828294754028
1064.5136013902384,1.7395317554473877
1060.656668028856,1.733662724494934
1056.7997346674729,1.7273731231689453
1052.9428013060906,1.7284495830535889
1049.0858679447083,1.7348958253860474
1045.228934583325,1.7435343265533447
1041.3720012219428,1.7491071224212646
1037.5150678605596,1.7564269304275513
1033.6581344991773,1.7646780014038086
1029.801201137795,1.7753026485443115
1025.9442677764118,1.791378140449524
1022.0873344150295,1.7991942167282104
1018.2304010536463,1.8010941743850708
1014.3734676922641,1.8061448335647583
1010.5165343308818,1.8069349527359009
1006.6596009694986,1.81037175655365
1002.8026676081163,1.8160761594772339
998.9457342467331,1.8239006996154785
995.0888008853508,1.833853840827942
991.2318675239685,1.842516541481018
987.3749341625853,1.8420273065567017
983.518000801203,1.8371840715408325
979.6610674398198,1.8329731225967407
975.8041340784375,1.8316740989685059
971.9472007170552,1.831646203994751
968.090267355672,1.833993673324585
964.2333339942898,1.835841417312622
960.3764006329066,1.8388481140136719
956.5194672715243,1.8410097360610962
952.662533910142,1.8444254398345947
948.8056005487588,1.8494566679000854
944.9486671873765,1.8605189323425293
941.0917338259933,1.8627777099609375
937.234800464611,1.8656374216079712
933.3778671032287,1.8720194101333618
929.5209337418455,1.8739570379257202
925.6640003804632,1.8700634241104126
921.80706701908,1.8718070983886719
917.9501336576977,1.891457438468933
914.0932002963154,1.901145577430725
910.2362669349322,1.8828097581863403
906.37933357355,1.8530771732330322
902.5224002121668,1.8407416343688965
898.6654668507845,1.8473663330078125
894.8085334894022,1.8532356023788452
890.951600128019,1.857797622680664
887.0946667666367,1.8663700819015503
883.2377334052535,1.8720805644989014
879.3808000438712,1.8731046915054321
875.5238666824889,1.876746416091919
871.6669333211057,1.8654524087905884
867.8099999597234,1.8515874147415161
863.9530665983402,1.8299974203109741
860.0961332369579,1.8203686475753784
856.2391998755757,1.8150548934936523
852.3822665141925,1.8047151565551758
848.5253331528102,1.8025727272033691
844.668399791427,1.8193939924240112
840.8114664300447,1.8412452936172485
836.9545330686624,1.8702960014343262
833.0975997072792,1.8933038711547852
829.2406663458969,1.9072654247283936
825.3837329845137,1.929273247718811
821.5267996231314,1.9589017629623413
817.6698662617491,1.9839733839035034
813.8129329003659,2.008169651031494
809.9559995389836,2.0280919075012207
806.0990661776004,2.0329630374908447
802.2421328162181,2.0254898071289062
798.3851994548359,2.0138962268829346
794.5282660934527,2.0138566493988037
790.6713327320704,2.0183510780334473
786.8143993706872,2.003525733947754
782.9574660093049,1.9727857112884521
779.1005326479226,1.9575484991073608
775.2435992865394,1.9695707559585571
771.3866659251571,1.9857401847839355
767.5297325637739,1.9816410541534424
763.6727992023916,1.9824870824813843
759.8158658410093,1.9969608783721924
755.9589324796261,1.9900481700897217
752.1019991182438,1.9893757104873657
748.2450657568606,1.9990429878234863
744.3881323954784,2.0203287601470947
740.5311990340961,2.0401597023010254
736.6742656727129,2.0454087257385254
732.8173323113306,2.0402228832244873
728.9603989499474,2.0379538536071777
725.1034655885651,2.0574841499328613
721.2465322271828,2.094723701477051
717.3895988657996,2.1205105781555176
713.5326655044173,2.122262954711914
709.6757321430341,2.1454739570617676
705.8187987816518,2.187074899673462
701.9618654202695,2.191282033920288
698.1049320588863,2.1751089096069336
694.247998697504,2.1559014320373535
690.3910653361208,2.145535707473755
686.5341319747386,2.145308494567871
682.6771986133563,2.15338397026062
678.8202652519731,2.1524388790130615
674.9633318905908,2.1466164588928223
671.1063985292076,2.1164257526397705
667.2494651678253,2.1280128955841064
663.392531806443,2.162220001220703
659.5355984450598,2.173882007598877
655.6786650836775,2.1668756008148193
651.8217317222943,2.1518707275390625
647.964798360912,2.118997097015381
644.1078649995297,2.1021199226379395
640.2509316381465,2.1086010932922363
636.3939982767643,2.0995171070098877
632.537064915381,2.1054909229278564
628.6801315539988,2.166640520095825
624.8231981926165,2.1678555011749268
620.9662648312333,2.1613237857818604
617.109331469851,2.1627004146575928
613.2523981084678,2.1023855209350586
609.3954647470855,2.0988783836364746
605.5385313857032,2.1246883869171143
601.68159802432,2.085864543914795
597.8246646629377,2.0569655895233154
593.9677313015545,2.052826404571533
590.1107979401722,2.0612189769744873
586.25386457879,2.014436721801758
582.3969312174067,1.9855762720108032
578.5399978560245,2.0244085788726807
574.6830644946413,2.0270118713378906
570.826131133259,1.997522234916687
566.9691977718767,1.9987112283706665
563.1122644104935,1.957544207572937
559.2553310491112,1.9085570573806763
555.398397687728,1.8887461423873901
551.5414643263457,1.8886927366256714
547.6845309649634,1.8861274719238281
543.8275976035802,1.8384076356887817
539.9706642421979,1.8110110759735107
536.1137308808147,1.8081752061843872
532.2567975194324,1.8169163465499878
528.3998641580492,1.830407977104187
524.542930796667,1.85575270652771
520.6859974352847,1.8059324026107788
516.8290640739015,1.7862441539764404
512.9721307125192,1.7970528602600098
509.115197351136,1.8101418018341064
505.2582639897537,1.8753116130828857
501.4013306283714,1.8740638494491577
497.5443972669882,1.7990952730178833
493.6874639056059,1.7798444032669067
489.8305305442227,1.7512863874435425
485.9735971828404,1.7689043283462524
482.11666382145813,1.7788290977478027
478.25973046007493,1.74649178981781
474.40279709869264,1.693795919418335
470.54586373730945,1.6992250680923462
466.68893037592716,1.741938829421997
462.83199701454487,1.7343261241912842
458.97506365316167,1.7113914489746094
455.1181302917794,1.6708747148513794
451.2611969303962,1.6834975481033325
447.4042635690139,1.6935253143310547
443.5473302076316,1.7131035327911377
439.6903968462484,1.74330472946167
435.8334634848661,1.7332968711853027
431.9765301234829,1.6814888715744019
428.1195967621006,1.6674927473068237
424.26266340071834,1.6633131504058838
420.40573003933514,1.7120436429977417
416.54879667795285,1.7025952339172363
412.69186331656965,1.714689016342163
408.83492995518736,1.8308405876159668
404.9779965938051,1.8569090366363525
401.1210632324219,1.7398754358291626
