Wavenumber, FCNSWOct20_1014.spa
7999.27978515625,0.5213655829429626
7995.422851794868,0.5205235481262207
7991.5659184334845,0.5234001874923706
7987.708985072102,0.5160588622093201
7983.852051710719,0.5119160413742065
7979.995118349337,0.5197715759277344
7976.138184987954,0.516611635684967
7972.281251626571,0.5100531578063965
7968.424318265189,0.5124813318252563
7964.567384903806,0.5200119018554688
7960.7104515424235,0.5237811207771301
7956.853518181041,0.5218827724456787
7952.996584819658,0.5218032598495483
7949.139651458276,0.5203844308853149
7945.2827180968925,0.5218847990036011
7941.42578473551,0.5226088762283325
7937.568851374128,0.5168375372886658
7933.711918012745,0.5223035216331482
7929.854984651362,0.5307976007461548
7925.998051289979,0.5224484205245972
7922.141117928597,0.5158932209014893
7918.284184567215,0.521081805229187
7914.427251205831,0.5252178907394409
7910.570317844449,0.5183715224266052
7906.713384483066,0.5149320363998413
7902.856451121684,0.518035352230072
7898.999517760301,0.517547607421875
7895.142584398918,0.5123856663703918
7891.285651037536,0.5108942985534668
7887.428717676153,0.5157025456428528
7883.57178431477,0.52900230884552
7879.714850953388,0.5371781587600708
7875.857917592005,0.5351825952529907
7872.000984230623,0.5261055827140808
7868.144050869239,0.5207540988922119
7864.287117507857,0.5198425054550171
7860.430184146475,0.5188190340995789
7856.573250785092,0.5220786929130554
7852.716317423709,0.5179964303970337
7848.859384062326,0.5161399841308594
7845.002450700944,0.518650472164154
7841.145517339562,0.5114729404449463
7837.288583978178,0.5033392310142517
7833.431650616796,0.5017365217208862
7829.574717255413,0.5065292716026306
7825.717783894031,0.5144348740577698
7821.860850532648,0.5221241116523743
7818.003917171265,0.5196838974952698
7814.146983809883,0.5153414011001587
7810.2900504485,0.5114924311637878
7806.433117087117,0.5119935274124146
7802.576183725735,0.512170672416687
7798.719250364352,0.5127405524253845
7794.86231700297,0.5207348465919495
7791.005383641586,0.5224332809448242
7787.148450280204,0.5184013843536377
7783.291516918822,0.5219889283180237
7779.434583557439,0.5222950577735901
7775.577650196056,0.514127254486084
7771.720716834673,0.5104244947433472
7767.863783473291,0.5199837684631348
7764.0068501119085,0.5155590176582336
7760.149916750525,0.506412923336029
7756.292983389143,0.5098218321800232
7752.43605002776,0.5162157416343689
7748.579116666378,0.521062970161438
7744.722183304995,0.5201390981674194
7740.865249943612,0.5144869685173035
7737.00831658223,0.5113482475280762
7733.151383220847,0.5040311217308044
7729.294449859464,0.5072746276855469
7725.437516498082,0.5164352059364319
7721.580583136699,0.5166690945625305
7717.7236497753165,0.5168357491493225
7713.866716413933,0.517203688621521
7710.009783052551,0.5130235552787781
7706.152849691169,0.5074119567871094
7702.2959163297855,0.5120973587036133
7698.438982968403,0.5204483270645142
7694.58204960702,0.5258567929267883
7690.725116245638,0.522243857383728
7686.868182884255,0.5170153975486755
7683.011249522872,0.5204669237136841
7679.15431616149,0.5218629240989685
7675.297382800107,0.5201017260551453
7671.4404494387245,0.5188818573951721
7667.583516077342,0.5151501297950745
7663.726582715959,0.5163062810897827
7659.869649354577,0.5187965035438538
7656.0127159931935,0.5140661597251892
7652.155782631811,0.5125422477722168
7648.298849270428,0.5183454155921936
7644.441915909046,0.5173484086990356
7640.5849825476635,0.5104063749313354
7636.72804918628,0.5127297043800354
7632.871115824898,0.5209529995918274
7629.014182463516,0.5193341374397278
7625.1572491021325,0.5102192163467407
7621.30031574075,0.507292628288269
7617.443382379367,0.5147614479064941
7613.586449017985,0.522153377532959
7609.7295156566015,0.5196019411087036
7605.872582295219,0.514323353767395
7602.015648933837,0.5184212923049927
7598.158715572454,0.5238441228866577
7594.301782211071,0.5232373476028442
7590.444848849689,0.5190436840057373
7586.587915488306,0.5141385197639465
7582.730982126924,0.5106976628303528
7578.8740487655405,0.5137924551963806
7575.017115404158,0.5174935460090637
7571.160182042775,0.5192071199417114
7567.303248681393,0.5228448510169983
7563.44631532001,0.5229196548461914
7559.589381958627,0.5186630487442017
7555.732448597245,0.5172074437141418
7551.875515235863,0.5167047381401062
7548.018581874479,0.5157006978988647
7544.161648513097,0.5191736221313477
7540.304715151714,0.5213541388511658
7536.447781790332,0.5191599726676941
7532.590848428948,0.5126841068267822
7528.733915067566,0.5106558203697205
7524.876981706184,0.5139581561088562
7521.020048344801,0.5170634984970093
7517.163114983418,0.5151881575584412
7513.306181622036,0.5110716819763184
7509.449248260653,0.5091564059257507
7505.592314899271,0.5072174668312073
7501.735381537887,0.5062680244445801
7497.878448176505,0.5070021748542786
7494.021514815122,0.51304692029953
7490.16458145374,0.5167551636695862
7486.307648092357,0.5140976905822754
7482.450714730974,0.5127634406089783
7478.593781369592,0.5117993354797363
7474.73684800821,0.5122910141944885
7470.879914646826,0.5112230777740479
7467.022981285444,0.5118955969810486
7463.166047924061,0.513176679611206
7459.309114562679,0.5118595957756042
7455.452181201295,0.5103617906570435
7451.595247839913,0.5083300471305847
7447.738314478531,0.5103746652603149
7443.881381117148,0.5148840546607971
7440.024447755765,0.5159145593643188
7436.167514394383,0.5200322866439819
7432.310581033,0.5224815607070923
7428.453647671618,0.5201764106750488
7424.596714310234,0.5165700912475586
7420.739780948852,0.5155775547027588
7416.882847587469,0.518314003944397
7413.025914226087,0.5213094353675842
7409.168980864704,0.5241714715957642
7405.312047503321,0.526934027671814
7401.455114141939,0.5300425887107849
7397.5981807805565,0.5312566161155701
7393.741247419173,0.5270941257476807
7389.884314057791,0.5210708379745483
7386.027380696408,0.5136488676071167
7382.1704473350255,0.5097154378890991
7378.313513973642,0.5128327012062073
7374.45658061226,0.5196835994720459
7370.599647250878,0.5242442488670349
7366.742713889495,0.5255799293518066
7362.885780528112,0.5197969079017639
7359.02884716673,0.511631190776825
7355.171913805347,0.5113680362701416
7351.3149804439645,0.5111424922943115
7347.458047082581,0.5095552802085876
7343.601113721199,0.514080822467804
7339.744180359816,0.5176042914390564
7335.8872469984335,0.5215302109718323
7332.030313637051,0.5250236392021179
7328.173380275668,0.5277374386787415
7324.316446914286,0.5275713205337524
7320.459513552903,0.5211185812950134
7316.60258019152,0.5172922015190125
7312.745646830138,0.519403338432312
7308.888713468755,0.5233978033065796
7305.0317801073725,0.5218455791473389
7301.174846745989,0.5174515843391418
7297.317913384607,0.5135141015052795
7293.460980023225,0.5151612758636475
7289.6040466618415,0.5222713947296143
7285.747113300459,0.5225131511688232
7281.890179939076,0.5253483057022095
7278.033246577694,0.5273926258087158
7274.176313216311,0.523694634437561
7270.319379854928,0.5233035683631897
7266.462446493546,0.5210074186325073
7262.605513132163,0.5145553946495056
7258.74857977078,0.510815441608429
7254.891646409398,0.5170780420303345
7251.034713048015,0.522386908531189
7247.177779686633,0.520552396774292
7243.3208463252495,0.518110990524292
7239.463912963867,0.5146539211273193
7235.606979602485,0.5185853242874146
7231.750046241102,0.526537299156189
7227.893112879719,0.5241806507110596
7224.036179518336,0.5189136862754822
7220.179246156954,0.5177494287490845
7216.322312795572,0.5203527808189392
7212.465379434188,0.5265730023384094
7208.608446072806,0.5277614593505859
7204.751512711423,0.5271438360214233
7200.894579350041,0.5236923694610596
7197.037645988658,0.5213900804519653
7193.180712627275,0.5192528367042542
7189.323779265893,0.5189254283905029
7185.46684590451,0.5231409072875977
7181.609912543127,0.526039719581604
7177.752979181745,0.5244027376174927
7173.896045820362,0.5247879028320312
7170.03911245898,0.5290125012397766
7166.182179097596,0.5288385152816772
7162.325245736214,0.5286818146705627
7158.468312374832,0.5298818945884705
7154.611379013449,0.5310572981834412
7150.754445652066,0.5313282012939453
7146.897512290683,0.5301330089569092
7143.040578929301,0.5282914042472839
7139.183645567919,0.5286978483200073
7135.326712206535,0.5274094939231873
7131.469778845153,0.5264055728912354
7127.61284548377,0.5299280285835266
7123.755912122388,0.5325536131858826
7119.898978761005,0.5349308848381042
7116.042045399622,0.5380309820175171
7112.18511203824,0.538193941116333
7108.328178676857,0.5352210402488708
7104.471245315474,0.5341261029243469
7100.614311954092,0.5372326374053955
7096.757378592709,0.5399901866912842
7092.900445231327,0.5349715948104858
7089.043511869943,0.5303306579589844
7085.186578508561,0.5335273742675781
7081.329645147179,0.5363805890083313
7077.472711785796,0.534692645072937
7073.615778424413,0.5352481007575989
7069.75884506303,0.5387898683547974
7065.901911701648,0.5411674380302429
7062.0449783402655,0.5387173891067505
7058.188044978882,0.5342280268669128
7054.3311116175,0.5333538055419922
7050.474178256117,0.5332280397415161
7046.6172448947345,0.5310113430023193
7042.760311533352,0.5318832993507385
7038.903378171969,0.5342906713485718
7035.046444810587,0.531926155090332
7031.189511449204,0.5263972282409668
7027.332578087821,0.5255469083786011
7023.475644726439,0.5263396501541138
7019.618711365056,0.5258492827415466
7015.7617780036735,0.5242820978164673
7011.90484464229,0.522576630115509
7008.047911280908,0.5227155089378357
7004.190977919526,0.5253995656967163
7000.3340445581425,0.5252699255943298
6996.47711119676,0.5235165953636169
6992.620177835377,0.5243487358093262
6988.763244473995,0.5255104899406433
6984.9063111126125,0.5240696668624878
6981.049377751229,0.5230225324630737
6977.192444389847,0.5244172811508179
6973.335511028464,0.5251683592796326
6969.4785776670815,0.5243701338768005
6965.621644305698,0.5248202681541443
6961.764710944316,0.5251865386962891
6957.907777582934,0.5241330862045288
6954.0508442215505,0.5213562250137329
6950.193910860168,0.519608199596405
6946.336977498786,0.5226702094078064
6942.480044137403,0.5256922841072083
6938.62311077602,0.5220985412597656
6934.766177414637,0.5205920934677124
6930.909244053255,0.5216563940048218
6927.052310691872,0.5212501287460327
6923.1953773304895,0.5216500759124756
6919.338443969107,0.5215902924537659
6915.481510607724,0.5174285173416138
6911.624577246342,0.5157496333122253
6907.767643884959,0.5163001418113708
6903.910710523576,0.5171112418174744
6900.053777162194,0.5184065103530884
6896.196843800811,0.5189080834388733
6892.339910439428,0.5182309746742249
6888.482977078045,0.517174243927002
6884.626043716663,0.5161837339401245
6880.769110355281,0.5178819894790649
6876.912176993897,0.5191992521286011
6873.055243632515,0.5183747410774231
6869.198310271133,0.5172650814056396
6865.34137690975,0.518315315246582
6861.484443548367,0.5190314650535583
6857.627510186984,0.5167118906974792
6853.770576825602,0.5170308947563171
6849.913643464219,0.5196931958198547
6846.056710102836,0.5193633437156677
6842.199776741454,0.5184621810913086
6838.342843380071,0.5194247364997864
6834.485910018689,0.5192866325378418
6830.628976657306,0.5168768167495728
6826.772043295923,0.5170235633850098
6822.915109934541,0.5189873576164246
6819.058176573158,0.5182198286056519
6815.201243211775,0.5172122120857239
6811.344309850392,0.5179449915885925
6807.48737648901,0.5164520740509033
6803.630443127628,0.5140103101730347
6799.773509766244,0.5133481025695801
6795.916576404862,0.514768660068512
6792.05964304348,0.5163893699645996
6788.202709682097,0.5173714756965637
6784.345776320714,0.5152046084403992
6780.488842959331,0.514553427696228
6776.631909597949,0.5155092477798462
6772.774976236566,0.5163078904151917
6768.918042875183,0.5157560110092163
6765.061109513801,0.5150208473205566
6761.204176152418,0.5155571103096008
6757.347242791036,0.5145400762557983
6753.490309429653,0.514202892780304
6749.63337606827,0.5160356163978577
6745.776442706888,0.5164943337440491
6741.919509345505,0.5186625123023987
6738.062575984122,0.5202000737190247
6734.205642622739,0.516936182975769
6730.348709261357,0.51302570104599
6726.4917758999745,0.5125033259391785
6722.634842538591,0.5107160210609436
6718.777909177209,0.5107876062393188
6714.920975815827,0.5124533176422119
6711.064042454444,0.5136519074440002
6707.207109093061,0.5162102580070496
6703.350175731678,0.5163120627403259
6699.493242370296,0.514580249786377
6695.636309008913,0.5135868787765503
6691.77937564753,0.5137258768081665
6687.922442286148,0.515398383140564
6684.065508924765,0.51692795753479
6680.2085755633825,0.5149171948432922
6676.351642202,0.5136181712150574
6672.494708840617,0.51358962059021
6668.637775479235,0.5118323564529419
6664.7808421178515,0.5109062790870667
6660.923908756469,0.5103192329406738
6657.066975395086,0.5111725926399231
6653.210042033704,0.5136318802833557
6649.3531086723215,0.5116031169891357
6645.496175310938,0.5076056122779846
6641.639241949556,0.5094481706619263
6637.782308588174,0.5126172304153442
6633.9253752267905,0.512648344039917
6630.068441865408,0.5101840496063232
6626.211508504025,0.5085475444793701
6622.354575142643,0.5074821710586548
6618.4976417812595,0.5084349513053894
6614.640708419877,0.5104306936264038
6610.783775058495,0.5106151103973389
6606.926841697112,0.5096555948257446
6603.069908335729,0.511894702911377
6599.212974974347,0.5133166909217834
6595.356041612964,0.5119919180870056
6591.499108251582,0.5112258791923523
6587.6421748901985,0.5094141364097595
6583.785241528816,0.5078864097595215
6579.928308167433,0.5070969462394714
6576.071374806051,0.5068042874336243
6572.214441444668,0.5086168646812439
6568.357508083285,0.5118567943572998
6564.500574721903,0.5124759078025818
6560.643641360521,0.5096793174743652
6556.786707999137,0.5087228417396545
6552.929774637755,0.5080611705780029
6549.072841276372,0.5059471130371094
6545.21590791499,0.5057699680328369
6541.3589745536065,0.5080017447471619
6537.502041192224,0.5087513327598572
6533.645107830842,0.5080604553222656
6529.788174469459,0.5090796947479248
6525.931241108076,0.510380208492279
6522.074307746694,0.508665919303894
6518.217374385311,0.5053308606147766
6514.360441023929,0.5047669410705566
6510.503507662545,0.5064047574996948
6506.646574301163,0.5075560808181763
6502.78964093978,0.507580041885376
6498.932707578398,0.5060487985610962
6495.075774217015,0.5060734748840332
6491.218840855632,0.5062240958213806
6487.36190749425,0.5064981579780579
6483.504974132868,0.5080196261405945
6479.648040771484,0.5086380839347839
6475.791107410102,0.5063810348510742
6471.934174048719,0.5046579837799072
6468.077240687337,0.5053690671920776
6464.220307325953,0.5078434944152832
6460.363373964571,0.5087122917175293
6456.506440603189,0.5055256485939026
6452.649507241806,0.5046073198318481
6448.792573880423,0.5064013004302979
6444.935640519041,0.5067143440246582
6441.078707157658,0.5056299567222595
6437.221773796276,0.506352961063385
6433.364840434892,0.5070688128471375
6429.50790707351,0.5067890286445618
6425.650973712127,0.506601870059967
6421.794040350745,0.5071322917938232
6417.937106989362,0.5084499716758728
6414.080173627979,0.5091062784194946
6410.223240266597,0.5075244307518005
6406.3663069052145,0.505436897277832
6402.509373543831,0.5045848488807678
6398.652440182449,0.503652811050415
6394.795506821066,0.504361629486084
6390.9385734596835,0.504921019077301
6387.0816400983,0.5047803521156311
6383.224706736918,0.5052578449249268
6379.367773375536,0.5054066777229309
6375.510840014153,0.5047737956047058
6371.65390665277,0.5040518641471863
6367.796973291388,0.5048485398292542
6363.940039930005,0.5060232281684875
6360.0831065686225,0.5053942203521729
6356.226173207239,0.5039867162704468
6352.369239845857,0.5033900141716003
6348.512306484474,0.5032649040222168
6344.6553731230915,0.5031653046607971
6340.798439761709,0.5036270022392273
6336.941506400326,0.5042439103126526
6333.084573038944,0.5039458870887756
6329.2276396775615,0.5040927529335022
6325.370706316178,0.5046980977058411
6321.513772954795,0.5036837458610535
6317.656839593413,0.5027571320533752
6313.7999062320305,0.502632737159729
6309.942972870647,0.502694845199585
6306.086039509265,0.5033838748931885
6302.229106147883,0.5037404894828796
6298.3721727864995,0.502629280090332
6294.515239425117,0.5025382041931152
6290.658306063735,0.5024441480636597
6286.801372702352,0.5022249817848206
6282.9444393409685,0.5023775100708008
6279.087505979586,0.5031774640083313
6275.230572618204,0.5037152767181396
6271.373639256821,0.5025254487991333
6267.5167058954385,0.501396894454956
6263.659772534056,0.5003682971000671
6259.802839172673,0.4996742010116577
6255.945905811291,0.49990570545196533
6252.088972449908,0.49944859743118286
6248.232039088525,0.500881016254425
6244.375105727142,0.5019273161888123
6240.51817236576,0.5012784600257874
6236.661239004377,0.49983400106430054
6232.804305642994,0.49868860840797424
6228.947372281612,0.4990139901638031
6225.09043892023,0.5010828375816345
6221.233505558846,0.5016620755195618
6217.376572197464,0.5014055967330933
6213.519638836082,0.5006297826766968
6209.662705474699,0.4992392063140869
6205.8057721133155,0.49908241629600525
6201.948838751933,0.49820202589035034
6198.091905390551,0.4986394941806793
6194.234972029168,0.5003738403320312
6190.378038667785,0.5003917217254639
6186.521105306403,0.49982818961143494
6182.66417194502,0.5009511113166809
6178.807238583638,0.501567542552948
6174.950305222255,0.5009851455688477
6171.093371860872,0.5003836750984192
6167.236438499489,0.4998543858528137
6163.379505138107,0.4997164011001587
6159.522571776724,0.4998529851436615
6155.665638415341,0.4994356632232666
6151.808705053959,0.49914902448654175
6147.951771692577,0.49933677911758423
6144.094838331193,0.49915120005607605
6140.237904969811,0.4995439350605011
6136.380971608429,0.4996412396430969
6132.524038247046,0.4988415241241455
6128.667104885662,0.4988812506198883
6124.81017152428,0.4989429712295532
6120.953238162898,0.49858054518699646
6117.096304801515,0.4993111789226532
6113.239371440132,0.49850228428840637
6109.38243807875,0.49741753935813904
6105.525504717367,0.49779587984085083
6101.668571355985,0.49819374084472656
6097.811637994601,0.49874237179756165
6093.954704633219,0.49875780940055847
6090.097771271836,0.4972544312477112
6086.240837910454,0.49636372923851013
6082.383904549071,0.4972638189792633
6078.526971187688,0.4993131458759308
6074.670037826306,0.49955761432647705
6070.8131044649235,0.4984409809112549
6066.95617110354,0.49762874841690063
6063.099237742158,0.49687880277633667
6059.242304380775,0.4974310100078583
6055.385371019393,0.4974772334098816
6051.528437658009,0.49725332856178284
6047.671504296627,0.49760377407073975
6043.814570935245,0.49729713797569275
6039.957637573862,0.49678996205329895
6036.100704212479,0.49658358097076416
6032.243770851097,0.49781137704849243
6028.386837489714,0.49759525060653687
6024.5299041283315,0.496796190738678
6020.672970766948,0.4964975118637085
6016.816037405566,0.49695733189582825
6012.959104044183,0.4977927505970001
6009.1021706828005,0.4977653920650482
6005.245237321418,0.49720218777656555
6001.388303960035,0.49678635597229004
5997.531370598653,0.49642127752304077
5993.6744372372705,0.4966263175010681
5989.817503875887,0.49649789929389954
5985.960570514505,0.4957522451877594
5982.103637153122,0.4952878952026367
5978.2467037917395,0.49618077278137207
5974.389770430356,0.49677297472953796
5970.532837068974,0.4968234598636627
5966.675903707592,0.4966636896133423
5962.8189703462085,0.4960745871067047
5958.962036984826,0.4956410825252533
5955.105103623444,0.4962741434574127
5951.248170262061,0.4971029460430145
5947.3912369006775,0.4968102276325226
5943.534303539296,0.49598267674446106
5939.677370177913,0.49592962861061096
5935.82043681653,0.4970351457595825
5931.9635034551475,0.4978421926498413
5928.106570093765,0.4966263771057129
5924.249636732382,0.49524691700935364
5920.392703371,0.4950021803379059
5916.535770009617,0.49526849389076233
5912.678836648234,0.49475958943367004
5908.821903286851,0.4942585825920105
5904.96496992547,0.4948425590991974
5901.108036564086,0.49497631192207336
5897.251103202703,0.4948595464229584
5893.394169841321,0.494353711605072
5889.537236479939,0.4932911694049835
5885.6803031185555,0.4933685064315796
5881.823369757173,0.4941745102405548
5877.966436395791,0.49511051177978516
5874.109503034408,0.4942171573638916
5870.2525696730245,0.49393296241760254
5866.395636311643,0.4952408969402313
5862.53870295026,0.495572954416275
5858.681769588877,0.4947221577167511
5854.824836227494,0.4949495494365692
5850.967902866112,0.49514642357826233
5847.110969504729,0.49457380175590515
5843.254036143347,0.49436265230178833
5839.397102781964,0.4936766028404236
5835.540169420581,0.4931492805480957
5831.683236059198,0.4928404986858368
5827.826302697817,0.4934772253036499
5823.969369336433,0.4948391020298004
5820.11243597505,0.49398401379585266
5816.255502613668,0.49314984679222107
5812.398569252286,0.4928858280181885
5808.541635890902,0.49245819449424744
5804.68470252952,0.49226343631744385
5800.827769168138,0.49212270975112915
5796.970835806755,0.49215951561927795
5793.113902445371,0.4920567572116852
5789.25696908399,0.49219468235969543
5785.400035722607,0.49214690923690796
5781.543102361224,0.4924478828907013
5777.686168999841,0.4933337867259979
5773.829235638459,0.49325665831565857
5769.972302277076,0.4924377501010895
5766.115368915694,0.49120524525642395
5762.258435554311,0.49198639392852783
5758.401502192928,0.4927031695842743
5754.544568831545,0.4926570653915405
5750.6876354701635,0.49260392785072327
5746.83070210878,0.49194279313087463
5742.973768747397,0.4920998215675354
5739.116835386015,0.49287909269332886
5735.2599020246325,0.4928022623062134
5731.402968663249,0.49167412519454956
5727.546035301867,0.4915616810321808
5723.689101940485,0.492295503616333
5719.832168579102,0.49204221367836
5715.975235217718,0.49073779582977295
5712.118301856337,0.49022868275642395
5708.261368494954,0.491626113653183
5704.404435133571,0.49218228459358215
5700.547501772188,0.4917477071285248
5696.690568410806,0.49173152446746826
5692.833635049423,0.4920821785926819
5688.9767016880405,0.4917508661746979
5685.119768326658,0.4908393323421478
5681.262834965275,0.49061012268066406
5677.405901603892,0.49037301540374756
5673.54896824251,0.49077990651130676
5669.692034881127,0.49135008454322815
5665.835101519744,0.49113208055496216
5661.978168158362,0.4907962679862976
5658.1212347969795,0.4907897412776947
5654.264301435596,0.4915564954280853
5650.407368074214,0.4915520250797272
5646.550434712832,0.49024641513824463
5642.6935013514485,0.48988983035087585
5638.836567990065,0.49015769362449646
5634.979634628684,0.49042215943336487
5631.122701267301,0.4910137355327606
5627.2657679059175,0.4907280504703522
5623.408834544535,0.49012213945388794
5619.551901183153,0.48959586024284363
5615.69496782177,0.4895262122154236
5611.8380344603875,0.49026060104370117
5607.981101099005,0.4903929829597473
5604.124167737622,0.4893045127391815
5600.267234376239,0.48906561732292175
5596.410301014857,0.48945456743240356
5592.553367653474,0.48966625332832336
5588.696434292091,0.48950445652008057
5584.839500930709,0.4895092248916626
5580.982567569326,0.4893074333667755
5577.125634207943,0.4885796308517456
5573.268700846561,0.48821115493774414
5569.411767485179,0.48817816376686096
5565.554834123795,0.4885708689689636
5561.697900762412,0.48851507902145386
5557.84096740103,0.48782724142074585
5553.984034039648,0.48776352405548096
5550.1271006782645,0.4881475865840912
5546.270167316882,0.4884216785430908
5542.4132339555,0.48813846707344055
5538.556300594117,0.48752856254577637
5534.699367232734,0.4871094226837158
5530.842433871352,0.4873570501804352
5526.985500509969,0.48832544684410095
5523.128567148586,0.4887579381465912
5519.271633787203,0.4885091185569763
5515.414700425821,0.48810240626335144
5511.557767064438,0.48807841539382935
5507.700833703056,0.4872733950614929
5503.843900341673,0.48712965846061707
5499.98696698029,0.48794278502464294
5496.130033618908,0.4881511926651001
5492.273100257526,0.4878535866737366
5488.416166896142,0.4875139594078064
5484.559233534759,0.4871794879436493
5480.702300173377,0.48673194646835327
5476.845366811995,0.48789331316947937
5472.988433450611,0.4887944161891937
5469.131500089229,0.48770812153816223
5465.274566727847,0.48735904693603516
5461.417633366464,0.48760566115379333
5457.560700005081,0.4885175824165344
5453.703766643699,0.488701730966568
5449.846833282316,0.48773133754730225
5445.989899920933,0.48745736479759216
5442.13296655955,0.48795345425605774
5438.276033198168,0.4879125952720642
5434.419099836785,0.4873756766319275
5430.562166475403,0.4878663718700409
5426.70523311402,0.4877627193927765
5422.848299752637,0.4866665303707123
5418.991366391255,0.4862799644470215
5415.1344330298725,0.48647400736808777
5411.277499668489,0.48749834299087524
5407.420566307106,0.4878343343734741
5403.563632945724,0.48710885643959045
5399.706699584342,0.4869023263454437
5395.849766222958,0.48678532242774963
5391.992832861576,0.4867902100086212
5388.135899500194,0.4863179922103882
5384.278966138811,0.48696428537368774
5380.422032777428,0.48695728182792664
5376.565099416046,0.4864870607852936
5372.708166054663,0.48674020171165466
5368.85123269328,0.48657482862472534
5364.994299331897,0.4866279661655426
5361.137365970515,0.487426221370697
5357.280432609132,0.4872182011604309
5353.4234992477495,0.4878305494785309
5349.566565886367,0.4888445734977722
5345.709632524984,0.48925304412841797
5341.852699163602,0.4901477098464966
5337.9957658022195,0.4901472330093384
5334.138832440836,0.4897863268852234
5330.281899079453,0.4895404577255249
5326.424965718071,0.49107977747917175
5322.5680323566885,0.49283209443092346
5318.711098995305,0.4936249256134033
5314.854165633923,0.4942384660243988
5310.997232272541,0.4939526617527008
5307.1402989111575,0.49456650018692017
5303.283365549775,0.49627816677093506
5299.426432188393,0.49727824330329895
5295.56949882701,0.49816474318504333
5291.7125654656265,0.49920523166656494
5287.855632104244,0.5013447403907776
5283.998698742862,0.5033972263336182
5280.141765381479,0.505266547203064
5276.2848320200965,0.5070508122444153
5272.427898658714,0.508979082107544
5268.570965297331,0.510931134223938
5264.714031935949,0.5138185620307922
5260.857098574566,0.5171979069709778
5257.000165213183,0.5179665088653564
5253.1432318518,0.5179478526115417
5249.286298490418,0.5184109807014465
5245.429365129035,0.520034670829773
5241.572431767652,0.5212733745574951
5237.71549840627,0.5213814377784729
5233.858565044888,0.5212389826774597
5230.0016316835045,0.5209061503410339
5226.144698322122,0.5211362838745117
5222.28776496074,0.5208314657211304
5218.430831599357,0.5202855467796326
5214.5738982379735,0.5193403959274292
5210.716964876591,0.5181793570518494
5206.860031515209,0.5179688930511475
5203.003098153826,0.5177622437477112
5199.146164792443,0.5165591835975647
5195.289231431061,0.5160035490989685
5191.432298069678,0.5152502059936523
5187.575364708296,0.5143309831619263
5183.718431346913,0.5137566924095154
5179.86149798553,0.5143438577651978
5176.004564624147,0.5144505500793457
5172.147631262765,0.5132482051849365
5168.290697901382,0.5119494199752808
5164.433764539999,0.511587917804718
5160.576831178617,0.5118435621261597
5156.719897817235,0.5111739635467529
5152.862964455851,0.5107514262199402
5149.006031094469,0.5110946893692017
5145.149097733087,0.5104959011077881
5141.292164371704,0.509342610836029
5137.43523101032,0.508064329624176
5133.578297648938,0.5080953240394592
5129.721364287556,0.5087693333625793
5125.864430926173,0.5082864165306091
5122.00749756479,0.5071322321891785
5118.150564203408,0.5063902735710144
5114.293630842025,0.5061041116714478
5110.436697480642,0.5055964589118958
5106.57976411926,0.5053271651268005
5102.722830757877,0.5062723755836487
5098.865897396494,0.5066998600959778
5095.008964035112,0.5061912536621094
5091.152030673729,0.5055161118507385
5087.295097312346,0.5053297877311707
5083.438163950964,0.5051520466804504
5079.5812305895815,0.5050725340843201
5075.724297228198,0.504560649394989
5071.867363866815,0.503699779510498
5068.010430505434,0.5030191540718079
5064.153497144051,0.5024576783180237
5060.296563782667,0.5022833347320557
5056.439630421285,0.5026963949203491
5052.582697059903,0.5029317736625671
5048.72576369852,0.502629280090332
5044.868830337137,0.5015558004379272
5041.011896975755,0.500439465045929
5037.154963614372,0.49973538517951965
5033.298030252989,0.4999248683452606
5029.441096891607,0.5003660321235657
5025.584163530224,0.5003531575202942
5021.727230168841,0.500596821308136
5017.8702968074585,0.5006874799728394
5014.013363446076,0.4996894299983978
5010.156430084693,0.49919402599334717
5006.299496723311,0.4989266097545624
5002.4425633619285,0.4984932243824005
4998.585630000545,0.49867114424705505
4994.728696639162,0.4986076056957245
4990.871763277781,0.49805501103401184
4987.0148299163975,0.4976283311843872
4983.157896555014,0.49737560749053955
4979.300963193632,0.4973642826080322
4975.44402983225,0.49722081422805786
4971.5870964708665,0.4975903630256653
4967.730163109484,0.497358500957489
4963.873229748102,0.4971981346607208
4960.016296386719,0.49642881751060486
4956.159363025336,0.4958030581474304
4952.302429663954,0.4960536062717438
4948.445496302571,0.49612098932266235
4944.588562941188,0.4961172938346863
4940.7316295798055,0.49666640162467957
4936.874696218423,0.49648401141166687
4933.01776285704,0.49617013335227966
4929.160829495658,0.49591290950775146
4925.303896134275,0.49578654766082764
4921.446962772892,0.49545255303382874
4917.590029411509,0.4951460659503937
4913.733096050128,0.49485841393470764
4909.876162688744,0.4949096143245697
4906.019229327361,0.494912713766098
4902.162295965979,0.49524927139282227
4898.305362604597,0.49506676197052
4894.4484292432135,0.4948332905769348
4890.591495881831,0.49460408091545105
4886.734562520449,0.49484002590179443
4882.877629159066,0.4947536289691925
4879.0206957976825,0.4946894943714142
4875.163762436301,0.49475768208503723
4871.306829074918,0.49447187781333923
4867.449895713535,0.49396124482154846
4863.592962352152,0.49424952268600464
4859.73602899077,0.4943583011627197
4855.879095629387,0.49455130100250244
4852.022162268005,0.494695782661438
4848.165228906622,0.494380921125412
4844.308295545239,0.4940485954284668
4840.451362183856,0.4940817356109619
4836.594428822475,0.4941316545009613
4832.737495461091,0.4943300187587738
4828.880562099708,0.49444451928138733
4825.023628738326,0.4947996437549591
4821.166695376944,0.4947201907634735
4817.30976201556,0.49498045444488525
4813.452828654178,0.4951432943344116
4809.595895292796,0.49540388584136963
4805.738961931413,0.4951622486114502
4801.882028570029,0.49457743763923645
4798.025095208648,0.49488598108291626
4794.168161847265,0.49530190229415894
4790.311228485882,0.4953761398792267
4786.454295124499,0.49559199810028076
4782.597361763117,0.49557599425315857
4778.740428401734,0.49529561400413513
4774.883495040352,0.49516013264656067
4771.026561678969,0.4956592619419098
4767.169628317586,0.4954944849014282
4763.312694956203,0.49489593505859375
4759.4557615948215,0.4950668513774872
4755.598828233438,0.4953538179397583
4751.741894872055,0.49588581919670105
4747.884961510673,0.49632275104522705
4744.028028149291,0.49614766240119934
4740.171094787907,0.49672064185142517
4736.314161426525,0.4974220097064972
4732.457228065143,0.49763599038124084
4728.60029470376,0.49693942070007324
4724.743361342376,0.4966141879558563
4720.886427980995,0.49704140424728394
4717.029494619612,0.49740836024284363
4713.172561258229,0.4973656237125397
4709.315627896846,0.4973117709159851
4705.458694535464,0.4968239367008209
4701.601761174081,0.49740660190582275
4697.7448278126985,0.49780628085136414
4693.887894451316,0.49741747975349426
4690.030961089933,0.4976790249347687
4686.17402772855,0.49843692779541016
4682.317094367168,0.4983344078063965
4678.460161005785,0.49797168374061584
4674.603227644402,0.498565673828125
4670.74629428302,0.4997892677783966
4666.8893609216375,0.49982863664627075
4663.032427560254,0.49976032972335815
4659.175494198872,0.5005796551704407
4655.31856083749,0.5018134117126465
4651.4616274761065,0.5022634863853455
4647.604694114723,0.502281665802002
4643.747760753341,0.5025526285171509
4639.890827391959,0.5036634802818298
4636.0338940305755,0.5046987533569336
4632.176960669193,0.5056899189949036
4628.320027307811,0.5063989162445068
4624.463093946428,0.5068333148956299
4620.6061605850455,0.5076605081558228
4616.749227223663,0.5087404251098633
4612.89229386228,0.5095931887626648
4609.035360500897,0.5105423331260681
4605.1784271395145,0.511504054069519
4601.321493778132,0.5124361515045166
4597.464560416749,0.5125873684883118
4593.607627055367,0.5130363702774048
4589.750693693984,0.5145331621170044
4585.893760332601,0.515920102596283
4582.036826971219,0.5167140364646912
4578.179893609837,0.5176145434379578
4574.3229602484535,0.5188434720039368
4570.46602688707,0.5203022360801697
4566.609093525688,0.5215916037559509
4562.752160164306,0.5232433080673218
4558.8952268029225,0.5248209834098816
4555.03829344154,0.5261132121086121
4551.181360080158,0.5267858505249023
4547.324426718775,0.5275535583496094
4543.467493357392,0.5289120674133301
4539.61055999601,0.5304056406021118
4535.753626634627,0.5317274928092957
4531.896693273244,0.5327963829040527
4528.039759911861,0.5332425236701965
4524.182826550479,0.5320403575897217
4520.325893189096,0.5295440554618835
4516.468959827714,0.5273314118385315
4512.612026466331,0.5253135561943054
4508.755093104948,0.5232771039009094
4504.898159743566,0.521819531917572
4501.041226382184,0.5206870436668396
4497.1842930208,0.5195050835609436
4493.327359659417,0.5189222693443298
4489.470426298035,0.5184874534606934
4485.613492936653,0.5180712938308716
4481.756559575269,0.5172184109687805
4477.899626213887,0.5164043307304382
4474.042692852505,0.5164600014686584
4470.185759491122,0.5170620083808899
4466.328826129739,0.5169258713722229
4462.471892768357,0.5163850784301758
4458.614959406974,0.5162063837051392
4454.758026045591,0.5161142945289612
4450.901092684208,0.5156356692314148
4447.044159322826,0.5151531100273132
4443.187225961443,0.5148482322692871
4439.330292600061,0.5142934322357178
4435.473359238678,0.5137038230895996
4431.616425877295,0.5137315392494202
4427.759492515913,0.5141035318374634
4423.9025591545305,0.5142423510551453
4420.045625793147,0.5141318440437317
4416.188692431764,0.5142730474472046
4412.331759070382,0.514407753944397
4408.474825709,0.5142729878425598
4404.617892347616,0.5146883726119995
4400.760958986234,0.5153231620788574
4396.904025624852,0.5159389972686768
4393.047092263469,0.5167993903160095
4389.190158902086,0.516964316368103
4385.333225540704,0.5170637369155884
4381.476292179321,0.5174610018730164
4377.619358817938,0.518071174621582
4373.762425456555,0.5183866024017334
4369.905492095173,0.5186020731925964
4366.04855873379,0.518897294998169
4362.1916253724075,0.5185238718986511
4358.334692011025,0.51884925365448
4354.477758649642,0.5199456214904785
4350.62082528826,0.5201539397239685
4346.7638919268775,0.5198802351951599
4342.906958565494,0.5202192068099976
4339.050025204111,0.5205296874046326
4335.193091842729,0.5210781097412109
4331.3361584813465,0.5218059420585632
4327.479225119963,0.5218678712844849
4323.622291758581,0.5221685767173767
4319.765358397199,0.5228276252746582
4315.9084250358155,0.5234338641166687
4312.051491674433,0.5239669680595398
4308.194558313051,0.5239967107772827
4304.337624951668,0.5243179202079773
4300.480691590285,0.525303840637207
4296.623758228902,0.5261266827583313
4292.76682486752,0.5266126990318298
4288.909891506137,0.5272015929222107
4285.0529581447545,0.5280314087867737
4281.196024783372,0.5287322998046875
4277.339091421989,0.5293484330177307
4273.482158060607,0.5299405455589294
4269.625224699224,0.5308750867843628
4265.768291337841,0.5316722989082336
4261.911357976458,0.5322126746177673
4258.054424615076,0.5328947901725769
4254.197491253693,0.5340069532394409
4250.34055789231,0.5344019532203674
4246.483624530928,0.533898115158081
4242.626691169546,0.5338794589042664
4238.7697578081625,0.5340486168861389
4234.912824446779,0.5343332290649414
4231.055891085398,0.5345561504364014
4227.198957724015,0.5344830751419067
4223.3420243626315,0.5349097847938538
4219.485091001249,0.5358685255050659
4215.628157639867,0.5362642407417297
4211.771224278484,0.5361303687095642
4207.914290917101,0.5363829731941223
4204.057357555719,0.5375080704689026
4200.200424194336,0.5383778214454651
4196.343490832953,0.5390695333480835
4192.486557471571,0.539610743522644
4188.629624110188,0.5398732423782349
4184.772690748805,0.540201723575592
4180.915757387423,0.5404883623123169
4177.05882402604,0.5407249927520752
4173.201890664657,0.5409132838249207
4169.344957303275,0.5411933660507202
4165.488023941893,0.5412256717681885
4161.631090580509,0.5414645075798035
4157.774157219126,0.5420680642127991
4153.917223857745,0.5427322387695312
4150.060290496362,0.5432771444320679
4146.203357134978,0.543843150138855
4142.346423773596,0.5446889400482178
4138.489490412214,0.5454081892967224
4134.632557050831,0.5461856722831726
4130.775623689448,0.5469541549682617
4126.918690328066,0.5474105477333069
4123.061756966683,0.5482019782066345
4119.2048236053,0.549498438835144
4115.347890243918,0.5504730939865112
4111.490956882535,0.5515526533126831
4107.634023521152,0.5526633858680725
4103.77709015977,0.5536864399909973
4099.920156798387,0.5542675852775574
4096.063223437004,0.5550253987312317
4092.206290075622,0.5558207631111145
4088.349356714239,0.5561878085136414
4084.4924233528563,0.5561859607696533
4080.6354899914736,0.5566956400871277
4076.7785566300913,0.5573603510856628
4072.9216232687086,0.5579450726509094
4069.064689907326,0.5587316751480103
4065.207756545943,0.5592962503433228
4061.3508231845603,0.5597126483917236
4057.493889823178,0.5603971481323242
4053.6369564617953,0.5610686540603638
4049.7800231004126,0.5615823864936829
4045.92308973903,0.5621809363365173
4042.066156377647,0.5631062388420105
4038.209223016265,0.5636703372001648
4034.352289654882,0.5640202164649963
4030.4953562934993,0.5644177198410034
4026.6384229321166,0.5647081732749939
4022.781489570734,0.565065324306488
4018.9245562093515,0.5660607218742371
4015.067622847969,0.566974937915802
4011.210689486586,0.5674759149551392
4007.3537561252033,0.5676360130310059
4003.4968227638205,0.5681314468383789
3999.6398894024383,0.568809986114502
3995.7829560410555,0.5695726871490479
3991.9260226796728,0.5700284242630005
3988.06908931829,0.5700187683105469
3984.2121559569073,0.5702580213546753
3980.355222595525,0.5708178877830505
3976.4982892341422,0.5710950493812561
3972.6413558727595,0.571250855922699
3968.7844225113768,0.5717855095863342
3964.927489149994,0.5722094178199768
3961.0705557886117,0.5725169777870178
3957.213622427229,0.5727457404136658
3953.3566890658462,0.5726233720779419
3949.4997557044635,0.573679506778717
3945.6428223430808,0.574424684047699
3941.7858889816985,0.57471764087677
3937.9289556203157,0.5748386383056641
3934.072022258933,0.5759142637252808
3930.2150888975502,0.57680743932724
3926.3581555361675,0.5771344900131226
3922.501222174785,0.5776336789131165
3918.6442888134025,0.5779624581336975
3914.7873554520197,0.5775409936904907
3910.930422090637,0.577538788318634
3907.073488729254,0.5791928172111511
3903.2165553678715,0.5817641615867615
3899.359622006489,0.5821934938430786
3895.502688645106,0.5821573138237
3891.6457552837237,0.5830801725387573
3887.7888219223414,0.5838438868522644
3883.931888560958,0.5851605534553528
3880.074955199576,0.5862350463867188
3876.2180218381927,0.5864441990852356
3872.3610884768104,0.5881989598274231
3868.504155115428,0.5890012383460999
3864.647221754045,0.5896173715591431
3860.7902883926627,0.5902342796325684
3856.9333550312795,0.5907490849494934
3853.076421669897,0.5909034609794617
3849.219488308515,0.5912314057350159
3845.3625549471317,0.5930374264717102
3841.5056215857494,0.5949236750602722
3837.648688224366,0.5958088636398315
3833.791754862984,0.5965649485588074
3829.9348215016016,0.5975608825683594
3826.0778881402184,0.5988389253616333
3822.220954778836,0.6004651188850403
3818.364021417453,0.6015181541442871
3814.5070880560706,0.6009252071380615
3810.6501546946884,0.6022716164588928
3806.793221333305,0.6040658354759216
3802.936287971923,0.6059086322784424
3799.0793546105397,0.6083338260650635
3795.2224212491574,0.6102168560028076
3791.365487887775,0.6114296317100525
3787.508554526392,0.6140254139900208
3783.6516211650096,0.6170579791069031
3779.7946878036264,0.6203542947769165
3775.937754442244,0.6224170923233032
3772.080821080862,0.6255780458450317
3768.2238877194786,0.6307877898216248
3764.3669543580963,0.6359833478927612
3760.510020996713,0.6409429907798767
3756.653087635331,0.6474335789680481
3752.7961542739486,0.6527363657951355
3748.9392209125654,0.6597475409507751
3745.082287551183,0.6675692796707153
3741.2253541898,0.6754419207572937
3737.3684208284176,0.6820213794708252
3733.5114874670353,0.694796621799469
3729.654554105652,0.7081071734428406
3725.79762074427,0.7311886548995972
3721.9406873828866,0.775557279586792
3718.0837540215043,0.8302950263023376
3714.226820660122,0.8848397135734558
3710.369887298739,0.9726358652114868
3706.5129539373565,1.061677098274231
3702.6560205759733,1.1345127820968628
3698.799087214591,1.198237419128418
3694.9421538532088,1.2173279523849487
3691.0852204918256,1.2000014781951904
3687.2282871304433,1.1725077629089355
3683.37135376906,1.1688302755355835
3679.514420407678,1.1825460195541382
3675.6574870462955,1.2114311456680298
3671.8005536849123,1.250257968902588
3667.94362032353,1.2843451499938965
3664.086686962147,1.3117518424987793
3660.2297536007645,1.3364533185958862
3656.3728202393822,1.3627113103866577
3652.515886877999,1.3795217275619507
3648.6589535166167,1.3972488641738892
3644.8020201552335,1.4098401069641113
3640.9450867938513,1.4192581176757812
3637.088153432469,1.4323720932006836
3633.2312200710858,1.4457191228866577
3629.3742867097035,1.4600824117660522
3625.5173533483203,1.4804368019104004
3621.660419986938,1.4849815368652344
3617.8034866255557,1.4590108394622803
3613.9465532641725,1.4247210025787354
3610.08961990279,1.396662950515747
3606.232686541407,1.3711843490600586
3602.3757531800247,1.3542488813400269
3598.5188198186424,1.337787389755249
3594.6618864572592,1.3208887577056885
3590.804953095877,1.3076679706573486
3586.9480197344938,1.2944899797439575
3583.0910863731115,1.2819565534591675
3579.234153011729,1.2751524448394775
3575.377219650346,1.2679280042648315
3571.5202862889637,1.2610032558441162
3567.6633529275805,1.2568804025650024
3563.806419566198,1.2518665790557861
3559.949486204816,1.2445294857025146
3556.0925528434327,1.2389335632324219
3552.2356194820504,1.2360928058624268
3548.378686120667,1.233742356300354
3544.521752759285,1.2291394472122192
3540.6648193979026,1.224197268486023
3536.8078860365194,1.2228953838348389
3532.950952675137,1.222726583480835
3529.094019313754,1.2234971523284912
3525.2370859523717,1.2238364219665527
3521.3801525909894,1.2224308252334595
3517.523219229606,1.2219462394714355
3513.666285868224,1.2232215404510498
3509.8093525068407,1.2243239879608154
3505.9524191454584,1.2268353700637817
3502.095485784076,1.2293975353240967
3498.238552422693,1.229599952697754
3494.3816190613106,1.2310999631881714
3490.5246856999274,1.2346181869506836
3486.667752338545,1.2379804849624634
3482.810818977163,1.2407076358795166
3478.9538856157797,1.2419953346252441
3475.0969522543974,1.2427000999450684
3471.240018893014,1.2446783781051636
3467.383085531632,1.2474479675292969
3463.5261521702496,1.2489845752716064
3459.6692188088664,1.2495968341827393
3455.812285447484,1.2492778301239014
3451.955352086101,1.2508859634399414
3448.0984187247186,1.255048394203186
3444.2414853633363,1.256372094154358
3440.384552001953,1.2564239501953125
3436.527618640571,1.25857412815094
3432.6706852791876,1.2606310844421387
3428.8137519178053,1.2616004943847656
3424.956818556423,1.2599482536315918
3421.09988519504,1.258500337600708
3417.2429518336576,1.2591084241867065
3413.3860184722744,1.2610993385314941
3409.529085110892,1.2627005577087402
3405.67215174951,1.2629339694976807
3401.8152183881266,1.2635207176208496
3397.9582850267443,1.2610782384872437
3394.101351665361,1.258151650428772
3390.244418303979,1.2587039470672607
3386.3874849425965,1.2579264640808105
3382.5305515812133,1.2557920217514038
3378.673618219831,1.255232334136963
3374.816684858448,1.2552083730697632
3370.9597514970656,1.2530667781829834
3367.1028181356833,1.2514954805374146
3363.2458847743,1.2496545314788818
3359.388951412918,1.247192621231079
3355.5320180515346,1.244706630706787
3351.6750846901523,1.2438722848892212
3347.81815132877,1.2423481941223145
3343.961217967387,1.2394589185714722
3340.1042846060045,1.236774206161499
3336.2473512446213,1.234203577041626
3332.390417883239,1.2313178777694702
3328.5334845218567,1.2302160263061523
3324.6765511604735,1.2285630702972412
3320.8196177990912,1.2255231142044067
3316.962684437708,1.2229621410369873
3313.1057510763258,1.2205322980880737
3309.2488177149435,1.2194874286651611
3305.3918843535603,1.2193551063537598
3301.534950992178,1.2167036533355713
3297.678017630795,1.2142345905303955
3293.8210842694125,1.2122807502746582
3289.96415090803,1.211054801940918
3286.107217546647,1.2092316150665283
3282.2502841852647,1.2063419818878174
3278.3933508238815,1.203368902206421
3274.5364174624992,1.2013366222381592
3270.679484101117,1.1999619007110596
3266.8225507397337,1.1979026794433594
3262.9656173783515,1.1948370933532715
3259.1086840169683,1.192402958869934
3255.251750655586,1.1907382011413574
3251.3948172942037,1.1885161399841309
3247.5378839328205,1.185676097869873
3243.680950571438,1.1836367845535278
3239.824017210055,1.1813119649887085
3235.9670838486727,1.1785264015197754
3232.1101504872904,1.1750571727752686
3228.253217125907,1.171306848526001
3224.396283764525,1.1684329509735107
3220.5393504031417,1.1650235652923584
3216.6824170417594,1.161257028579712
3212.825483680377,1.158306360244751
3208.968550318994,1.1544336080551147
3205.1116169576117,1.149419903755188
3201.2546835962285,1.1444206237792969
3197.397750234846,1.14010751247406
3193.540816873464,1.136252760887146
3189.6838835120807,1.1321241855621338
3185.8269501506984,1.1271905899047852
3181.970016789315,1.1225663423538208
3178.113083427933,1.1178886890411377
3174.2561500665506,1.1131315231323242
3170.3992167051674,1.1085143089294434
3166.542283343785,1.104210376739502
3162.685349982402,1.099708914756775
3158.8284166210196,1.0957273244857788
3154.9714832596364,1.0917508602142334
3151.114549898254,1.0880789756774902
3147.257616536872,1.0839629173278809
3143.4006831754887,1.079261302947998
3139.5437498141064,1.0740747451782227
3135.686816452723,1.0688375234603882
3131.829883091341,1.063621163368225
3127.9729497299586,1.0596325397491455
3124.1160163685754,1.0554649829864502
3120.259083007193,1.051876425743103
3116.40214964581,1.0484240055084229
3112.5452162844276,1.0440938472747803
3108.6882829230453,1.0390570163726807
3104.831349561662,1.0343643426895142
3100.97441620028,1.0300955772399902
3097.1174828388966,1.0264195203781128
3093.2605494775144,1.0231268405914307
3089.403616116132,1.0204707384109497
3085.546682754749,1.016700029373169
3081.6897493933666,1.0128657817840576
3077.8328160319834,1.0099704265594482
3073.975882670601,1.0063583850860596
3070.118949309219,1.0015487670898438
3066.2620159478356,0.9976063966751099
3062.4050825864533,0.993436336517334
3058.54814922507,0.9898973703384399
3054.691215863688,0.9863751530647278
3050.8342825023055,0.9831247329711914
3046.9773491409223,0.9798484444618225
3043.12041577954,0.9772255420684814
3039.263482418157,0.9733707308769226
3035.4065490567746,0.9689615964889526
3031.5496156953923,0.9648864269256592
3027.692682334009,0.9609960317611694
3023.835748972627,0.9574732780456543
3019.9788156112436,0.9543448686599731
3016.1218822498613,0.9510647058486938
3012.264948888479,0.9479666948318481
3008.408015527096,0.9447773694992065
3004.5510821657135,0.9417235851287842
3000.6941488043303,0.9392312169075012
2996.837215442948,0.9375671148300171
2992.9802820815657,0.9363152384757996
2989.1233487201825,0.934765100479126
2985.2664153588003,0.933068573474884
2981.409481997417,0.9328576326370239
2977.5525486360348,0.9326845407485962
2973.6956152746525,0.9324861764907837
2969.8386819132693,0.9326761364936829
2965.981748551887,0.9326721429824829
2962.124815190504,0.9321587085723877
2958.2678818291215,0.931815505027771
2954.410948467739,0.9309563040733337
2950.554015106356,0.9301466941833496
2946.6970817449737,0.9298726916313171
2942.8401483835905,0.9300084114074707
2938.9832150222082,0.9300349354743958
2935.126281660826,0.9305590391159058
2931.2693482994428,0.9311755299568176
2927.4124149380605,0.9302190542221069
2923.5554815766773,0.9274366497993469
2919.698548215295,0.9223732352256775
2915.8416148539127,0.9142610430717468
2911.9846814925295,0.9051294326782227
2908.127748131147,0.8969124555587769
2904.270814769764,0.8901100754737854
2900.4138814083817,0.8847227692604065
2896.5569480469994,0.8800346255302429
2892.700014685616,0.8756314516067505
2888.843081324234,0.8712100386619568
2884.9861479628507,0.8671682476997375
2881.1292146014684,0.864395260810852
2877.272281240086,0.862764298915863
2873.415347878703,0.8610198497772217
2869.5584145173207,0.8586207628250122
2865.7014811559375,0.8561544418334961
2861.844547794555,0.8546780943870544
2857.987614433173,0.8545612692832947
2854.1306810717897,0.8541160821914673
2850.2737477104074,0.8499873280525208
2846.416814349024,0.8409445285797119
2842.559880987642,0.8311105370521545
2838.7029476262596,0.8231608867645264
2834.8460142648764,0.8167324662208557
2830.989080903494,0.8114627599716187
2827.132147542111,0.807106614112854
2823.2752141807287,0.8037338852882385
2819.4182808193464,0.8006530404090881
2815.561347457963,0.7972476482391357
2811.704414096581,0.7940312027931213
2807.8474807351977,0.7910864949226379
2803.9905473738154,0.7882376909255981
2800.133614012433,0.7854838371276855
2796.27668065105,0.7824812531471252
2792.4197472896676,0.7798020839691162
2788.5628139282844,0.7774304151535034
2784.705880566902,0.774599552154541
2780.84894720552,0.7721355557441711
2776.9920138441366,0.7702120542526245
2773.1350804827543,0.7679998874664307
2769.278147121371,0.7655818462371826
2765.421213759989,0.7632508277893066
2761.5642803986066,0.7611544132232666
2757.7073470372234,0.7590229511260986
2753.850413675841,0.7567986249923706
2749.993480314458,0.7551222443580627
2746.1365469530756,0.7537070512771606
2742.2796135916933,0.7520179152488708
2738.42268023031,0.7499632239341736
2734.565746868928,0.748131275177002
2730.7088135075446,0.7464951276779175
2726.8518801461623,0.7446866035461426
2722.99494678478,0.742888331413269
2719.138013423397,0.7412513494491577
2715.2810800620146,0.7401255965232849
2711.4241467006314,0.7386670708656311
2707.567213339249,0.7368819713592529
2703.710279977867,0.735363781452179
2699.8533466164836,0.733993649482727
2695.9964132551013,0.7325303554534912
2692.139479893718,0.7309609651565552
2688.282546532336,0.7296217083930969
2684.4256131709535,0.728620707988739
2680.5686798095703,0.7273433804512024
2676.711746448188,0.725695013999939
2672.854813086805,0.7241094708442688
2668.9978797254225,0.7225190997123718
2665.1409463640402,0.7209010124206543
2661.284013002657,0.7195433378219604
2657.4270796412748,0.7183725833892822
2653.5701462798916,0.7169213891029358
2649.7132129185093,0.7155143022537231
2645.856279557127,0.7144067287445068
2641.999346195744,0.7128917574882507
2638.1424128343615,0.7114174365997314
2634.2854794729783,0.71054607629776
2630.428546111596,0.709830105304718
2626.5716127502137,0.70890212059021
2622.7146793888305,0.7078649997711182
2618.8577460274482,0.7068606615066528
2615.000812666065,0.7058765292167664
2611.1438793046827,0.7048171162605286
2607.2869459433005,0.704071581363678
2603.4300125819173,0.703352153301239
2599.573079220535,0.70255047082901
2595.7161458591518,0.7017461061477661
2591.8592124977695,0.701016902923584
2588.002279136387,0.7001312971115112
2584.145345775004,0.6993131041526794
2580.2884124136217,0.6985814571380615
2576.4314790522385,0.6979048252105713
2572.574545690856,0.6972028017044067
2568.717612329474,0.6964705586433411
2564.8606789680907,0.6958330869674683
2561.0037456067084,0.6952453255653381
2557.1468122453252,0.6947444081306458
2553.289878883943,0.6941825747489929
2549.4329455225607,0.6935956478118896
2545.5760121611775,0.6933996081352234
2541.719078799795,0.6933180093765259
2537.862145438412,0.6931356191635132
2534.0052120770297,0.693129301071167
2530.1482787156474,0.6932265758514404
2526.291345354264,0.6931464672088623
2522.434411992882,0.6931689381599426
2518.5774786314987,0.6931617856025696
2514.7205452701164,0.6932251453399658
2510.863611908734,0.6933522820472717
2507.006678547351,0.6934679746627808
2503.1497451859686,0.6933732032775879
2499.2928118245854,0.6934162378311157
2495.435878463203,0.6936883926391602
2491.578945101821,0.6936816573143005
2487.7220117404377,0.6934019923210144
2483.8650783790554,0.6934524774551392
2480.008145017672,0.6936029195785522
2476.15121165629,0.693657398223877
2472.2942782949076,0.693605363368988
2468.4373449335244,0.693325936794281
2464.580411572142,0.6930913329124451
2460.723478210759,0.6932955384254456
2456.8665448493766,0.6936963796615601
2453.0096114879943,0.6941365599632263
2449.152678126611,0.694563627243042
2445.295744765229,0.6950371265411377
2441.4388114038456,0.6953850984573364
2437.5818780424634,0.695838212966919
2433.724944681081,0.6964104771614075
2429.868011319698,0.6971042156219482
2426.0110779583156,0.6978381872177124
2422.1541445969324,0.6984730958938599
2418.29721123555,0.6990386843681335
2414.440277874168,0.6997682452201843
2410.5833445127846,0.7002779841423035
2406.7264111514023,0.7007927298545837
2402.869477790019,0.701412558555603
2399.012544428637,0.702117919921875
2395.1556110672545,0.70278000831604
2391.2986777058713,0.7036389112472534
2387.441744344489,0.7047863006591797
2383.584810983106,0.7059608101844788
2379.7278776217236,0.7068216800689697
2375.8709442603413,0.707315981388092
2372.014010898958,0.7079389691352844
2368.157077537576,0.7087611556053162
2364.3001441761926,0.709916353225708
2360.4432108148103,0.7111345529556274
2356.586277453428,0.7118015289306641
2352.729344092045,0.7143288254737854
2348.8724107306625,0.7150107026100159
2345.0154773692793,0.7163450121879578
2341.158544007897,0.71755450963974
2337.3016106465147,0.7175639271736145
2333.4446772851315,0.7165440320968628
2329.5877439237493,0.7172520756721497
2325.730810562366,0.7177151441574097
2321.8738772009838,0.7175573110580444
2318.0169438396015,0.7170325517654419
2314.1600104782183,0.7170978784561157
2310.303077116836,0.7177590727806091
2306.446143755453,0.7186554074287415
2302.5892103940705,0.7195115089416504
2298.732277032688,0.7208471298217773
2294.875343671305,0.7222203016281128
2291.0184103099227,0.7241278290748596
2287.1614769485395,0.7264658808708191
2283.3045435871572,0.7289866209030151
2279.447610225774,0.7318693399429321
2275.5906768643918,0.7352798581123352
2271.7337435030095,0.7382928729057312
2267.8768101416263,0.7409017086029053
2264.019876780244,0.7433274984359741
2260.162943418861,0.7460983991622925
2256.3060100574785,0.748641848564148
2252.449076696096,0.7509832382202148
2248.592143334713,0.7533649802207947
2244.7352099733307,0.7562988996505737
2240.8782766119475,0.7589680552482605
2237.021343250565,0.7604796290397644
2233.164409889183,0.7607552409172058
2229.3074765277997,0.7603070735931396
2225.4505431664174,0.7591664791107178
2221.5936098050342,0.7570216059684753
2217.736676443652,0.7538955807685852
2213.8797430822697,0.750544011592865
2210.0228097208865,0.7475420236587524
2206.165876359504,0.745538055896759
2202.308942998121,0.7440965175628662
2198.4520096367387,0.7432071566581726
2194.5950762753564,0.7430729866027832
2190.738142913973,0.7438182830810547
2186.881209552591,0.7449642419815063
2183.0242761912077,0.7460379004478455
2179.1673428298254,0.7472279071807861
2175.310409468443,0.7491241693496704
2171.45347610706,0.7508506178855896
2167.5965427456777,0.7529582977294922
2163.7396093842945,0.7556025385856628
2159.882676022912,0.7587239146232605
2156.02574266153,0.7617669105529785
2152.1688093001467,0.7655035853385925
2148.3118759387644,0.7695112228393555
2144.454942577381,0.7738354206085205
2140.598009215999,0.7781558632850647
2136.7410758546166,0.7814455628395081
2132.8841424932334,0.7822468876838684
2129.027209131851,0.7809337377548218
2125.170275770468,0.7792825698852539
2121.3133424090856,0.7787720561027527
2117.4564090477033,0.7790972590446472
2113.59947568632,0.7799363732337952
2109.742542324938,0.7811523079872131
2105.8856089635547,0.7832192778587341
2102.0286756021724,0.7853525280952454
2098.17174224079,0.7878383994102478
2094.314808879407,0.79034823179245
2090.4578755180246,0.7929832935333252
2086.6009421566414,0.7955672144889832
2082.744008795259,0.798554003238678
2078.887075433877,0.8018088340759277
2075.0301420724936,0.8054502010345459
2071.1732087111113,0.8093996644020081
2067.316275349728,0.8140708208084106
2063.459341988346,0.8195092678070068
2059.6024086269636,0.8262077569961548
2055.7454752655804,0.8338815569877625
2051.888541904198,0.8439487218856812
2048.031608542815,0.8567880988121033
2044.1746751814326,0.8736292123794556
2040.3177418200503,0.8944162726402283
2036.460808458667,0.9163346886634827
2032.6038750972848,0.9355169534683228
2028.7469417359016,0.9498316645622253
2024.8900083745193,0.9593198895454407
2021.033075013137,0.9678845405578613
2017.1761416517538,0.9800263047218323
2013.3192082903715,0.9971603751182556
2009.4622749289883,1.0149762630462646
2005.605341567606,1.0302475690841675
2001.7484082062238,1.0407240390777588
1997.8914748448406,1.0475561618804932
1994.0345414834583,1.0509963035583496
1990.177608122075,1.0523988008499146
1986.3206747606928,1.0525954961776733
1982.4637413993105,1.0530879497528076
1978.6068080379273,1.0537265539169312
1974.749874676545,1.0539828538894653
1970.8929413151618,1.051969051361084
1967.0360079537795,1.047461986541748
1963.1790745923972,1.0418100357055664
1959.322141231014,1.0379281044006348
1955.4652078696317,1.0368854999542236
1951.6082745082485,1.03859543800354
1947.7513411468663,1.0402934551239014
1943.894407785484,1.041445255279541
1940.0374744241008,1.0420095920562744
1936.1805410627185,1.0421700477600098
1932.3236077013353,1.0422106981277466
1928.466674339953,1.043058156967163
1924.6097409785707,1.0457924604415894
1920.7528076171875,1.0536690950393677
1916.8958742558052,1.0682783126831055
1913.038940894422,1.0886638164520264
1909.1820075330397,1.1135362386703491
1905.3250741716574,1.1408894062042236
1901.4681408102742,1.1651945114135742
1897.611207448892,1.1879959106445312
1893.7542740875087,1.208256721496582
1889.8973407261265,1.2257179021835327
1886.0404073647442,1.239144206047058
1882.183474003361,1.248752236366272
1878.3265406419787,1.257267713546753
1874.4696072805955,1.2630858421325684
1870.6126739192132,1.2657932043075562
1866.755740557831,1.2639302015304565
1862.8988071964477,1.253304123878479
1859.0418738350654,1.2332714796066284
1855.1849404736822,1.2073676586151123
1851.3280071123,1.1796246767044067
1847.4710737509176,1.1540530920028687
1843.6141403895344,1.132348895072937
1839.7572070281522,1.1200436353683472
1835.900273666769,1.115215539932251
1832.0433403053867,1.1156514883041382
1828.1864069440044,1.1222399473190308
1824.3294735826212,1.1328518390655518
1820.472540221239,1.1443367004394531
1816.6156068598557,1.1559629440307617
1812.7586734984734,1.1685218811035156
1808.901740137091,1.1827723979949951
1805.044806775708,1.1954936981201172
1801.1878734143256,1.2055420875549316
1797.3309400529424,1.214041829109192
1793.4740066915601,1.2197107076644897
1789.6170733301778,1.2241719961166382
1785.7601399687946,1.2242952585220337
1781.9032066074124,1.22203528881073
1778.0462732460292,1.2161662578582764
1774.1893398846469,1.2076815366744995
1770.3324065232646,1.1936081647872925
1766.4754731618814,1.1826894283294678
1762.618539800499,1.1749440431594849
1758.761606439116,1.1722458600997925
1754.9046730777336,1.174422025680542
1751.0477397163513,1.1813896894454956
1747.1908063549681,1.1929874420166016
1743.3338729935858,1.2047662734985352
1739.4769396322026,1.216453194618225
1735.6200062708203,1.2309069633483887
1731.763072909438,1.2487690448760986
1727.9061395480549,1.2623096704483032
1724.0492061866726,1.2727749347686768
1720.1922728252894,1.2830780744552612
1716.335339463907,1.3024977445602417
1712.4784061025248,1.3246150016784668
1708.6214727411416,1.337825059890747
1704.7645393797593,1.3552857637405396
1700.907606018376,1.374735951423645
1697.0506726569938,1.4053071737289429
1693.1937392956115,1.4309133291244507
1689.3368059342283,1.4496278762817383
1685.479872572846,1.4710994958877563
1681.6229392114628,1.4918259382247925
1677.7660058500805,1.497902512550354
1673.9090724886983,1.5026416778564453
1670.052139127315,1.513165831565857
1666.1952057659328,1.525769591331482
1662.3382724045496,1.5374133586883545
1658.4813390431673,1.5477640628814697
1654.624405681785,1.5566537380218506
1650.7674723204018,1.5736500024795532
1646.9105389590195,1.5883922576904297
1643.0536055976363,1.6015220880508423
1639.196672236254,1.6104086637496948
1635.3397388748717,1.6207900047302246
1631.4828055134885,1.625732660293579
1627.6258721521062,1.627374291419983
1623.768938790723,1.6308860778808594
1619.9120054293408,1.6345418691635132
1616.0550720679585,1.630503535270691
1612.1981387065753,1.62143874168396
1608.341205345193,1.6109544038772583
1604.4842719838098,1.5990437269210815
1600.6273386224275,1.585455298423767
1596.7704052610452,1.5700830221176147
1592.913471899662,1.5544284582138062
1589.0565385382797,1.5378906726837158
1585.1996051768965,1.5222159624099731
1581.3426718155142,1.5082588195800781
1577.485738454132,1.493320345878601
1573.6288050927487,1.4758875370025635
1569.7718717313664,1.4655216932296753
1565.9149383699832,1.4585597515106201
1562.058005008601,1.4554295539855957
1558.2010716472187,1.4498629570007324
1554.3441382858355,1.4484739303588867
1550.4872049244532,1.450708270072937
1546.63027156307,1.454188585281372
1542.7733382016877,1.4593708515167236
1538.9164048403054,1.4808512926101685
1535.0594714789222,1.49848210811615
1531.20253811754,1.5133552551269531
1527.3456047561567,1.5243271589279175
1523.4886713947744,1.5317599773406982
1519.6317380333921,1.5312483310699463
1515.774804672009,1.5252467393875122
1511.9178713106267,1.518555760383606
1508.0609379492435,1.516292691230774
1504.2040045878612,1.5248020887374878
1500.3470712264789,1.52895188331604
1496.4901378650957,1.5330547094345093
1492.6332045037134,1.5364160537719727
1488.7762711423302,1.5407605171203613
1484.919337780948,1.546613097190857
1481.0624044195656,1.5496474504470825
1477.2054710581824,1.5524166822433472
1473.3485376968001,1.5641133785247803
1469.491604335417,1.577690601348877
1465.6346709740346,1.5843926668167114
1461.7777376126523,1.5895674228668213
1457.9208042512691,1.5960437059402466
1454.0638708898869,1.6100623607635498
1450.2069375285037,1.6182429790496826
1446.3500041671214,1.6294368505477905
1442.493070805739,1.639829158782959
1438.6361374443559,1.6499621868133545
1434.7792040829736,1.6638022661209106
1430.9222707215904,1.6739839315414429
1427.065337360208,1.683372139930725
1423.2084039988258,1.6951048374176025
1419.3514706374426,1.7088160514831543
1415.4945372760603,1.7126429080963135
1411.6376039146771,1.7157686948776245
1407.7806705532948,1.7209784984588623
1403.9237371919116,1.7281694412231445
1400.0668038305294,1.737229347229004
1396.209870469147,1.7457904815673828
1392.3529371077639,1.75637686252594
1388.4960037463816,1.7652263641357422
1384.6390703849984,1.7712422609329224
1380.782137023616,1.7775847911834717
1376.9252036622338,1.7875359058380127
1373.0682703008506,1.798014521598816
1369.2113369394683,1.804964303970337
1365.354403578085,1.8108359575271606
1361.4974702167028,1.8132387399673462
1357.6405368553205,1.8132247924804688
1353.7836034939373,1.8143491744995117
1349.926670132555,1.8167842626571655
1346.0697367711718,1.8202883005142212
1342.2128034097896,1.8239045143127441
1338.3558700484073,1.823384165763855
1334.498936687024,1.8188329935073853
1330.6420033256418,1.809790015220642
1326.7850699642586,1.801157832145691
1322.9281366028763,1.7942461967468262
1319.071203241494,1.7900952100753784
1315.2142698801108,1.7798073291778564
1311.3573365187285,1.7617892026901245
1307.5004031573453,1.7427088022232056
1303.643469795963,1.7237906455993652
1299.7865364345807,1.7043633460998535
1295.9296030731975,1.686100721359253
1292.0726697118153,1.6683249473571777
1288.215736350432,1.652058482170105
1284.3588029890498,1.6378668546676636
1280.5018696276675,1.6234194040298462
1276.6449362662843,1.602785587310791
1272.788002904902,1.573153018951416
1268.9310695435188,1.5347117185592651
1265.0741361821365,1.4960941076278687
1261.2172028207542,1.4583406448364258
1257.360269459371,1.4210160970687866
1253.5033360979887,1.38985276222229
1249.6464027366055,1.3643475770950317
1245.7894693752232,1.3394663333892822
1241.932536013841,1.3137260675430298
1238.0756026524577,1.2872824668884277
1234.2186692910755,1.2588937282562256
1230.3617359296923,1.2296897172927856
1226.50480256831,1.2049366235733032
1222.6478692069277,1.1906429529190063
1218.7909358455445,1.1865551471710205
1214.9340024841622,1.192000150680542
1211.077069122779,1.2054052352905273
1207.2201357613967,1.2193225622177124
1203.3632024000144,1.2321008443832397
1199.5062690386312,1.2457133531570435
1195.649335677249,1.255242943763733
1191.7924023158657,1.2610538005828857
1187.9354689544834,1.2638589143753052
1184.0785355931012,1.263831377029419
1180.221602231718,1.2616024017333984
1176.3646688703357,1.2609905004501343
1172.5077355089525,1.2658360004425049
1168.6508021475702,1.2788671255111694
1164.7938687861879,1.3072035312652588
1160.9369354248047,1.343369722366333
1157.0800020634224,1.3441065549850464
1153.2230687020392,1.3108248710632324
1149.366135340657,1.2836344242095947
1145.5092019792746,1.2702935934066772
1141.6522686178914,1.2640380859375
1137.7953352565091,1.2613461017608643
1133.938401895126,1.2616536617279053
1130.0814685337436,1.2634644508361816
1126.2245351723614,1.2666362524032593
1122.3676018109782,1.2735522985458374
1118.5106684495959,1.2801945209503174
1114.6537350882127,1.2855535745620728
1110.7968017268304,1.2886894941329956
1106.939868365448,1.2877603769302368
1103.082935004065,1.2828826904296875
1099.2260016426826,1.2788715362548828
1095.3690682812994,1.276099443435669
1091.5121349199171,1.2737979888916016
1087.6552015585348,1.2737617492675781
1083.7982681971516,1.2750580310821533
1079.9413348357693,1.277680516242981
1076.0844014743861,1.2853361368179321
1072.2274681130039,1.2982829809188843
1068.3705347516216,1.3220646381378174
1064.5136013902384,1.3543418645858765
1060.656668028856,1.3858017921447754
1056.7997346674729,1.4102879762649536
1052.9428013060906,1.4283260107040405
1049.0858679447083,1.4422913789749146
1045.228934583325,1.4525885581970215
1041.3720012219428,1.4621856212615967
1037.5150678605596,1.4761089086532593
1033.6581344991773,1.489366888999939
1029.801201137795,1.5008398294448853
1025.9442677764118,1.5126529932022095
1022.0873344150295,1.5238333940505981
1018.2304010536463,1.5307928323745728
1014.3734676922641,1.5346864461898804
1010.5165343308818,1.5381337404251099
1006.6596009694986,1.5409600734710693
1002.8026676081163,1.5478187799453735
998.9457342467331,1.5564371347427368
995.0888008853508,1.559081792831421
991.2318675239685,1.5592843294143677
987.3749341625853,1.5594995021820068
983.518000801203,1.555827021598816
979.6610674398198,1.551876187324524
975.8041340784375,1.5495944023132324
971.9472007170552,1.54696786403656
968.090267355672,1.541429042816162
964.2333339942898,1.536381483078003
960.3764006329066,1.5321898460388184
956.5194672715243,1.535266637802124
952.662533910142,1.5393848419189453
948.8056005487588,1.5448541641235352
944.9486671873765,1.5536521673202515
941.0917338259933,1.562817096710205
937.234800464611,1.5737651586532593
933.3778671032287,1.5759848356246948
929.5209337418455,1.5794357061386108
925.6640003804632,1.586737036705017
921.80706701908,1.5911147594451904
917.9501336576977,1.5940179824829102
914.0932002963154,1.5968856811523438
910.2362669349322,1.5897605419158936
906.37933357355,1.5709115266799927
902.5224002121668,1.5550525188446045
898.6654668507845,1.543672800064087
894.8085334894022,1.5341908931732178
890.951600128019,1.5270013809204102
887.0946667666367,1.5239055156707764
883.2377334052535,1.524031162261963
879.3808000438712,1.5287059545516968
875.5238666824889,1.532952904701233
871.6669333211057,1.5326714515686035
867.8099999597234,1.523985505104065
863.9530665983402,1.5160585641860962
860.0961332369579,1.519402265548706
856.2391998755757,1.520102858543396
852.3822665141925,1.5180742740631104
848.5253331528102,1.5335088968276978
844.668399791427,1.5628782510757446
840.8114664300447,1.597591519355774
836.9545330686624,1.6330374479293823
833.0975997072792,1.6755582094192505
829.2406663458969,1.719856858253479
825.3837329845137,1.75371253490448
821.5267996231314,1.7912217378616333
817.6698662617491,1.8490475416183472
813.8129329003659,1.892928123474121
809.9559995389836,1.8765668869018555
806.0990661776004,1.798176884651184
802.2421328162181,1.7322626113891602
798.3851994548359,1.7102433443069458
794.5282660934527,1.7103580236434937
790.6713327320704,1.7002962827682495
786.8143993706872,1.6656782627105713
782.9574660093049,1.6303575038909912
779.1005326479226,1.6163119077682495
775.2435992865394,1.6119810342788696
771.3866659251571,1.6140168905258179
767.5297325637739,1.6183665990829468
763.6727992023916,1.6188510656356812
759.8158658410093,1.6204533576965332
755.9589324796261,1.6234619617462158
752.1019991182438,1.620158076286316
748.2450657568606,1.6145216226577759
744.3881323954784,1.6179014444351196
740.5311990340961,1.6179009675979614
736.6742656727129,1.6126031875610352
732.8173323113306,1.6101853847503662
728.9603989499474,1.6317967176437378
725.1034655885651,1.6562918424606323
721.2465322271828,1.6640821695327759
717.3895988657996,1.6788569688796997
713.5326655044173,1.701141595840454
709.6757321430341,1.7318401336669922
705.8187987816518,1.785659670829773
701.9618654202695,1.8390331268310547
698.1049320588863,1.8491195440292358
694.247998697504,1.8065494298934937
690.3910653361208,1.7637947797775269
686.5341319747386,1.7491570711135864
682.6771986133563,1.737537145614624
678.8202652519731,1.7250912189483643
674.9633318905908,1.7234615087509155
671.1063985292076,1.7231144905090332
667.2494651678253,1.7247788906097412
663.392531806443,1.7329859733581543
659.5355984450598,1.745131254196167
655.6786650836775,1.748952865600586
651.8217317222943,1.7542475461959839
647.964798360912,1.761122465133667
644.1078649995297,1.769767165184021
640.2509316381465,1.787728190422058
636.3939982767643,1.7998830080032349
632.537064915381,1.8035316467285156
628.6801315539988,1.8058241605758667
624.8231981926165,1.8008131980895996
620.9662648312333,1.7941005229949951
617.109331469851,1.8096139430999756
613.2523981084678,1.8279248476028442
609.3954647470855,1.7963430881500244
605.5385313857032,1.759941577911377
601.68159802432,1.762843370437622
597.8246646629377,1.7702317237854004
593.9677313015545,1.7548534870147705
590.1107979401722,1.7491278648376465
586.25386457879,1.7453300952911377
582.3969312174067,1.7577791213989258
578.5399978560245,1.7667505741119385
574.6830644946413,1.7528811693191528
570.826131133259,1.7460263967514038
566.9691977718767,1.6986244916915894
563.1122644104935,1.670854091644287
559.2553310491112,1.6366628408432007
555.398397687728,1.6150884628295898
551.5414643263457,1.5989289283752441
547.6845309649634,1.5720839500427246
543.8275976035802,1.5247390270233154
539.9706642421979,1.4877923727035522
536.1137308808147,1.4914242029190063
532.2567975194324,1.5037189722061157
528.3998641580492,1.5379737615585327
524.542930796667,1.5781028270721436
520.6859974352847,1.5556989908218384
516.8290640739015,1.6033105850219727
512.9721307125192,1.6236310005187988
509.115197351136,1.582991361618042
505.2582639897537,1.4982349872589111
501.4013306283714,1.4563372135162354
497.5443972669882,1.4614025354385376
493.6874639056059,1.4561115503311157
489.8305305442227,1.425187349319458
485.9735971828404,1.3840882778167725
482.11666382145813,1.364851951599121
478.25973046007493,1.373022198677063
474.40279709869264,1.3780678510665894
470.54586373730945,1.3848578929901123
466.68893037592716,1.3674370050430298
462.83199701454487,1.3601224422454834
458.97506365316167,1.37467622756958
455.1181302917794,1.383862853050232
451.2611969303962,1.3976893424987793
447.4042635690139,1.3979090452194214
443.5473302076316,1.4099899530410767
439.6903968462484,1.4415897130966187
435.8334634848661,1.4450739622116089
431.9765301234829,1.4351249933242798
428.1195967621006,1.4702850580215454
424.26266340071834,1.527963638305664
420.40573003933514,1.5343631505966187
416.54879667795285,1.5297012329101562
412.69186331656965,1.5665807723999023
408.83492995518736,1.5786399841308594
404.9779965938051,1.4990071058273315
401.1210632324219,1.4425991773605347
