Wavenumber, FCNSWFeb20_1001.spa
7999.27978515625,0.4973132610321045
7995.422851794868,0.4959028959274292
7991.5659184334845,0.4888077676296234
7987.708985072102,0.4889647364616394
7983.852051710719,0.489591509103775
7979.995118349337,0.4980699121952057
7976.138184987954,0.5032638907432556
7972.281251626571,0.49550023674964905
7968.424318265189,0.48407837748527527
7964.567384903806,0.48144304752349854
7960.7104515424235,0.483828604221344
7956.853518181041,0.48285266757011414
7952.996584819658,0.48573750257492065
7949.139651458276,0.49262523651123047
7945.2827180968925,0.4969087839126587
7941.42578473551,0.4993996322154999
7937.568851374128,0.49207568168640137
7933.711918012745,0.49060308933258057
7929.854984651362,0.49544665217399597
7925.998051289979,0.4929441809654236
7922.141117928597,0.49365124106407166
7918.284184567215,0.4967097342014313
7914.427251205831,0.4912150502204895
7910.570317844449,0.48574745655059814
7906.713384483066,0.4889718294143677
7902.856451121684,0.49324414134025574
7898.999517760301,0.4910089075565338
7895.142584398918,0.4912137985229492
7891.285651037536,0.4872473180294037
7887.428717676153,0.47969570755958557
7883.57178431477,0.4845214784145355
7879.714850953388,0.49539899826049805
7875.857917592005,0.5021486282348633
7872.000984230623,0.4940425157546997
7868.144050869239,0.48159530758857727
7864.287117507857,0.47986942529678345
7860.430184146475,0.48550131916999817
7856.573250785092,0.49203917384147644
7852.716317423709,0.4978027641773224
7848.859384062326,0.49388331174850464
7845.002450700944,0.4899557828903198
7841.145517339562,0.4888385534286499
7837.288583978178,0.4901582598686218
7833.431650616796,0.48987850546836853
7829.574717255413,0.4929333031177521
7825.717783894031,0.49387168884277344
7821.860850532648,0.48989421129226685
7818.003917171265,0.49005794525146484
7814.146983809883,0.4880272448062897
7810.2900504485,0.4903979003429413
7806.433117087117,0.49357250332832336
7802.576183725735,0.4898836612701416
7798.719250364352,0.4906176030635834
7794.86231700297,0.4886910021305084
7791.005383641586,0.48877906799316406
7787.148450280204,0.4908677637577057
7783.291516918822,0.4915981590747833
7779.434583557439,0.49183109402656555
7775.577650196056,0.48974278569221497
7771.720716834673,0.4870525598526001
7767.863783473291,0.48568519949913025
7764.0068501119085,0.4868296980857849
7760.149916750525,0.49007293581962585
7756.292983389143,0.49087849259376526
7752.43605002776,0.48883920907974243
7748.579116666378,0.48943543434143066
7744.722183304995,0.4923013746738434
7740.865249943612,0.4916839301586151
7737.00831658223,0.48804181814193726
7733.151383220847,0.49159878492355347
7729.294449859464,0.4914594292640686
7725.437516498082,0.48842284083366394
7721.580583136699,0.4903438091278076
7717.7236497753165,0.486113965511322
7713.866716413933,0.4815060496330261
7710.009783052551,0.48076143860816956
7706.152849691169,0.4787617027759552
7702.2959163297855,0.4859834611415863
7698.438982968403,0.49446263909339905
7694.58204960702,0.4937758445739746
7690.725116245638,0.4867170751094818
7686.868182884255,0.4815249741077423
7683.011249522872,0.4772769510746002
7679.15431616149,0.4769631028175354
7675.297382800107,0.4844309389591217
7671.4404494387245,0.4855012893676758
7667.583516077342,0.4846535921096802
7663.726582715959,0.4879339337348938
7659.869649354577,0.49062758684158325
7656.0127159931935,0.4905864894390106
7652.155782631811,0.4861481487751007
7648.298849270428,0.4859244227409363
7644.441915909046,0.48952516913414
7640.5849825476635,0.48491886258125305
7636.72804918628,0.4759718179702759
7632.871115824898,0.4746847152709961
7629.014182463516,0.4800286889076233
7625.1572491021325,0.48174619674682617
7621.30031574075,0.48160117864608765
7617.443382379367,0.4841722249984741
7613.586449017985,0.48958659172058105
7609.7295156566015,0.4923788011074066
7605.872582295219,0.4913046360015869
7602.015648933837,0.48308441042900085
7598.158715572454,0.48296061158180237
7594.301782211071,0.48540619015693665
7590.444848849689,0.48649659752845764
7586.587915488306,0.4899124503135681
7582.730982126924,0.49035900831222534
7578.8740487655405,0.486398845911026
7575.017115404158,0.4860643744468689
7571.160182042775,0.4875084161758423
7567.303248681393,0.4919322431087494
7563.44631532001,0.493550568819046
7559.589381958627,0.4877060353755951
7555.732448597245,0.48888659477233887
7551.875515235863,0.48803451657295227
7548.018581874479,0.4850536584854126
7544.161648513097,0.4855083227157593
7540.304715151714,0.48325106501579285
7536.447781790332,0.48552626371383667
7532.590848428948,0.4874122142791748
7528.733915067566,0.4871616065502167
7524.876981706184,0.4883054494857788
7521.020048344801,0.4858833849430084
7517.163114983418,0.481738418340683
7513.306181622036,0.482082337141037
7509.449248260653,0.4826449453830719
7505.592314899271,0.47964125871658325
7501.735381537887,0.47947561740875244
7497.878448176505,0.48346570134162903
7494.021514815122,0.4853580594062805
7490.16458145374,0.4805105924606323
7486.307648092357,0.4808605909347534
7482.450714730974,0.485802561044693
7478.593781369592,0.48354318737983704
7474.73684800821,0.47709453105926514
7470.879914646826,0.4791179597377777
7467.022981285444,0.48569244146347046
7463.166047924061,0.4855094850063324
7459.309114562679,0.4855967164039612
7455.452181201295,0.4833592176437378
7451.595247839913,0.4789573848247528
7447.738314478531,0.47827914357185364
7443.881381117148,0.48181822896003723
7440.024447755765,0.48908767104148865
7436.167514394383,0.4916796088218689
7432.310581033,0.4904131293296814
7428.453647671618,0.4868539869785309
7424.596714310234,0.4834592640399933
7420.739780948852,0.48169058561325073
7416.882847587469,0.4847097396850586
7413.025914226087,0.49092066287994385
7409.168980864704,0.49404844641685486
7405.312047503321,0.49152952432632446
7401.455114141939,0.49231940507888794
7397.5981807805565,0.49373725056648254
7393.741247419173,0.48919498920440674
7389.884314057791,0.49312829971313477
7386.027380696408,0.49644482135772705
7382.1704473350255,0.49191755056381226
7378.313513973642,0.4901316165924072
7374.45658061226,0.4923645853996277
7370.599647250878,0.4936027526855469
7366.742713889495,0.49063774943351746
7362.885780528112,0.4884631037712097
7359.02884716673,0.4877909719944
7355.171913805347,0.4858532249927521
7351.3149804439645,0.4820767641067505
7347.458047082581,0.48229700326919556
7343.601113721199,0.4873163402080536
7339.744180359816,0.48926976323127747
7335.8872469984335,0.4916698634624481
7332.030313637051,0.497128963470459
7328.173380275668,0.5014219284057617
7324.316446914286,0.5012066960334778
7320.459513552903,0.4991895854473114
7316.60258019152,0.4951421022415161
7312.745646830138,0.49131032824516296
7308.888713468755,0.4940573275089264
7305.0317801073725,0.4950542747974396
7301.174846745989,0.48716261982917786
7297.317913384607,0.4808829426765442
7293.460980023225,0.4837665259838104
7289.6040466618415,0.48989933729171753
7285.747113300459,0.4941869080066681
7281.890179939076,0.49356332421302795
7278.033246577694,0.48998549580574036
7274.176313216311,0.48846355080604553
7270.319379854928,0.4901794493198395
7266.462446493546,0.48892876505851746
7262.605513132163,0.4872695803642273
7258.74857977078,0.4843367338180542
7254.891646409398,0.48302146792411804
7251.034713048015,0.48639917373657227
7247.177779686633,0.48894593119621277
7243.3208463252495,0.48838990926742554
7239.463912963867,0.48925018310546875
7235.606979602485,0.48742642998695374
7231.750046241102,0.4871465861797333
7227.893112879719,0.4885179102420807
7224.036179518336,0.49080049991607666
7220.179246156954,0.4909645617008209
7216.322312795572,0.49209097027778625
7212.465379434188,0.4962753653526306
7208.608446072806,0.49845460057258606
7204.751512711423,0.5008695721626282
7200.894579350041,0.4997090697288513
7197.037645988658,0.4985314905643463
7193.180712627275,0.4984867572784424
7189.323779265893,0.49984899163246155
7185.46684590451,0.5053086876869202
7181.609912543127,0.5090439915657043
7177.752979181745,0.5047134160995483
7173.896045820362,0.4988020956516266
7170.03911245898,0.49832555651664734
7166.182179097596,0.5006437301635742
7162.325245736214,0.5046596527099609
7158.468312374832,0.5081251263618469
7154.611379013449,0.507328450679779
7150.754445652066,0.5062605738639832
7146.897512290683,0.5061713457107544
7143.040578929301,0.5080546736717224
7139.183645567919,0.5072077512741089
7135.326712206535,0.5038521885871887
7131.469778845153,0.5052934885025024
7127.61284548377,0.5077878832817078
7123.755912122388,0.5092260837554932
7119.898978761005,0.5122700333595276
7116.042045399622,0.5175127387046814
7112.18511203824,0.5189284086227417
7108.328178676857,0.5142478346824646
7104.471245315474,0.5117940306663513
7100.614311954092,0.5128973126411438
7096.757378592709,0.5117564797401428
7092.900445231327,0.5104003548622131
7089.043511869943,0.5108647346496582
7085.186578508561,0.5134839415550232
7081.329645147179,0.5158035755157471
7077.472711785796,0.5142987370491028
7073.615778424413,0.5141149759292603
7069.75884506303,0.5174397230148315
7065.901911701648,0.5195567011833191
7062.0449783402655,0.5171605348587036
7058.188044978882,0.5165926814079285
7054.3311116175,0.5152411460876465
7050.474178256117,0.5130912065505981
7046.6172448947345,0.5088041424751282
7042.760311533352,0.5074568390846252
7038.903378171969,0.5096282958984375
7035.046444810587,0.5100225210189819
7031.189511449204,0.5090652704238892
7027.332578087821,0.5072963237762451
7023.475644726439,0.5044809579849243
7019.618711365056,0.5029985308647156
7015.7617780036735,0.5014199614524841
7011.90484464229,0.5004562735557556
7008.047911280908,0.502112090587616
7004.190977919526,0.5040816068649292
7000.3340445581425,0.5038524866104126
6996.47711119676,0.5051809549331665
6992.620177835377,0.5073214769363403
6988.763244473995,0.5046221017837524
6984.9063111126125,0.5036048293113708
6981.049377751229,0.5047488808631897
6977.192444389847,0.5032124519348145
6973.335511028464,0.5007979273796082
6969.4785776670815,0.49874579906463623
6965.621644305698,0.49853000044822693
6961.764710944316,0.4989410638809204
6957.907777582934,0.5004972815513611
6954.0508442215505,0.501261830329895
6950.193910860168,0.4986583888530731
6946.336977498786,0.49565204977989197
6942.480044137403,0.4970075190067291
6938.62311077602,0.4987231492996216
6934.766177414637,0.4987891912460327
6930.909244053255,0.49842196702957153
6927.052310691872,0.495297908782959
6923.1953773304895,0.49154072999954224
6919.338443969107,0.4920991063117981
6915.481510607724,0.4938829243183136
6911.624577246342,0.49487757682800293
6907.767643884959,0.49617210030555725
6903.910710523576,0.4969925284385681
6900.053777162194,0.49708595871925354
6896.196843800811,0.4975464642047882
6892.339910439428,0.4984074532985687
6888.482977078045,0.4975728690624237
6884.626043716663,0.4949556589126587
6880.769110355281,0.4955494701862335
6876.912176993897,0.4987761974334717
6873.055243632515,0.4991469979286194
6869.198310271133,0.49721798300743103
6865.34137690975,0.4973321259021759
6861.484443548367,0.4968005418777466
6857.627510186984,0.49488070607185364
6853.770576825602,0.49350547790527344
6849.913643464219,0.49382284283638
6846.056710102836,0.4938126504421234
6842.199776741454,0.4945966303348541
6838.342843380071,0.49435070157051086
6834.485910018689,0.4947158396244049
6830.628976657306,0.49448734521865845
6826.772043295923,0.49428048729896545
6822.915109934541,0.49556341767311096
6819.058176573158,0.4941205382347107
6815.201243211775,0.48996731638908386
6811.344309850392,0.4908324182033539
6807.48737648901,0.49315145611763
6803.630443127628,0.4939238727092743
6799.773509766244,0.4923451840877533
6795.916576404862,0.49030768871307373
6792.05964304348,0.4905630052089691
6788.202709682097,0.4926016926765442
6784.345776320714,0.4943099021911621
6780.488842959331,0.4954737424850464
6776.631909597949,0.4935055673122406
6772.774976236566,0.4900977313518524
6768.918042875183,0.48866012692451477
6765.061109513801,0.48933830857276917
6761.204176152418,0.49089813232421875
6757.347242791036,0.4932931363582611
6753.490309429653,0.4925660192966461
6749.63337606827,0.4903361201286316
6745.776442706888,0.4909990131855011
6741.919509345505,0.49258846044540405
6738.062575984122,0.491355836391449
6734.205642622739,0.4909156262874603
6730.348709261357,0.4922301471233368
6726.4917758999745,0.49364086985588074
6722.634842538591,0.49143853783607483
6718.777909177209,0.4892405569553375
6714.920975815827,0.48749539256095886
6711.064042454444,0.4859512150287628
6707.207109093061,0.4869377017021179
6703.350175731678,0.48816990852355957
6699.493242370296,0.4875186085700989
6695.636309008913,0.48683246970176697
6691.77937564753,0.48780402541160583
6687.922442286148,0.4881264269351959
6684.065508924765,0.48824501037597656
6680.2085755633825,0.4897516965866089
6676.351642202,0.4905276894569397
6672.494708840617,0.49048468470573425
6668.637775479235,0.4916522800922394
6664.7808421178515,0.4911887049674988
6660.923908756469,0.4876871705055237
6657.066975395086,0.4862484335899353
6653.210042033704,0.4877554774284363
6649.3531086723215,0.48916560411453247
6645.496175310938,0.4874967038631439
6641.639241949556,0.48588308691978455
6637.782308588174,0.4855535626411438
6633.9253752267905,0.4855823218822479
6630.068441865408,0.4854719042778015
6626.211508504025,0.4869377613067627
6622.354575142643,0.48736774921417236
6618.4976417812595,0.48780497908592224
6614.640708419877,0.4885992407798767
6610.783775058495,0.48876625299453735
6606.926841697112,0.4864572584629059
6603.069908335729,0.48427248001098633
6599.212974974347,0.4843188524246216
6595.356041612964,0.48466503620147705
6591.499108251582,0.48523813486099243
6587.6421748901985,0.48598235845565796
6583.785241528816,0.4856269061565399
6579.928308167433,0.4853093922138214
6576.071374806051,0.48498740792274475
6572.214441444668,0.485027939081192
6568.357508083285,0.48526158928871155
6564.500574721903,0.48574361205101013
6560.643641360521,0.4849264621734619
6556.786707999137,0.4843745827674866
6552.929774637755,0.4853031635284424
6549.072841276372,0.4848998486995697
6545.21590791499,0.48465830087661743
6541.3589745536065,0.4859252870082855
6537.502041192224,0.48579272627830505
6533.645107830842,0.4853054881095886
6529.788174469459,0.48501554131507874
6525.931241108076,0.4846906065940857
6522.074307746694,0.4843195080757141
6518.217374385311,0.4834734797477722
6514.360441023929,0.4831219017505646
6510.503507662545,0.4836220145225525
6506.646574301163,0.48310068249702454
6502.78964093978,0.4834824502468109
6498.932707578398,0.4845091998577118
6495.075774217015,0.48491281270980835
6491.218840855632,0.4834147095680237
6487.36190749425,0.4831043481826782
6483.504974132868,0.4840318262577057
6479.648040771484,0.4831641614437103
6475.791107410102,0.48260828852653503
6471.934174048719,0.48351815342903137
6468.077240687337,0.48372161388397217
6464.220307325953,0.4840352535247803
6460.363373964571,0.48536571860313416
6456.506440603189,0.4856135845184326
6452.649507241806,0.4837285876274109
6448.792573880423,0.4817933142185211
6444.935640519041,0.4793122410774231
6441.078707157658,0.4794248044490814
6437.221773796276,0.48051807284355164
6433.364840434892,0.48071423172950745
6429.50790707351,0.4803283214569092
6425.650973712127,0.48026517033576965
6421.794040350745,0.48179924488067627
6417.937106989362,0.4816126525402069
6414.080173627979,0.4795078635215759
6410.223240266597,0.480572372674942
6406.3663069052145,0.4822002351284027
6402.509373543831,0.48192259669303894
6398.652440182449,0.4810776114463806
6394.795506821066,0.48105356097221375
6390.9385734596835,0.48132818937301636
6387.0816400983,0.4816795885562897
6383.224706736918,0.48150914907455444
6379.367773375536,0.4797861874103546
6375.510840014153,0.4797118008136749
6371.65390665277,0.4806494414806366
6367.796973291388,0.4809761941432953
6363.940039930005,0.4822092354297638
6360.0831065686225,0.4827209413051605
6356.226173207239,0.48249179124832153
6352.369239845857,0.48101431131362915
6348.512306484474,0.4806961417198181
6344.6553731230915,0.4821792244911194
6340.798439761709,0.48259153962135315
6336.941506400326,0.4801023006439209
6333.084573038944,0.47934672236442566
6329.2276396775615,0.47967904806137085
6325.370706316178,0.4794549345970154
6321.513772954795,0.4788309633731842
6317.656839593413,0.4786754548549652
6313.7999062320305,0.47891974449157715
6309.942972870647,0.4792537987232208
6306.086039509265,0.4793594479560852
6302.229106147883,0.47994211316108704
6298.3721727864995,0.4800785481929779
6294.515239425117,0.4777557849884033
6290.658306063735,0.47722962498664856
6286.801372702352,0.4788539707660675
6282.9444393409685,0.4780697524547577
6279.087505979586,0.4777085483074188
6275.230572618204,0.4793413281440735
6271.373639256821,0.4795214831829071
6267.5167058954385,0.47810617089271545
6263.659772534056,0.47716018557548523
6259.802839172673,0.4767706096172333
6255.945905811291,0.47788649797439575
6252.088972449908,0.47816210985183716
6248.232039088525,0.4770806133747101
6244.375105727142,0.4757272005081177
6240.51817236576,0.476443886756897
6236.661239004377,0.4774334132671356
6232.804305642994,0.477102130651474
6228.947372281612,0.47683748602867126
6225.09043892023,0.4773636758327484
6221.233505558846,0.4777761399745941
6217.376572197464,0.47773849964141846
6213.519638836082,0.4780732989311218
6209.662705474699,0.47869497537612915
6205.8057721133155,0.4781203269958496
6201.948838751933,0.4786173701286316
6198.091905390551,0.47884657979011536
6194.234972029168,0.47725334763526917
6190.378038667785,0.4773589074611664
6186.521105306403,0.47814035415649414
6182.66417194502,0.47787290811538696
6178.807238583638,0.47728750109672546
6174.950305222255,0.47761139273643494
6171.093371860872,0.47774481773376465
6167.236438499489,0.4771324098110199
6163.379505138107,0.4772967994213104
6159.522571776724,0.4775717854499817
6155.665638415341,0.4774823486804962
6151.808705053959,0.47596442699432373
6147.951771692577,0.47532719373703003
6144.094838331193,0.4763336181640625
6140.237904969811,0.47741276025772095
6136.380971608429,0.4766368567943573
6132.524038247046,0.476037859916687
6128.667104885662,0.4761028587818146
6124.81017152428,0.4760496914386749
6120.953238162898,0.4754323959350586
6117.096304801515,0.4754702150821686
6113.239371440132,0.47568613290786743
6109.38243807875,0.476062536239624
6105.525504717367,0.47688546776771545
6101.668571355985,0.47694969177246094
6097.811637994601,0.47558966279029846
6093.954704633219,0.4741653800010681
6090.097771271836,0.473440945148468
6086.240837910454,0.4753778278827667
6082.383904549071,0.4768117070198059
6078.526971187688,0.4756750464439392
6074.670037826306,0.47476547956466675
6070.8131044649235,0.4753461480140686
6066.95617110354,0.4753648638725281
6063.099237742158,0.4762117862701416
6059.242304380775,0.4778704047203064
6055.385371019393,0.4764590263366699
6051.528437658009,0.47469836473464966
6047.671504296627,0.47422799468040466
6043.814570935245,0.47435227036476135
6039.957637573862,0.47398313879966736
6036.100704212479,0.47389236092567444
6032.243770851097,0.47417235374450684
6028.386837489714,0.4740530550479889
6024.5299041283315,0.47425490617752075
6020.672970766948,0.4753233790397644
6016.816037405566,0.4769703447818756
6012.959104044183,0.47726964950561523
6009.1021706828005,0.476078599691391
6005.245237321418,0.47633665800094604
6001.388303960035,0.4771292805671692
5997.531370598653,0.47594109177589417
5993.6744372372705,0.4745209515094757
5989.817503875887,0.4731901288032532
5985.960570514505,0.473611980676651
5982.103637153122,0.4755339026451111
5978.2467037917395,0.4754447638988495
5974.389770430356,0.47459861636161804
5970.532837068974,0.4741989076137543
5966.675903707592,0.47392529249191284
5962.8189703462085,0.4738640785217285
5958.962036984826,0.4742810130119324
5955.105103623444,0.47468194365501404
5951.248170262061,0.4738277792930603
5947.3912369006775,0.4725417494773865
5943.534303539296,0.4726627767086029
5939.677370177913,0.4732258915901184
5935.82043681653,0.47353383898735046
5931.9635034551475,0.4740988612174988
5928.106570093765,0.474974125623703
5924.249636732382,0.47549664974212646
5920.392703371,0.4745965003967285
5916.535770009617,0.4733600616455078
5912.678836648234,0.4740808308124542
5908.821903286851,0.4759026765823364
5904.96496992547,0.4770059883594513
5901.108036564086,0.47626373171806335
5897.251103202703,0.47478801012039185
5893.394169841321,0.47395846247673035
5889.537236479939,0.47349175810813904
5885.6803031185555,0.47331929206848145
5881.823369757173,0.4742185175418854
5877.966436395791,0.47390541434288025
5874.109503034408,0.472664475440979
5870.2525696730245,0.4725179970264435
5866.395636311643,0.47330212593078613
5862.53870295026,0.4718706011772156
5858.681769588877,0.4714387059211731
5854.824836227494,0.4725840389728546
5850.967902866112,0.47256332635879517
5847.110969504729,0.4717870354652405
5843.254036143347,0.4709712266921997
5839.397102781964,0.4712070822715759
5835.540169420581,0.4722267687320709
5831.683236059198,0.4731062352657318
5827.826302697817,0.4738306999206543
5823.969369336433,0.4741438329219818
5820.11243597505,0.47338560223579407
5816.255502613668,0.47333967685699463
5812.398569252286,0.4740346372127533
5808.541635890902,0.4744952321052551
5804.68470252952,0.47426295280456543
5800.827769168138,0.473996639251709
5796.970835806755,0.474189430475235
5793.113902445371,0.4748491644859314
5789.25696908399,0.47421717643737793
5785.400035722607,0.4739665389060974
5781.543102361224,0.4742681384086609
5777.686168999841,0.4740639626979828
5773.829235638459,0.4744144082069397
5769.972302277076,0.4746492803096771
5766.115368915694,0.47382086515426636
5762.258435554311,0.4727604389190674
5758.401502192928,0.47348445653915405
5754.544568831545,0.4741867184638977
5750.6876354701635,0.4733853042125702
5746.83070210878,0.47266292572021484
5742.973768747397,0.4725431203842163
5739.116835386015,0.47271203994750977
5735.2599020246325,0.4735695719718933
5731.402968663249,0.4744335114955902
5727.546035301867,0.4735179841518402
5723.689101940485,0.47275254130363464
5719.832168579102,0.47284287214279175
5715.975235217718,0.47360897064208984
5712.118301856337,0.4735538959503174
5708.261368494954,0.4722534120082855
5704.404435133571,0.4719896614551544
5700.547501772188,0.47275853157043457
5696.690568410806,0.4728793799877167
5692.833635049423,0.4727229177951813
5688.9767016880405,0.47286415100097656
5685.119768326658,0.4725916087627411
5681.262834965275,0.4727766811847687
5677.405901603892,0.47306931018829346
5673.54896824251,0.4723252058029175
5669.692034881127,0.4721366763114929
5665.835101519744,0.47234049439430237
5661.978168158362,0.4726250469684601
5658.1212347969795,0.47296932339668274
5654.264301435596,0.4726274311542511
5650.407368074214,0.4722992479801178
5646.550434712832,0.47308048605918884
5642.6935013514485,0.4737979471683502
5638.836567990065,0.47291088104248047
5634.979634628684,0.4727460443973541
5631.122701267301,0.4728746712207794
5627.2657679059175,0.47231099009513855
5623.408834544535,0.47236108779907227
5619.551901183153,0.47242048382759094
5615.69496782177,0.47247231006622314
5611.8380344603875,0.4722711443901062
5607.981101099005,0.471792608499527
5604.124167737622,0.472912460565567
5600.267234376239,0.4733958840370178
5596.410301014857,0.47331154346466064
5592.553367653474,0.47329893708229065
5588.696434292091,0.4727063775062561
5584.839500930709,0.47206196188926697
5580.982567569326,0.4715304970741272
5577.125634207943,0.47146835923194885
5573.268700846561,0.47181636095046997
5569.411767485179,0.4715538024902344
5565.554834123795,0.4713135063648224
5561.697900762412,0.4722585678100586
5557.84096740103,0.4721386134624481
5553.984034039648,0.4710368514060974
5550.1271006782645,0.47088509798049927
5546.270167316882,0.47155892848968506
5542.4132339555,0.4715351164340973
5538.556300594117,0.4713151752948761
5534.699367232734,0.47193577885627747
5530.842433871352,0.47216126322746277
5526.985500509969,0.4716752767562866
5523.128567148586,0.47186800837516785
5519.271633787203,0.472655713558197
5515.414700425821,0.47254714369773865
5511.557767064438,0.4726329743862152
5507.700833703056,0.4724372327327728
5503.843900341673,0.47194230556488037
5499.98696698029,0.47112134099006653
5496.130033618908,0.47107890248298645
5492.273100257526,0.47206953167915344
5488.416166896142,0.4724317491054535
5484.559233534759,0.4714733064174652
5480.702300173377,0.4704718291759491
5476.845366811995,0.4705313742160797
5472.988433450611,0.47122958302497864
5469.131500089229,0.47137701511383057
5465.274566727847,0.4718281328678131
5461.417633366464,0.4721609652042389
5457.560700005081,0.47137632966041565
5453.703766643699,0.4706035852432251
5449.846833282316,0.4705760180950165
5445.989899920933,0.4717634320259094
5442.13296655955,0.4727420508861542
5438.276033198168,0.47260725498199463
5434.419099836785,0.4727763533592224
5430.562166475403,0.47261843085289
5426.70523311402,0.4711281657218933
5422.848299752637,0.47065484523773193
5418.991366391255,0.47133538126945496
5415.1344330298725,0.4712991714477539
5411.277499668489,0.4711191952228546
5407.420566307106,0.4714118242263794
5403.563632945724,0.4720607399940491
5399.706699584342,0.472135066986084
5395.849766222958,0.471986323595047
5391.992832861576,0.4727150499820709
5388.135899500194,0.47304874658584595
5384.278966138811,0.47299841046333313
5380.422032777428,0.4719204604625702
5376.565099416046,0.4724365174770355
5372.708166054663,0.47373154759407043
5368.85123269328,0.4733479619026184
5364.994299331897,0.47339051961898804
5361.137365970515,0.47417640686035156
5357.280432609132,0.4745122194290161
5353.4234992477495,0.4758033752441406
5349.566565886367,0.47631219029426575
5345.709632524984,0.47576457262039185
5341.852699163602,0.4764065146446228
5337.9957658022195,0.47710084915161133
5334.138832440836,0.47817984223365784
5330.281899079453,0.4794516861438751
5326.424965718071,0.48123154044151306
5322.5680323566885,0.48273324966430664
5318.711098995305,0.4840962290763855
5314.854165633923,0.4851665496826172
5310.997232272541,0.48546308279037476
5307.1402989111575,0.48737213015556335
5303.283365549775,0.490333616733551
5299.426432188393,0.4925999641418457
5295.56949882701,0.49399787187576294
5291.7125654656265,0.4961436986923218
5287.855632104244,0.49993619322776794
5283.998698742862,0.5028084516525269
5280.141765381479,0.5055486559867859
5276.2848320200965,0.5082417130470276
5272.427898658714,0.5110470652580261
5268.570965297331,0.5148796439170837
5264.714031935949,0.5186874270439148
5260.857098574566,0.5222532153129578
5257.000165213183,0.5252000689506531
5253.1432318518,0.5279312133789062
5249.286298490418,0.5302681922912598
5245.429365129035,0.5333489179611206
5241.572431767652,0.5355351567268372
5237.71549840627,0.5350034832954407
5233.858565044888,0.5344757437705994
5230.0016316835045,0.5342068076133728
5226.144698322122,0.5338672995567322
5222.28776496074,0.5340995788574219
5218.430831599357,0.5336816310882568
5214.5738982379735,0.5329429507255554
5210.716964876591,0.5324654579162598
5206.860031515209,0.531453549861908
5203.003098153826,0.5305456519126892
5199.146164792443,0.5293776988983154
5195.289231431061,0.5283924341201782
5191.432298069678,0.527644693851471
5187.575364708296,0.5263696908950806
5183.718431346913,0.5251001715660095
5179.86149798553,0.5239332914352417
5176.004564624147,0.5234516263008118
5172.147631262765,0.5237486958503723
5168.290697901382,0.5228309631347656
5164.433764539999,0.520949125289917
5160.576831178617,0.5199229121208191
5156.719897817235,0.5194993019104004
5152.862964455851,0.5194284319877625
5149.006031094469,0.5191335082054138
5145.149097733087,0.5180410146713257
5141.292164371704,0.5166102647781372
5137.43523101032,0.5160983204841614
5133.578297648938,0.5162761807441711
5129.721364287556,0.5157157182693481
5125.864430926173,0.515276312828064
5122.00749756479,0.5143511295318604
5118.150564203408,0.5132604241371155
5114.293630842025,0.5129522085189819
5110.436697480642,0.5136664509773254
5106.57976411926,0.5132222771644592
5102.722830757877,0.5121574401855469
5098.865897396494,0.5112962126731873
5095.008964035112,0.5112702250480652
5091.152030673729,0.5111389756202698
5087.295097312346,0.5103219151496887
5083.438163950964,0.5092650651931763
5079.5812305895815,0.5092262029647827
5075.724297228198,0.50927734375
5071.867363866815,0.5085815787315369
5068.010430505434,0.5073687434196472
5064.153497144051,0.5071969032287598
5060.296563782667,0.5073229670524597
5056.439630421285,0.5064360499382019
5052.582697059903,0.505404531955719
5048.72576369852,0.5048009157180786
5044.868830337137,0.5039079785346985
5041.011896975755,0.5035938024520874
5037.154963614372,0.5036124587059021
5033.298030252989,0.5035920143127441
5029.441096891607,0.5025437474250793
5025.584163530224,0.5018717050552368
5021.727230168841,0.5018392205238342
5017.8702968074585,0.501672625541687
5014.013363446076,0.5009167790412903
5010.156430084693,0.5005307197570801
5006.299496723311,0.49971601366996765
5002.4425633619285,0.49975112080574036
4998.585630000545,0.49983102083206177
4994.728696639162,0.49879053235054016
4990.871763277781,0.49830132722854614
4987.0148299163975,0.49870237708091736
4983.157896555014,0.4981763958930969
4979.300963193632,0.49681079387664795
4975.44402983225,0.49589940905570984
4971.5870964708665,0.49559563398361206
4967.730163109484,0.49552398920059204
4963.873229748102,0.4954976737499237
4960.016296386719,0.4946485161781311
4956.159363025336,0.49421533942222595
4952.302429663954,0.49376505613327026
4948.445496302571,0.4935315251350403
4944.588562941188,0.49362486600875854
4940.7316295798055,0.49398505687713623
4936.874696218423,0.493642657995224
4933.01776285704,0.49331748485565186
4929.160829495658,0.49254345893859863
4925.303896134275,0.49205702543258667
4921.446962772892,0.4918818473815918
4917.590029411509,0.49225911498069763
4913.733096050128,0.49249982833862305
4909.876162688744,0.492429256439209
4906.019229327361,0.4918988347053528
4902.162295965979,0.49173781275749207
4898.305362604597,0.4914754033088684
4894.4484292432135,0.4914516806602478
4890.591495881831,0.49134376645088196
4886.734562520449,0.49204179644584656
4882.877629159066,0.49236947298049927
4879.0206957976825,0.49251359701156616
4875.163762436301,0.4919428527355194
4871.306829074918,0.4913969933986664
4867.449895713535,0.4915558695793152
4863.592962352152,0.49192091822624207
4859.73602899077,0.4920538365840912
4855.879095629387,0.4921245574951172
4852.022162268005,0.4919402301311493
4848.165228906622,0.4917747676372528
4844.308295545239,0.4916725158691406
4840.451362183856,0.4912666380405426
4836.594428822475,0.4910892844200134
4832.737495461091,0.4915793538093567
4828.880562099708,0.4917624592781067
4825.023628738326,0.4916480481624603
4821.166695376944,0.49151912331581116
4817.30976201556,0.49143725633621216
4813.452828654178,0.49160951375961304
4809.595895292796,0.49166980385780334
4805.738961931413,0.49130403995513916
4801.882028570029,0.49146226048469543
4798.025095208648,0.49143025279045105
4794.168161847265,0.4916258156299591
4790.311228485882,0.4919370710849762
4786.454295124499,0.492450088262558
4782.597361763117,0.4925435185432434
4778.740428401734,0.49211227893829346
4774.883495040352,0.492268443107605
4771.026561678969,0.4930039942264557
4767.169628317586,0.49302583932876587
4763.312694956203,0.4926100969314575
4759.4557615948215,0.4928949773311615
4755.598828233438,0.49335891008377075
4751.741894872055,0.4935625493526459
4747.884961510673,0.49383994936943054
4744.028028149291,0.4937426745891571
4740.171094787907,0.49379557371139526
4736.314161426525,0.4941059648990631
4732.457228065143,0.49477729201316833
4728.60029470376,0.4950582981109619
4724.743361342376,0.49532565474510193
4720.886427980995,0.49511295557022095
4717.029494619612,0.4947858154773712
4713.172561258229,0.49454236030578613
4709.315627896846,0.49461233615875244
4705.458694535464,0.4948711693286896
4701.601761174081,0.4951357841491699
4697.7448278126985,0.4953823685646057
4693.887894451316,0.49544715881347656
4690.030961089933,0.49544408917427063
4686.17402772855,0.49561187624931335
4682.317094367168,0.49552130699157715
4678.460161005785,0.4967294931411743
4674.603227644402,0.49762436747550964
4670.74629428302,0.4978668987751007
4666.8893609216375,0.4981229305267334
4663.032427560254,0.4978591203689575
4659.175494198872,0.4980236887931824
4655.31856083749,0.4998473525047302
4651.4616274761065,0.5012288093566895
4647.604694114723,0.5018159747123718
4643.747760753341,0.5024243593215942
4639.890827391959,0.5043650269508362
4636.0338940305755,0.5055970549583435
4632.176960669193,0.5060935020446777
4628.320027307811,0.5072221755981445
4624.463093946428,0.5082139372825623
4620.6061605850455,0.5086600184440613
4616.749227223663,0.5100544691085815
4612.89229386228,0.5114343762397766
4609.035360500897,0.512055516242981
4605.1784271395145,0.5129482746124268
4601.321493778132,0.514319658279419
4597.464560416749,0.5149611830711365
4593.607627055367,0.5155172348022461
4589.750693693984,0.5161047577857971
4585.893760332601,0.5168958902359009
4582.036826971219,0.5183619856834412
4578.179893609837,0.5198467373847961
4574.3229602484535,0.5210009217262268
4570.46602688707,0.5225496888160706
4566.609093525688,0.523836612701416
4562.752160164306,0.5252952575683594
4558.8952268029225,0.5269221663475037
4555.03829344154,0.5284274220466614
4551.181360080158,0.5299440026283264
4547.324426718775,0.5314003825187683
4543.467493357392,0.5328226685523987
4539.61055999601,0.5344529151916504
4535.753626634627,0.536967933177948
4531.896693273244,0.5396361947059631
4528.039759911861,0.5403937101364136
4524.182826550479,0.5388745069503784
4520.325893189096,0.5362054109573364
4516.468959827714,0.5326203107833862
4512.612026466331,0.5291308164596558
4508.755093104948,0.5264455676078796
4504.898159743566,0.5246633887290955
4501.041226382184,0.5235920548439026
4497.1842930208,0.5223170518875122
4493.327359659417,0.5215954780578613
4489.470426298035,0.5213457345962524
4485.613492936653,0.5208637714385986
4481.756559575269,0.5201892256736755
4477.899626213887,0.5195279121398926
4474.042692852505,0.5196020007133484
4470.185759491122,0.5205588340759277
4466.328826129739,0.5212549567222595
4462.471892768357,0.5202353596687317
4458.614959406974,0.5191797614097595
4454.758026045591,0.5188596248626709
4450.901092684208,0.5184962749481201
4447.044159322826,0.5182803273200989
4443.187225961443,0.5180363655090332
4439.330292600061,0.51787930727005
4435.473359238678,0.5178187489509583
4431.616425877295,0.5177358984947205
4427.759492515913,0.5181532502174377
4423.9025591545305,0.5185205340385437
4420.045625793147,0.5186420679092407
4416.188692431764,0.5187262296676636
4412.331759070382,0.5189213156700134
4408.474825709,0.5191515684127808
4404.617892347616,0.5194189548492432
4400.760958986234,0.5201572179794312
4396.904025624852,0.5209977626800537
4393.047092263469,0.5216755270957947
4389.190158902086,0.5224598050117493
4385.333225540704,0.5229266285896301
4381.476292179321,0.5235194563865662
4377.619358817938,0.524315357208252
4373.762425456555,0.5248062610626221
4369.905492095173,0.5257010459899902
4366.04855873379,0.5263126492500305
4362.1916253724075,0.5262466669082642
4358.334692011025,0.5269319415092468
4354.477758649642,0.5280213356018066
4350.62082528826,0.528420090675354
4346.7638919268775,0.5288414359092712
4342.906958565494,0.5295229554176331
4339.050025204111,0.5295478701591492
4335.193091842729,0.529399573802948
4331.3361584813465,0.5299098491668701
4327.479225119963,0.5312096476554871
4323.622291758581,0.5317968130111694
4319.765358397199,0.532025933265686
4315.9084250358155,0.5325007438659668
4312.051491674433,0.5328869819641113
4308.194558313051,0.533241331577301
4304.337624951668,0.5340090394020081
4300.480691590285,0.534844160079956
4296.623758228902,0.5352663397789001
4292.76682486752,0.5358861684799194
4288.909891506137,0.5368508100509644
4285.0529581447545,0.5379496216773987
4281.196024783372,0.5387750864028931
4277.339091421989,0.5398690700531006
4273.482158060607,0.5410671234130859
4269.625224699224,0.5421687960624695
4265.768291337841,0.543321967124939
4261.911357976458,0.5441004037857056
4258.054424615076,0.5448290705680847
4254.197491253693,0.5459373593330383
4250.34055789231,0.5467917323112488
4246.483624530928,0.5472633838653564
4242.626691169546,0.547559916973114
4238.7697578081625,0.5476917028427124
4234.912824446779,0.5482391119003296
4231.055891085398,0.5489464402198792
4227.198957724015,0.5495713949203491
4223.3420243626315,0.5500827431678772
4219.485091001249,0.5508638620376587
4215.628157639867,0.5519077181816101
4211.771224278484,0.5524134635925293
4207.914290917101,0.5535221695899963
4204.057357555719,0.5551557540893555
4200.200424194336,0.556144118309021
4196.343490832953,0.5568837523460388
4192.486557471571,0.5572367906570435
4188.629624110188,0.557823896408081
4184.772690748805,0.5584413409233093
4180.915757387423,0.5586594343185425
4177.05882402604,0.5591121912002563
4173.201890664657,0.5596137046813965
4169.344957303275,0.5594351291656494
4165.488023941893,0.5596944093704224
4161.631090580509,0.5601638555526733
4157.774157219126,0.5609097480773926
4153.917223857745,0.5617960691452026
4150.060290496362,0.5624178647994995
4146.203357134978,0.5631653666496277
4142.346423773596,0.5640422701835632
4138.489490412214,0.5650378465652466
4134.632557050831,0.5664424300193787
4130.775623689448,0.5679197907447815
4126.918690328066,0.5691878199577332
4123.061756966683,0.5700666308403015
4119.2048236053,0.5709850788116455
4115.347890243918,0.5720831751823425
4111.490956882535,0.5734608173370361
4107.634023521152,0.5747226476669312
4103.77709015977,0.5761827230453491
4099.920156798387,0.5773072242736816
4096.063223437004,0.5782298445701599
4092.206290075622,0.5795119404792786
4088.349356714239,0.5809988975524902
4084.4924233528563,0.5819525122642517
4080.6354899914736,0.582897424697876
4076.7785566300913,0.5838547348976135
4072.9216232687086,0.5848568677902222
4069.064689907326,0.5856404304504395
4065.207756545943,0.5864564180374146
4061.3508231845603,0.5871376991271973
4057.493889823178,0.5878782868385315
4053.6369564617953,0.589172899723053
4049.7800231004126,0.5905650854110718
4045.92308973903,0.5914733409881592
4042.066156377647,0.5921128392219543
4038.209223016265,0.5927596688270569
4034.352289654882,0.5940731167793274
4030.4953562934993,0.5952776670455933
4026.6384229321166,0.5966301560401917
4022.781489570734,0.5978553891181946
4018.9245562093515,0.5987017154693604
4015.067622847969,0.5993329286575317
4011.210689486586,0.6003245711326599
4007.3537561252033,0.6014342904090881
4003.4968227638205,0.6020206212997437
3999.6398894024383,0.6021029949188232
3995.7829560410555,0.602645218372345
3991.9260226796728,0.6038191914558411
3988.06908931829,0.6049103736877441
3984.2121559569073,0.6057586669921875
3980.355222595525,0.6064656972885132
3976.4982892341422,0.6070974469184875
3972.6413558727595,0.6079567670822144
3968.7844225113768,0.6085321307182312
3964.927489149994,0.6089560389518738
3961.0705557886117,0.6090790033340454
3957.213622427229,0.6093379259109497
3953.3566890658462,0.6099961996078491
3949.4997557044635,0.610948383808136
3945.6428223430808,0.6117615103721619
3941.7858889816985,0.6122468709945679
3937.9289556203157,0.612508237361908
3934.072022258933,0.6134907007217407
3930.2150888975502,0.6142227649688721
3926.3581555361675,0.6151028871536255
3922.501222174785,0.6157100200653076
3918.6442888134025,0.615951418876648
3914.7873554520197,0.6159052848815918
3910.930422090637,0.6167693138122559
3907.073488729254,0.6188386678695679
3903.2165553678715,0.6210081577301025
3899.359622006489,0.6213939189910889
3895.502688645106,0.6221054792404175
3891.6457552837237,0.6234557628631592
3887.7888219223414,0.6242242455482483
3883.931888560958,0.6250911951065063
3880.074955199576,0.6265984177589417
3876.2180218381927,0.6274348497390747
3872.3610884768104,0.6288596391677856
3868.504155115428,0.6292229890823364
3864.647221754045,0.6298578381538391
3860.7902883926627,0.6303130984306335
3856.9333550312795,0.6309687495231628
3853.076421669897,0.6311154961585999
3849.219488308515,0.6330814361572266
3845.3625549471317,0.6359400153160095
3841.5056215857494,0.6382282376289368
3837.648688224366,0.6398547291755676
3833.791754862984,0.6410324573516846
3829.9348215016016,0.6417220830917358
3826.0778881402184,0.6433561444282532
3822.220954778836,0.6458914875984192
3818.364021417453,0.6478139162063599
3814.5070880560706,0.6475246548652649
3810.6501546946884,0.6490103006362915
3806.793221333305,0.6511102914810181
3802.936287971923,0.6538931727409363
3799.0793546105397,0.6571844816207886
3795.2224212491574,0.6601480841636658
3791.365487887775,0.6625509262084961
3787.508554526392,0.6658259034156799
3783.6516211650096,0.6695615649223328
3779.7946878036264,0.6738553047180176
3775.937754442244,0.6777697801589966
3772.080821080862,0.6827271580696106
3768.2238877194786,0.6888979077339172
3764.3669543580963,0.6951681971549988
3760.510020996713,0.7016990780830383
3756.653087635331,0.7093544006347656
3752.7961542739486,0.7157667279243469
3748.9392209125654,0.72523033618927
3745.082287551183,0.734947919845581
3741.2253541898,0.7427241206169128
3737.3684208284176,0.7506552934646606
3733.5114874670353,0.7695109844207764
3729.654554105652,0.7870050668716431
3725.79762074427,0.8158026337623596
3721.9406873828866,0.871898889541626
3718.0837540215043,0.9400798082351685
3714.226820660122,1.007658839225769
3710.369887298739,1.119608759880066
3706.5129539373565,1.2290600538253784
3702.6560205759733,1.3136579990386963
3698.799087214591,1.3926284313201904
3694.9421538532088,1.4200612306594849
3691.0852204918256,1.396978735923767
3687.2282871304433,1.3522796630859375
3683.37135376906,1.3435792922973633
3679.514420407678,1.3537416458129883
3675.6574870462955,1.3855834007263184
3671.8005536849123,1.42842435836792
3667.94362032353,1.4578170776367188
3664.086686962147,1.4848562479019165
3660.2297536007645,1.512146234512329
3656.3728202393822,1.5429939031600952
3652.515886877999,1.5618849992752075
3648.6589535166167,1.5734883546829224
3644.8020201552335,1.5902247428894043
3640.9450867938513,1.6010223627090454
3637.088153432469,1.609163761138916
3633.2312200710858,1.6255593299865723
3629.3742867097035,1.6487764120101929
3625.5173533483203,1.6687970161437988
3621.660419986938,1.6750072240829468
3617.8034866255557,1.6555840969085693
3613.9465532641725,1.6212282180786133
3610.08961990279,1.589410662651062
3606.232686541407,1.562253713607788
3602.3757531800247,1.544179916381836
3598.5188198186424,1.5311936140060425
3594.6618864572592,1.5174490213394165
3590.804953095877,1.5061650276184082
3586.9480197344938,1.4962602853775024
3583.0910863731115,1.4856770038604736
3579.234153011729,1.4766733646392822
3575.377219650346,1.4724122285842896
3571.5202862889637,1.4716113805770874
3567.6633529275805,1.4673320055007935
3563.806419566198,1.45558762550354
3559.949486204816,1.4510146379470825
3556.0925528434327,1.4485915899276733
3552.2356194820504,1.44426691532135
3548.378686120667,1.4414405822753906
3544.521752759285,1.4387867450714111
3540.6648193979026,1.4353328943252563
3536.8078860365194,1.4321752786636353
3532.950952675137,1.4308807849884033
3529.094019313754,1.4313790798187256
3525.2370859523717,1.4336693286895752
3521.3801525909894,1.436288595199585
3517.523219229606,1.4355051517486572
3513.666285868224,1.4346343278884888
3509.8093525068407,1.4380415678024292
3505.9524191454584,1.4427881240844727
3502.095485784076,1.4461233615875244
3498.238552422693,1.448099970817566
3494.3816190613106,1.4496248960494995
3490.5246856999274,1.453460931777954
3486.667752338545,1.4576889276504517
3482.810818977163,1.4594727754592896
3478.9538856157797,1.4594230651855469
3475.0969522543974,1.4609647989273071
3471.240018893014,1.4628409147262573
3467.383085531632,1.4676036834716797
3463.5261521702496,1.4703723192214966
3459.6692188088664,1.4706569910049438
3455.812285447484,1.474138855934143
3451.955352086101,1.475856900215149
3448.0984187247186,1.4735212326049805
3444.2414853633363,1.4746079444885254
3440.384552001953,1.47739839553833
3436.527618640571,1.4779534339904785
3432.6706852791876,1.4789676666259766
3428.8137519178053,1.4805392026901245
3424.956818556423,1.480544924736023
3421.09988519504,1.4830563068389893
3417.2429518336576,1.4845608472824097
3413.3860184722744,1.4836710691452026
3409.529085110892,1.4826548099517822
3405.67215174951,1.4814541339874268
3401.8152183881266,1.4779294729232788
3397.9582850267443,1.4771816730499268
3394.101351665361,1.4771273136138916
3390.244418303979,1.4771931171417236
3386.3874849425965,1.4746087789535522
3382.5305515812133,1.4724715948104858
3378.673618219831,1.4724937677383423
3374.816684858448,1.470464825630188
3370.9597514970656,1.46828031539917
3367.1028181356833,1.4677014350891113
3363.2458847743,1.4646605253219604
3359.388951412918,1.4623675346374512
3355.5320180515346,1.4600015878677368
3351.6750846901523,1.4576733112335205
3347.81815132877,1.4542914628982544
3343.961217967387,1.449780821800232
3340.1042846060045,1.4460879564285278
3336.2473512446213,1.4445058107376099
3332.390417883239,1.4416567087173462
3328.5334845218567,1.4381176233291626
3324.6765511604735,1.4340859651565552
3320.8196177990912,1.4312567710876465
3316.962684437708,1.4294878244400024
3313.1057510763258,1.425976037979126
3309.2488177149435,1.4218915700912476
3305.3918843535603,1.4205924272537231
3301.534950992178,1.419721245765686
3297.678017630795,1.4174418449401855
3293.8210842694125,1.4146603345870972
3289.96415090803,1.4124481678009033
3286.107217546647,1.4092154502868652
3282.2502841852647,1.4052362442016602
3278.3933508238815,1.4015713930130005
3274.5364174624992,1.3998537063598633
3270.679484101117,1.398708462715149
3266.8225507397337,1.3968684673309326
3262.9656173783515,1.3928958177566528
3259.1086840169683,1.389339804649353
3255.251750655586,1.3869404792785645
3251.3948172942037,1.3850828409194946
3247.5378839328205,1.3812426328659058
3243.680950571438,1.3776459693908691
3239.824017210055,1.374709129333496
3235.9670838486727,1.3736141920089722
3232.1101504872904,1.3707894086837769
3228.253217125907,1.3642551898956299
3224.396283764525,1.3590476512908936
3220.5393504031417,1.3543455600738525
3216.6824170417594,1.348616600036621
3212.825483680377,1.3445316553115845
3208.968550318994,1.339678406715393
3205.1116169576117,1.3359445333480835
3201.2546835962285,1.332290530204773
3197.397750234846,1.3265060186386108
3193.540816873464,1.3193111419677734
3189.6838835120807,1.3137141466140747
3185.8269501506984,1.3079527616500854
3181.970016789315,1.3022159337997437
3178.113083427933,1.2967225313186646
3174.2561500665506,1.2906763553619385
3170.3992167051674,1.2838225364685059
3166.542283343785,1.2778668403625488
3162.685349982402,1.2726176977157593
3158.8284166210196,1.267233967781067
3154.9714832596364,1.2626712322235107
3151.114549898254,1.2581537961959839
3147.257616536872,1.2520575523376465
3143.4006831754887,1.2459739446640015
3139.5437498141064,1.2397199869155884
3135.686816452723,1.2320829629898071
3131.829883091341,1.2246946096420288
3127.9729497299586,1.2197659015655518
3124.1160163685754,1.2145038843154907
3120.259083007193,1.209776759147644
3116.40214964581,1.2052615880966187
3112.5452162844276,1.1998995542526245
3108.6882829230453,1.1943391561508179
3104.831349561662,1.1886564493179321
3100.97441620028,1.1813937425613403
3097.1174828388966,1.17564058303833
3093.2605494775144,1.1717724800109863
3089.403616116132,1.1687449216842651
3085.546682754749,1.16360604763031
3081.6897493933666,1.158413290977478
3077.8328160319834,1.1537123918533325
3073.975882670601,1.148607850074768
3070.118949309219,1.1432652473449707
3066.2620159478356,1.1384036540985107
3062.4050825864533,1.1338474750518799
3058.54814922507,1.12897527217865
3054.691215863688,1.1237640380859375
3050.8342825023055,1.119387149810791
3046.9773491409223,1.1140799522399902
3043.12041577954,1.1099056005477905
3039.263482418157,1.104934811592102
3035.4065490567746,1.0992385149002075
3031.5496156953923,1.093173623085022
3027.692682334009,1.0883938074111938
3023.835748972627,1.0841947793960571
3019.9788156112436,1.0801432132720947
3016.1218822498613,1.0760470628738403
3012.264948888479,1.0728965997695923
3008.408015527096,1.0693745613098145
3004.5510821657135,1.065382719039917
3000.6941488043303,1.0623875856399536
2996.837215442948,1.0605125427246094
2992.9802820815657,1.0586210489273071
2989.1233487201825,1.056588053703308
2985.2664153588003,1.0540753602981567
2981.409481997417,1.05349862575531
2977.5525486360348,1.0535129308700562
2973.6956152746525,1.053551197052002
2969.8386819132693,1.0530633926391602
2965.981748551887,1.052539348602295
2962.124815190504,1.0518677234649658
2958.2678818291215,1.0509353876113892
2954.410948467739,1.0498493909835815
2950.554015106356,1.0485103130340576
2946.6970817449737,1.047670602798462
2942.8401483835905,1.0489026308059692
2938.9832150222082,1.0495027303695679
2935.126281660826,1.0496212244033813
2931.2693482994428,1.0496644973754883
2927.4124149380605,1.048180341720581
2923.5554815766773,1.044955849647522
2919.698548215295,1.0399507284164429
2915.8416148539127,1.0318968296051025
2911.9846814925295,1.0211784839630127
2908.127748131147,1.01151704788208
2904.270814769764,1.0034074783325195
2900.4138814083817,0.9964129328727722
2896.5569480469994,0.9910587072372437
2892.700014685616,0.9859342575073242
2888.843081324234,0.9809910655021667
2884.9861479628507,0.9765678644180298
2881.1292146014684,0.973336398601532
2877.272281240086,0.9705109000205994
2873.415347878703,0.9676253199577332
2869.5584145173207,0.9643526077270508
2865.7014811559375,0.9618023633956909
2861.844547794555,0.9605414271354675
2857.987614433173,0.9601747393608093
2854.1306810717897,0.9598703980445862
2850.2737477104074,0.9559697508811951
2846.416814349024,0.9448296427726746
2842.559880987642,0.9318587779998779
2838.7029476262596,0.9218225479125977
2834.8460142648764,0.9142467975616455
2830.989080903494,0.9080448746681213
2827.132147542111,0.902612566947937
2823.2752141807287,0.8979922533035278
2819.4182808193464,0.8935768008232117
2815.561347457963,0.8892119526863098
2811.704414096581,0.8854767680168152
2807.8474807351977,0.8820241689682007
2803.9905473738154,0.8781816959381104
2800.133614012433,0.8746126294136047
2796.27668065105,0.8717268705368042
2792.4197472896676,0.8691441416740417
2788.5628139282844,0.86611407995224
2784.705880566902,0.8626795411109924
2780.84894720552,0.8597161769866943
2776.9920138441366,0.856978178024292
2773.1350804827543,0.8543825149536133
2769.278147121371,0.8516193628311157
2765.421213759989,0.8489853739738464
2761.5642803986066,0.8466440439224243
2757.7073470372234,0.8442497849464417
2753.850413675841,0.841741144657135
2749.993480314458,0.8398948311805725
2746.1365469530756,0.8379844427108765
2742.2796135916933,0.8354573249816895
2738.42268023031,0.8329821228981018
2734.565746868928,0.830963134765625
2730.7088135075446,0.8292906880378723
2726.8518801461623,0.8272982835769653
2722.99494678478,0.824852466583252
2719.138013423397,0.8225645422935486
2715.2810800620146,0.8203150033950806
2711.4241467006314,0.8184234499931335
2707.567213339249,0.8167858123779297
2703.710279977867,0.8149107098579407
2699.8533466164836,0.8125512003898621
2695.9964132551013,0.810266375541687
2692.139479893718,0.8085970282554626
2688.282546532336,0.8069906234741211
2684.4256131709535,0.8053203821182251
2680.5686798095703,0.8035654425621033
2676.711746448188,0.8015678524971008
2672.854813086805,0.7995169162750244
2668.9978797254225,0.797606885433197
2665.1409463640402,0.7957798838615417
2661.284013002657,0.7940004467964172
2657.4270796412748,0.7925265431404114
2653.5701462798916,0.7910666465759277
2649.7132129185093,0.789632260799408
2645.856279557127,0.7883214354515076
2641.999346195744,0.7868996858596802
2638.1424128343615,0.7853997349739075
2634.2854794729783,0.784187376499176
2630.428546111596,0.7830901741981506
2626.5716127502137,0.7817435264587402
2622.7146793888305,0.7803003787994385
2618.8577460274482,0.7788704037666321
2615.000812666065,0.7775793671607971
2611.1438793046827,0.7764348387718201
2607.2869459433005,0.7757930755615234
2603.4300125819173,0.7752264142036438
2599.573079220535,0.7740522027015686
2595.7161458591518,0.7728608846664429
2591.8592124977695,0.7717061638832092
2588.002279136387,0.7706518173217773
2584.145345775004,0.7697868347167969
2580.2884124136217,0.7691797614097595
2576.4314790522385,0.7686242461204529
2572.574545690856,0.7679502964019775
2568.717612329474,0.7670415639877319
2564.8606789680907,0.7662344574928284
2561.0037456067084,0.7656493782997131
2557.1468122453252,0.7652016878128052
2553.289878883943,0.7646967768669128
2549.4329455225607,0.7639882564544678
2545.5760121611775,0.7634434103965759
2541.719078799795,0.763216495513916
2537.862145438412,0.7632163763046265
2534.0052120770297,0.7631688714027405
2530.1482787156474,0.7627866864204407
2526.291345354264,0.7622501850128174
2522.434411992882,0.7622372508049011
2518.5774786314987,0.7621222138404846
2514.7205452701164,0.7618767619132996
2510.863611908734,0.7618128061294556
2507.006678547351,0.7618414759635925
2503.1497451859686,0.7618874907493591
2499.2928118245854,0.7621421217918396
2495.435878463203,0.76198410987854
2491.578945101821,0.7615979909896851
2487.7220117404377,0.7615281939506531
2483.8650783790554,0.761635422706604
2480.008145017672,0.761741042137146
2476.15121165629,0.7617661952972412
2472.2942782949076,0.7616816759109497
2468.4373449335244,0.761998176574707
2464.580411572142,0.7623672485351562
2460.723478210759,0.762571394443512
2456.8665448493766,0.7629500031471252
2453.0096114879943,0.7633304595947266
2449.152678126611,0.7634924650192261
2445.295744765229,0.7636757493019104
2441.4388114038456,0.7639999389648438
2437.5818780424634,0.7646450996398926
2433.724944681081,0.7649586200714111
2429.868011319698,0.7651728987693787
2426.0110779583156,0.7657893896102905
2422.1541445969324,0.7661643028259277
2418.29721123555,0.7664595246315002
2414.440277874168,0.7672993540763855
2410.5833445127846,0.7679470181465149
2406.7264111514023,0.7684502601623535
2402.869477790019,0.7690683007240295
2399.012544428637,0.7695790529251099
2395.1556110672545,0.770179808139801
2391.2986777058713,0.7708349227905273
2387.441744344489,0.7714544534683228
2383.584810983106,0.7723114490509033
2379.7278776217236,0.7730308175086975
2375.8709442603413,0.7736340761184692
2372.014010898958,0.7744748592376709
2368.157077537576,0.775608241558075
2364.3001441761926,0.7764908075332642
2360.4432108148103,0.7778390049934387
2356.586277453428,0.7786194086074829
2352.729344092045,0.780693531036377
2348.8724107306625,0.781457245349884
2345.0154773692793,0.7830227613449097
2341.158544007897,0.7840261459350586
2337.3016106465147,0.7844223976135254
2333.4446772851315,0.7839145660400391
2329.5877439237493,0.7844290137290955
2325.730810562366,0.7849026322364807
2321.8738772009838,0.7857002019882202
2318.0169438396015,0.7859137654304504
2314.1600104782183,0.7865081429481506
2310.303077116836,0.787211000919342
2306.446143755453,0.788135826587677
2302.5892103940705,0.7887857556343079
2298.732277032688,0.7898405194282532
2294.875343671305,0.791214644908905
2291.0184103099227,0.7925795912742615
2287.1614769485395,0.7939333915710449
2283.3045435871572,0.7954921126365662
2279.447610225774,0.7971299886703491
2275.5906768643918,0.7987743616104126
2271.7337435030095,0.8004353642463684
2267.8768101416263,0.8024719953536987
2264.019876780244,0.8044490814208984
2260.162943418861,0.8061324954032898
2256.3060100574785,0.8075331449508667
2252.449076696096,0.8093048334121704
2248.592143334713,0.8112586736679077
2244.7352099733307,0.8132220506668091
2240.8782766119475,0.814985454082489
2237.021343250565,0.8164154291152954
2233.164409889183,0.8170562982559204
2229.3074765277997,0.8174517154693604
2225.4505431664174,0.8176947236061096
2221.5936098050342,0.8180203437805176
2217.736676443652,0.8178405165672302
2213.8797430822697,0.8171675205230713
2210.0228097208865,0.8167849779129028
2206.165876359504,0.8169083595275879
2202.308942998121,0.8170655369758606
2198.4520096367387,0.8179792761802673
2194.5950762753564,0.8191959857940674
2190.738142913973,0.8208128213882446
2186.881209552591,0.8222624063491821
2183.0242761912077,0.8236798048019409
2179.1673428298254,0.8252835273742676
2175.310409468443,0.8270418047904968
2171.45347610706,0.8286017775535583
2167.5965427456777,0.8306930661201477
2163.7396093842945,0.8329421281814575
2159.882676022912,0.835151195526123
2156.02574266153,0.8373198509216309
2152.1688093001467,0.8397092819213867
2148.3118759387644,0.8423312306404114
2144.454942577381,0.8451313376426697
2140.598009215999,0.8476033806800842
2136.7410758546166,0.8499537110328674
2132.8841424932334,0.8511818647384644
2129.027209131851,0.8516902327537537
2125.170275770468,0.8519271016120911
2121.3133424090856,0.8525770306587219
2117.4564090477033,0.8533779382705688
2113.59947568632,0.8546426296234131
2109.742542324938,0.856014609336853
2105.8856089635547,0.8574337959289551
2102.0286756021724,0.8589913845062256
2098.17174224079,0.8609986901283264
2094.314808879407,0.8630251288414001
2090.4578755180246,0.8646377921104431
2086.6009421566414,0.8659164905548096
2082.744008795259,0.8680261969566345
2078.887075433877,0.870484471321106
2075.0301420724936,0.8729748725891113
2071.1732087111113,0.8750138282775879
2067.316275349728,0.8776247501373291
2063.459341988346,0.8806413412094116
2059.6024086269636,0.8842383027076721
2055.7454752655804,0.8885375261306763
2051.888541904198,0.893880307674408
2048.031608542815,0.8999873399734497
2044.1746751814326,0.9088385701179504
2040.3177418200503,0.9194777011871338
2036.460808458667,0.9306365251541138
2032.6038750972848,0.9404980540275574
2028.7469417359016,0.9483609199523926
2024.8900083745193,0.9537740349769592
2021.033075013137,0.9588362574577332
2017.1761416517538,0.9659625887870789
2013.3192082903715,0.9760241508483887
2009.4622749289883,0.987453281879425
2005.605341567606,0.9979478120803833
2001.7484082062238,1.0049748420715332
1997.8914748448406,1.0095027685165405
1994.0345414834583,1.0125685930252075
1990.177608122075,1.0147875547409058
1986.3206747606928,1.0158586502075195
1982.4637413993105,1.0177583694458008
1978.6068080379273,1.019618034362793
1974.749874676545,1.0210429430007935
1970.8929413151618,1.0204280614852905
1967.0360079537795,1.0188515186309814
1963.1790745923972,1.0173686742782593
1959.322141231014,1.017043113708496
1955.4652078696317,1.0186192989349365
1951.6082745082485,1.0218061208724976
1947.7513411468663,1.024302363395691
1943.894407785484,1.0261341333389282
1940.0374744241008,1.0279513597488403
1936.1805410627185,1.0297552347183228
1932.3236077013353,1.0309120416641235
1928.466674339953,1.0327094793319702
1924.6097409785707,1.0357191562652588
1920.7528076171875,1.041643500328064
1916.8958742558052,1.0514917373657227
1913.038940894422,1.064005732536316
1909.1820075330397,1.079676866531372
1905.3250741716574,1.0987409353256226
1901.4681408102742,1.1162430047988892
1897.611207448892,1.132317304611206
1893.7542740875087,1.1473618745803833
1889.8973407261265,1.1608299016952515
1886.0404073647442,1.1720925569534302
1882.183474003361,1.1811436414718628
1878.3265406419787,1.1884793043136597
1874.4696072805955,1.1941148042678833
1870.6126739192132,1.197249412536621
1866.755740557831,1.1964222192764282
1862.8988071964477,1.1905429363250732
1859.0418738350654,1.178133487701416
1855.1849404736822,1.1614880561828613
1851.3280071123,1.1456198692321777
1847.4710737509176,1.1318379640579224
1843.6141403895344,1.1216514110565186
1839.7572070281522,1.1174225807189941
1835.900273666769,1.1171602010726929
1832.0433403053867,1.1200900077819824
1828.1864069440044,1.1269174814224243
1824.3294735826212,1.1353603601455688
1820.472540221239,1.1437785625457764
1816.6156068598557,1.151818037033081
1812.7586734984734,1.1604266166687012
1808.901740137091,1.1691821813583374
1805.044806775708,1.1773890256881714
1801.1878734143256,1.186011552810669
1797.3309400529424,1.1949777603149414
1793.4740066915601,1.2011603116989136
1789.6170733301778,1.2077797651290894
1785.7601399687946,1.2115782499313354
1781.9032066074124,1.215040922164917
1778.0462732460292,1.2166423797607422
1774.1893398846469,1.2173881530761719
1770.3324065232646,1.2173174619674683
1766.4754731618814,1.2188150882720947
1762.618539800499,1.2217881679534912
1758.761606439116,1.229521632194519
1754.9046730777336,1.2394165992736816
1751.0477397163513,1.253534197807312
1747.1908063549681,1.2727067470550537
1743.3338729935858,1.2899574041366577
1739.4769396322026,1.3053791522979736
1735.6200062708203,1.3218958377838135
1731.763072909438,1.341758370399475
1727.9061395480549,1.3577351570129395
1724.0492061866726,1.3692454099655151
1720.1922728252894,1.3824093341827393
1716.335339463907,1.4055428504943848
1712.4784061025248,1.427988886833191
1708.6214727411416,1.4408830404281616
1704.7645393797593,1.4616953134536743
1700.907606018376,1.4849399328231812
1697.0506726569938,1.5196959972381592
1693.1937392956115,1.544498085975647
1689.3368059342283,1.5620867013931274
1685.479872572846,1.5858557224273682
1681.6229392114628,1.6156646013259888
1677.7660058500805,1.6288748979568481
1673.9090724886983,1.6432106494903564
1670.052139127315,1.664109706878662
1666.1952057659328,1.6834899187088013
1662.3382724045496,1.7016565799713135
1658.4813390431673,1.7178199291229248
1654.624405681785,1.727441668510437
1650.7674723204018,1.7462786436080933
1646.9105389590195,1.7586759328842163
1643.0536055976363,1.7667545080184937
1639.196672236254,1.7686667442321777
1635.3397388748717,1.768900990486145
1631.4828055134885,1.7699520587921143
1627.6258721521062,1.7659947872161865
1623.768938790723,1.7522218227386475
1619.9120054293408,1.7401210069656372
1616.0550720679585,1.7233129739761353
1612.1981387065753,1.7045007944107056
1608.341205345193,1.6875972747802734
1604.4842719838098,1.6708897352218628
1600.6273386224275,1.6575769186019897
1596.7704052610452,1.6446919441223145
1592.913471899662,1.630726933479309
1589.0565385382797,1.616279125213623
1585.1996051768965,1.6037015914916992
1581.3426718155142,1.5919443368911743
1577.485738454132,1.5800538063049316
1573.6288050927487,1.568800449371338
1569.7718717313664,1.5644402503967285
1565.9149383699832,1.55784010887146
1562.058005008601,1.5537919998168945
1558.2010716472187,1.553070306777954
1554.3441382858355,1.5487929582595825
1550.4872049244532,1.543578863143921
1546.63027156307,1.5432898998260498
1542.7733382016877,1.5451213121414185
1538.9164048403054,1.5518490076065063
1535.0594714789222,1.5539829730987549
1531.20253811754,1.556342601776123
1527.3456047561567,1.555564522743225
1523.4886713947744,1.5509495735168457
1519.6317380333921,1.546491026878357
1515.774804672009,1.551194190979004
1511.9178713106267,1.5532742738723755
1508.0609379492435,1.5486319065093994
1504.2040045878612,1.5472651720046997
1500.3470712264789,1.5507595539093018
1496.4901378650957,1.5535789728164673
1492.6332045037134,1.551274299621582
1488.7762711423302,1.5525203943252563
1484.919337780948,1.5578137636184692
1481.0624044195656,1.5614850521087646
1477.2054710581824,1.5697375535964966
1473.3485376968001,1.5899688005447388
1469.491604335417,1.6110981702804565
1465.6346709740346,1.6230319738388062
1461.7777376126523,1.6339128017425537
1457.9208042512691,1.6434581279754639
1454.0638708898869,1.6544641256332397
1450.2069375285037,1.662786841392517
1446.3500041671214,1.6701276302337646
1442.493070805739,1.6788429021835327
1438.6361374443559,1.6903494596481323
1434.7792040829736,1.701539158821106
1430.9222707215904,1.710417628288269
1427.065337360208,1.721657156944275
1423.2084039988258,1.7284353971481323
1419.3514706374426,1.7280561923980713
1415.4945372760603,1.7302778959274292
1411.6376039146771,1.7346231937408447
1407.7806705532948,1.739052653312683
1403.9237371919116,1.7437591552734375
1400.0668038305294,1.7478753328323364
1396.209870469147,1.7501540184020996
1392.3529371077639,1.7552261352539062
1388.4960037463816,1.7609347105026245
1384.6390703849984,1.7653065919876099
1380.782137023616,1.771620512008667
1376.9252036622338,1.7760571241378784
1373.0682703008506,1.7810739278793335
1369.2113369394683,1.7858997583389282
1365.354403578085,1.7868832349777222
1361.4974702167028,1.7882821559906006
1357.6405368553205,1.7871893644332886
1353.7836034939373,1.7833166122436523
1349.926670132555,1.783761978149414
1346.0697367711718,1.7899740934371948
1342.2128034097896,1.794812560081482
1338.3558700484073,1.7925491333007812
1334.498936687024,1.7940224409103394
1330.6420033256418,1.7938013076782227
1326.7850699642586,1.7912225723266602
1322.9281366028763,1.7920304536819458
1319.071203241494,1.7937545776367188
1315.2142698801108,1.788624882698059
1311.3573365187285,1.780751347541809
1307.5004031573453,1.7707815170288086
1303.643469795963,1.7606390714645386
1299.7865364345807,1.7551957368850708
1295.9296030731975,1.7503947019577026
1292.0726697118153,1.7423112392425537
1288.215736350432,1.7360237836837769
1284.3588029890498,1.7303744554519653
1280.5018696276675,1.7252600193023682
1276.6449362662843,1.714327335357666
1272.788002904902,1.6952695846557617
1268.9310695435188,1.6702351570129395
1265.0741361821365,1.6439456939697266
1261.2172028207542,1.6181495189666748
1257.360269459371,1.5932570695877075
1253.5033360979887,1.5676058530807495
1249.6464027366055,1.5423145294189453
1245.7894693752232,1.5194649696350098
1241.932536013841,1.4975085258483887
1238.0756026524577,1.4738155603408813
1234.2186692910755,1.4464690685272217
1230.3617359296923,1.4174126386642456
1226.50480256831,1.392473816871643
1222.6478692069277,1.3757331371307373
1218.7909358455445,1.3683832883834839
1214.9340024841622,1.3692549467086792
1211.077069122779,1.3767865896224976
1207.2201357613967,1.3893834352493286
1203.3632024000144,1.4012573957443237
1199.5062690386312,1.411790370941162
1195.649335677249,1.4205907583236694
1191.7924023158657,1.4260001182556152
1187.9354689544834,1.4296698570251465
1184.0785355931012,1.4313758611679077
1180.221602231718,1.4301625490188599
1176.3646688703357,1.4306765794754028
1172.5077355089525,1.4323525428771973
1168.6508021475702,1.4408550262451172
1164.7938687861879,1.4647645950317383
1160.9369354248047,1.4926095008850098
1157.0800020634224,1.493417739868164
1153.2230687020392,1.4685430526733398
1149.366135340657,1.4447457790374756
1145.5092019792746,1.43178129196167
1141.6522686178914,1.423548698425293
1137.7953352565091,1.4222482442855835
1133.938401895126,1.4266090393066406
1130.0814685337436,1.4321980476379395
1126.2245351723614,1.4413665533065796
1122.3676018109782,1.4538706541061401
1118.5106684495959,1.4673672914505005
1114.6537350882127,1.4813436269760132
1110.7968017268304,1.4870182275772095
1106.939868365448,1.4817582368850708
1103.082935004065,1.4753907918930054
1099.2260016426826,1.4700111150741577
1095.3690682812994,1.464629888534546
1091.5121349199171,1.4617714881896973
1087.6552015585348,1.4569662809371948
1083.7982681971516,1.4554213285446167
1079.9413348357693,1.4578191041946411
1076.0844014743861,1.459581732749939
1072.2274681130039,1.4652819633483887
1068.3705347516216,1.4781416654586792
1064.5136013902384,1.4925572872161865
1060.656668028856,1.5038293600082397
1056.7997346674729,1.516876459121704
1052.9428013060906,1.5314915180206299
1049.0858679447083,1.5393465757369995
1045.228934583325,1.5500495433807373
1041.3720012219428,1.5600826740264893
1037.5150678605596,1.5678004026412964
1033.6581344991773,1.5809201002120972
1029.801201137795,1.59401535987854
1025.9442677764118,1.6035853624343872
1022.0873344150295,1.617336392402649
1018.2304010536463,1.6258176565170288
1014.3734676922641,1.6250115633010864
1010.5165343308818,1.6254384517669678
1006.6596009694986,1.6296883821487427
1002.8026676081163,1.6334582567214966
998.9457342467331,1.6419119834899902
995.0888008853508,1.648179054260254
991.2318675239685,1.650755524635315
987.3749341625853,1.6532609462738037
983.518000801203,1.6574825048446655
979.6610674398198,1.656783103942871
975.8041340784375,1.650200605392456
971.9472007170552,1.647172212600708
968.090267355672,1.6493879556655884
964.2333339942898,1.65788733959198
960.3764006329066,1.663344383239746
956.5194672715243,1.664556860923767
952.662533910142,1.6763513088226318
948.8056005487588,1.6846510171890259
944.9486671873765,1.6809419393539429
941.0917338259933,1.6867252588272095
937.234800464611,1.6993213891983032
933.3778671032287,1.7110737562179565
929.5209337418455,1.7168127298355103
925.6640003804632,1.716164231300354
921.80706701908,1.7273051738739014
917.9501336576977,1.7472001314163208
914.0932002963154,1.7461680173873901
910.2362669349322,1.725235104560852
906.37933357355,1.7060214281082153
902.5224002121668,1.6877379417419434
898.6654668507845,1.6640446186065674
894.8085334894022,1.6594302654266357
890.951600128019,1.665647029876709
887.0946667666367,1.6723510026931763
883.2377334052535,1.678139328956604
879.3808000438712,1.6790319681167603
875.5238666824889,1.6801151037216187
871.6669333211057,1.679477572441101
867.8099999597234,1.675020694732666
863.9530665983402,1.662921667098999
860.0961332369579,1.65498948097229
856.2391998755757,1.661970853805542
852.3822665141925,1.6713929176330566
848.5253331528102,1.6841503381729126
844.668399791427,1.7066377401351929
840.8114664300447,1.7280060052871704
836.9545330686624,1.750515341758728
833.0975997072792,1.7813018560409546
829.2406663458969,1.8111052513122559
825.3837329845137,1.8433486223220825
821.5267996231314,1.8903560638427734
817.6698662617491,1.923568844795227
813.8129329003659,1.9480717182159424
809.9559995389836,1.9536617994308472
806.0990661776004,1.920506477355957
802.2421328162181,1.8678865432739258
798.3851994548359,1.8413368463516235
794.5282660934527,1.8445805311203003
790.6713327320704,1.8454334735870361
786.8143993706872,1.8260306119918823
782.9574660093049,1.8031270503997803
779.1005326479226,1.779361367225647
775.2435992865394,1.7561872005462646
771.3866659251571,1.7485846281051636
767.5297325637739,1.7611855268478394
763.6727992023916,1.7663027048110962
759.8158658410093,1.7754403352737427
755.9589324796261,1.7798062562942505
752.1019991182438,1.7697335481643677
748.2450657568606,1.7658939361572266
744.3881323954784,1.7763586044311523
740.5311990340961,1.7871835231781006
736.6742656727129,1.8030635118484497
732.8173323113306,1.8175526857376099
728.9603989499474,1.8133420944213867
725.1034655885651,1.8052695989608765
721.2465322271828,1.8131786584854126
717.3895988657996,1.8468172550201416
713.5326655044173,1.8804118633270264
709.6757321430341,1.8927420377731323
705.8187987816518,1.9260938167572021
701.9618654202695,1.9789763689041138
698.1049320588863,1.9839625358581543
694.247998697504,1.9418610334396362
690.3910653361208,1.8936560153961182
686.5341319747386,1.8745572566986084
682.6771986133563,1.878048300743103
678.8202652519731,1.8806121349334717
674.9633318905908,1.895437240600586
671.1063985292076,1.8946224451065063
667.2494651678253,1.8937575817108154
663.392531806443,1.9119088649749756
659.5355984450598,1.913398265838623
655.6786650836775,1.9187978506088257
651.8217317222943,1.931981086730957
647.964798360912,1.9197899103164673
644.1078649995297,1.904164433479309
640.2509316381465,1.8985838890075684
636.3939982767643,1.9244471788406372
632.537064915381,1.9606221914291382
628.6801315539988,1.97586989402771
624.8231981926165,1.9735472202301025
620.9662648312333,1.968877911567688
617.109331469851,1.953282356262207
613.2523981084678,1.9316192865371704
609.3954647470855,1.9207854270935059
605.5385313857032,1.901343584060669
601.68159802432,1.856394648551941
597.8246646629377,1.8333364725112915
593.9677313015545,1.8194206953048706
590.1107979401722,1.7923997640609741
586.25386457879,1.752394676208496
582.3969312174067,1.7372567653656006
578.5399978560245,1.7179425954818726
574.6830644946413,1.711559534072876
570.826131133259,1.7316882610321045
566.9691977718767,1.737870216369629
563.1122644104935,1.6955010890960693
559.2553310491112,1.6572902202606201
555.398397687728,1.657230257987976
551.5414643263457,1.6373085975646973
547.6845309649634,1.610376000404358
543.8275976035802,1.5763146877288818
539.9706642421979,1.5585711002349854
536.1137308808147,1.5534744262695312
532.2567975194324,1.5671271085739136
528.3998641580492,1.5558416843414307
524.542930796667,1.666793942451477
520.6859974352847,1.6101341247558594
516.8290640739015,1.6152623891830444
512.9721307125192,1.626744031906128
509.115197351136,1.6289875507354736
505.2582639897537,1.682471513748169
501.4013306283714,1.6307622194290161
497.5443972669882,1.5542631149291992
493.6874639056059,1.54450261592865
489.8305305442227,1.5033845901489258
485.9735971828404,1.487693190574646
482.11666382145813,1.469994068145752
478.25973046007493,1.426615834236145
474.40279709869264,1.402906894683838
470.54586373730945,1.403626561164856
466.68893037592716,1.4205472469329834
462.83199701454487,1.4593340158462524
458.97506365316167,1.4614248275756836
455.1181302917794,1.4363853931427002
451.2611969303962,1.4350392818450928
447.4042635690139,1.4355708360671997
443.5473302076316,1.4483935832977295
439.6903968462484,1.4743155241012573
435.8334634848661,1.4420218467712402
431.9765301234829,1.479862093925476
428.1195967621006,1.467879056930542
424.26266340071834,1.4405057430267334
420.40573003933514,1.5024833679199219
416.54879667795285,1.4854182004928589
412.69186331656965,1.497771978378296
408.83492995518736,1.668066143989563
404.9779965938051,1.9361515045166016
401.1210632324219,2.1643311977386475
