Wavenumber, ../data/raw/MIR/Raw/Feb20/SS5.spa
7999.27978515625,0.494525283575058
7995.422851794868,0.48961371183395386
7991.5659184334845,0.5014137029647827
7987.708985072102,0.5034775733947754
7983.852051710719,0.4982365369796753
7979.995118349337,0.5043463706970215
7976.138184987954,0.5002696514129639
7972.281251626571,0.49247825145721436
7968.424318265189,0.4987918734550476
7964.567384903806,0.5041569471359253
7960.7104515424235,0.5076127648353577
7956.853518181041,0.5042084455490112
7952.996584819658,0.4977998435497284
7949.139651458276,0.49704620242118835
7945.2827180968925,0.4986180365085602
7941.42578473551,0.49400562047958374
7937.568851374128,0.49227848649024963
7933.711918012745,0.4892239570617676
7929.854984651362,0.4823561906814575
7925.998051289979,0.49138209223747253
7922.141117928597,0.5018274188041687
7918.284184567215,0.505868673324585
7914.427251205831,0.4991202652454376
7910.570317844449,0.4860784411430359
7906.713384483066,0.48904430866241455
7902.856451121684,0.4903202950954437
7898.999517760301,0.4891897141933441
7895.142584398918,0.5005112886428833
7891.285651037536,0.501636266708374
7887.428717676153,0.49460387229919434
7883.57178431477,0.49904105067253113
7879.714850953388,0.5012515187263489
7875.857917592005,0.4936486482620239
7872.000984230623,0.49154946208000183
7868.144050869239,0.4972599744796753
7864.287117507857,0.49905186891555786
7860.430184146475,0.495797723531723
7856.573250785092,0.4941804111003876
7852.716317423709,0.49717143177986145
7848.859384062326,0.49894705414772034
7845.002450700944,0.49501633644104004
7841.145517339562,0.4877890348434448
7837.288583978178,0.4888448119163513
7833.431650616796,0.49618789553642273
7829.574717255413,0.5003418922424316
7825.717783894031,0.5003035664558411
7821.860850532648,0.49375709891319275
7818.003917171265,0.49045413732528687
7814.146983809883,0.4949870705604553
7810.2900504485,0.4925488233566284
7806.433117087117,0.48639798164367676
7802.576183725735,0.4895095229148865
7798.719250364352,0.4930727183818817
7794.86231700297,0.4928528666496277
7791.005383641586,0.4904594123363495
7787.148450280204,0.48968181014060974
7783.291516918822,0.4914904236793518
7779.434583557439,0.4916251003742218
7775.577650196056,0.49577027559280396
7771.720716834673,0.499696284532547
7767.863783473291,0.49854299426078796
7764.0068501119085,0.4962764382362366
7760.149916750525,0.4969460070133209
7756.292983389143,0.49893808364868164
7752.43605002776,0.4948914051055908
7748.579116666378,0.49183815717697144
7744.722183304995,0.48818978667259216
7740.865249943612,0.48481905460357666
7737.00831658223,0.48812755942344666
7733.151383220847,0.4987703263759613
7729.294449859464,0.5012600421905518
7725.437516498082,0.4929376542568207
7721.580583136699,0.488280713558197
7717.7236497753165,0.49147188663482666
7713.866716413933,0.4942844808101654
7710.009783052551,0.4888579845428467
7706.152849691169,0.49126136302948
7702.2959163297855,0.4947851002216339
7698.438982968403,0.4937388002872467
7694.58204960702,0.4924289286136627
7690.725116245638,0.489719033241272
7686.868182884255,0.4841213822364807
7683.011249522872,0.4838715195655823
7679.15431616149,0.4922458529472351
7675.297382800107,0.49202650785446167
7671.4404494387245,0.4887356758117676
7667.583516077342,0.49052879214286804
7663.726582715959,0.4890809953212738
7659.869649354577,0.4856759309768677
7656.0127159931935,0.4925602972507477
7652.155782631811,0.4991289973258972
7648.298849270428,0.49865391850471497
7644.441915909046,0.49481067061424255
7640.5849825476635,0.49261659383773804
7636.72804918628,0.491422563791275
7632.871115824898,0.48935362696647644
7629.014182463516,0.48853209614753723
7625.1572491021325,0.4904632568359375
7621.30031574075,0.4882199764251709
7617.443382379367,0.48926785588264465
7613.586449017985,0.49812108278274536
7609.7295156566015,0.4988422393798828
7605.872582295219,0.49479907751083374
7602.015648933837,0.4966410994529724
7598.158715572454,0.49656927585601807
7594.301782211071,0.4966947138309479
7590.444848849689,0.5020174384117126
7586.587915488306,0.5033736824989319
7582.730982126924,0.49907103180885315
7578.8740487655405,0.49522635340690613
7575.017115404158,0.4950800836086273
7571.160182042775,0.48829197883605957
7567.303248681393,0.4824669361114502
7563.44631532001,0.48573291301727295
7559.589381958627,0.4933626353740692
7555.732448597245,0.4965212941169739
7551.875515235863,0.49571940302848816
7548.018581874479,0.49712494015693665
7544.161648513097,0.5008625984191895
7540.304715151714,0.49697887897491455
7536.447781790332,0.4928891956806183
7532.590848428948,0.49055954813957214
7528.733915067566,0.49469348788261414
7524.876981706184,0.4980970621109009
7521.020048344801,0.494872123003006
7517.163114983418,0.4928709864616394
7513.306181622036,0.4977457821369171
7509.449248260653,0.5012020468711853
7505.592314899271,0.49697694182395935
7501.735381537887,0.4908609390258789
7497.878448176505,0.49219954013824463
7494.021514815122,0.5006846189498901
7490.16458145374,0.4985363483428955
7486.307648092357,0.4937688112258911
7482.450714730974,0.49712732434272766
7478.593781369592,0.49757280945777893
7474.73684800821,0.4975210726261139
7470.879914646826,0.4920576810836792
7467.022981285444,0.48970529437065125
7463.166047924061,0.4979756474494934
7459.309114562679,0.5036935210227966
7455.452181201295,0.5001218318939209
7451.595247839913,0.49719998240470886
7447.738314478531,0.49546435475349426
7443.881381117148,0.4953826665878296
7440.024447755765,0.49655836820602417
7436.167514394383,0.4968056380748749
7432.310581033,0.49834010004997253
7428.453647671618,0.5014792680740356
7424.596714310234,0.5003257989883423
7420.739780948852,0.5004509091377258
7416.882847587469,0.505070686340332
7413.025914226087,0.507306694984436
7409.168980864704,0.5053844451904297
7405.312047503321,0.5030755400657654
7401.455114141939,0.506343424320221
7397.5981807805565,0.5107123851776123
7393.741247419173,0.5101161003112793
7389.884314057791,0.5066686272621155
7386.027380696408,0.505323052406311
7382.1704473350255,0.5032060146331787
7378.313513973642,0.5021735429763794
7374.45658061226,0.5057174563407898
7370.599647250878,0.5066995620727539
7366.742713889495,0.5071516036987305
7362.885780528112,0.506121039390564
7359.02884716673,0.5002256035804749
7355.171913805347,0.4953652322292328
7351.3149804439645,0.49355632066726685
7347.458047082581,0.4965705871582031
7343.601113721199,0.49869856238365173
7339.744180359816,0.49680837988853455
7335.8872469984335,0.4998871684074402
7332.030313637051,0.5044835209846497
7328.173380275668,0.5059764981269836
7324.316446914286,0.5033865571022034
7320.459513552903,0.5013222098350525
7316.60258019152,0.5021039247512817
7312.745646830138,0.5003532767295837
7308.888713468755,0.5025498867034912
7305.0317801073725,0.5033308267593384
7301.174846745989,0.493071585893631
7297.317913384607,0.48950180411338806
7293.460980023225,0.4954822361469269
7289.6040466618415,0.5020754933357239
7285.747113300459,0.5050628781318665
7281.890179939076,0.5076691508293152
7278.033246577694,0.5071345567703247
7274.176313216311,0.5047783851623535
7270.319379854928,0.5046977996826172
7266.462446493546,0.500625491142273
7262.605513132163,0.49672725796699524
7258.74857977078,0.4975796937942505
7254.891646409398,0.5021833181381226
7251.034713048015,0.5040181279182434
7247.177779686633,0.5013617277145386
7243.3208463252495,0.501397430896759
7239.463912963867,0.5024546980857849
7235.606979602485,0.5028162598609924
7231.750046241102,0.5048808455467224
7227.893112879719,0.5054644346237183
7224.036179518336,0.5062404870986938
7220.179246156954,0.5098062753677368
7216.322312795572,0.5089411735534668
7212.465379434188,0.5102800726890564
7208.608446072806,0.5141748189926147
7204.751512711423,0.5146573185920715
7200.894579350041,0.510322630405426
7197.037645988658,0.5073652863502502
7193.180712627275,0.5076817274093628
7189.323779265893,0.5090078115463257
7185.46684590451,0.5151172876358032
7181.609912543127,0.519623875617981
7177.752979181745,0.5126556754112244
7173.896045820362,0.5050216913223267
7170.03911245898,0.507354736328125
7166.182179097596,0.5135429501533508
7162.325245736214,0.5137003660202026
7158.468312374832,0.5124344229698181
7154.611379013449,0.5132822394371033
7150.754445652066,0.5104940533638
7146.897512290683,0.5086286664009094
7143.040578929301,0.510242760181427
7139.183645567919,0.5102141499519348
7135.326712206535,0.5101054906845093
7131.469778845153,0.5122780203819275
7127.61284548377,0.5154584050178528
7123.755912122388,0.5164212584495544
7119.898978761005,0.5155833959579468
7116.042045399622,0.515646755695343
7112.18511203824,0.5165717601776123
7108.328178676857,0.514622688293457
7104.471245315474,0.5131033062934875
7100.614311954092,0.5137949585914612
7096.757378592709,0.5133655071258545
7092.900445231327,0.5123090147972107
7089.043511869943,0.5144909620285034
7085.186578508561,0.5184093713760376
7081.329645147179,0.521774411201477
7077.472711785796,0.5223461389541626
7073.615778424413,0.5216599106788635
7069.75884506303,0.5228452682495117
7065.901911701648,0.5242711305618286
7062.0449783402655,0.5204369425773621
7058.188044978882,0.5149688720703125
7054.3311116175,0.5121152400970459
7050.474178256117,0.5093557834625244
7046.6172448947345,0.5100125074386597
7042.760311533352,0.5121363401412964
7038.903378171969,0.510308027267456
7035.046444810587,0.509380578994751
7031.189511449204,0.5096997618675232
7027.332578087821,0.5097548365592957
7023.475644726439,0.5088268518447876
7019.618711365056,0.5062420964241028
7015.7617780036735,0.5065851211547852
7011.90484464229,0.509107232093811
7008.047911280908,0.5075915455818176
7004.190977919526,0.5068243741989136
7000.3340445581425,0.5074188113212585
6996.47711119676,0.5053731203079224
6992.620177835377,0.5063710808753967
6988.763244473995,0.508283257484436
6984.9063111126125,0.505030632019043
6981.049377751229,0.504155695438385
6977.192444389847,0.5055493712425232
6973.335511028464,0.5065882802009583
6969.4785776670815,0.5068892240524292
6965.621644305698,0.5055681467056274
6961.764710944316,0.5049911737442017
6957.907777582934,0.5066817402839661
6954.0508442215505,0.5073832869529724
6950.193910860168,0.5052596926689148
6946.336977498786,0.505540132522583
6942.480044137403,0.5047102570533752
6938.62311077602,0.5008565187454224
6934.766177414637,0.5011636018753052
6930.909244053255,0.5031298398971558
6927.052310691872,0.504183828830719
6923.1953773304895,0.5045875310897827
6919.338443969107,0.5068919062614441
6915.481510607724,0.5081602931022644
6911.624577246342,0.5050508975982666
6907.767643884959,0.5049302577972412
6903.910710523576,0.5084537863731384
6900.053777162194,0.5061366558074951
6896.196843800811,0.5037383437156677
6892.339910439428,0.5046530365943909
6888.482977078045,0.5046405792236328
6884.626043716663,0.5014240145683289
6880.769110355281,0.5000231266021729
6876.912176993897,0.5019227266311646
6873.055243632515,0.5034375190734863
6869.198310271133,0.5042739510536194
6865.34137690975,0.502748966217041
6861.484443548367,0.5019805431365967
6857.627510186984,0.5015617609024048
6853.770576825602,0.5016003847122192
6849.913643464219,0.5029935836791992
6846.056710102836,0.5043121576309204
6842.199776741454,0.5039210915565491
6838.342843380071,0.5044621825218201
6834.485910018689,0.503481388092041
6830.628976657306,0.5017275810241699
6826.772043295923,0.5034928917884827
6822.915109934541,0.503535270690918
6819.058176573158,0.5035523772239685
6815.201243211775,0.5077199935913086
6811.344309850392,0.5077447295188904
6807.48737648901,0.5021483302116394
6803.630443127628,0.4994640648365021
6799.773509766244,0.5016428232192993
6795.916576404862,0.5041674375534058
6792.05964304348,0.5046681761741638
6788.202709682097,0.5044964551925659
6784.345776320714,0.5043302774429321
6780.488842959331,0.503826916217804
6776.631909597949,0.5019075274467468
6772.774976236566,0.5011873841285706
6768.918042875183,0.5010414719581604
6765.061109513801,0.5017305612564087
6761.204176152418,0.5042144656181335
6757.347242791036,0.5057609677314758
6753.490309429653,0.5054041147232056
6749.63337606827,0.5051903128623962
6745.776442706888,0.5041797161102295
6741.919509345505,0.5036831498146057
6738.062575984122,0.5047471523284912
6734.205642622739,0.5050644874572754
6730.348709261357,0.5040972232818604
6726.4917758999745,0.5041819214820862
6722.634842538591,0.5030782222747803
6718.777909177209,0.5016431212425232
6714.920975815827,0.5017611384391785
6711.064042454444,0.5011776685714722
6707.207109093061,0.5022872686386108
6703.350175731678,0.5033172369003296
6699.493242370296,0.50162273645401
6695.636309008913,0.5005216598510742
6691.77937564753,0.5028626918792725
6687.922442286148,0.5044304728507996
6684.065508924765,0.5035332441329956
6680.2085755633825,0.5039188861846924
6676.351642202,0.5034483075141907
6672.494708840617,0.5029498934745789
6668.637775479235,0.5028488636016846
6664.7808421178515,0.5032480955123901
6660.923908756469,0.5030027627944946
6657.066975395086,0.5020857453346252
6653.210042033704,0.5007035136222839
6649.3531086723215,0.5007933378219604
6645.496175310938,0.5012831687927246
6641.639241949556,0.5013266801834106
6637.782308588174,0.5006985068321228
6633.9253752267905,0.5007489919662476
6630.068441865408,0.50144362449646
6626.211508504025,0.5010163187980652
6622.354575142643,0.5012880563735962
6618.4976417812595,0.5022149682044983
6614.640708419877,0.5032361745834351
6610.783775058495,0.5045466423034668
6606.926841697112,0.5033829212188721
6603.069908335729,0.5022697448730469
6599.212974974347,0.5007359981536865
6595.356041612964,0.5001316666603088
6591.499108251582,0.5002374649047852
6587.6421748901985,0.49924319982528687
6583.785241528816,0.49833378195762634
6579.928308167433,0.5008837580680847
6576.071374806051,0.5025385618209839
6572.214441444668,0.5033726096153259
6568.357508083285,0.504180371761322
6564.500574721903,0.5035755038261414
6560.643641360521,0.5031688809394836
6556.786707999137,0.5031682848930359
6552.929774637755,0.5027238130569458
6549.072841276372,0.5018007755279541
6545.21590791499,0.49992993474006653
6541.3589745536065,0.5013579726219177
6537.502041192224,0.5030888915061951
6533.645107830842,0.5023019313812256
6529.788174469459,0.5002428889274597
6525.931241108076,0.5004444122314453
6522.074307746694,0.5002202987670898
6518.217374385311,0.4999452233314514
6514.360441023929,0.5012108087539673
6510.503507662545,0.5023733973503113
6506.646574301163,0.5035689473152161
6502.78964093978,0.5023654699325562
6498.932707578398,0.4997187554836273
6495.075774217015,0.4995177686214447
6491.218840855632,0.5011036992073059
6487.36190749425,0.5018197894096375
6483.504974132868,0.49952200055122375
6479.648040771484,0.49854156374931335
6475.791107410102,0.5012176036834717
6471.934174048719,0.5015407800674438
6468.077240687337,0.49981117248535156
6464.220307325953,0.49901238083839417
6460.363373964571,0.4989866018295288
6456.506440603189,0.49937230348587036
6452.649507241806,0.49988189339637756
6448.792573880423,0.5005836486816406
6444.935640519041,0.4997826814651489
6441.078707157658,0.49920085072517395
6437.221773796276,0.501366138458252
6433.364840434892,0.5004309415817261
6429.50790707351,0.4981258809566498
6425.650973712127,0.49899157881736755
6421.794040350745,0.49916428327560425
6417.937106989362,0.49859803915023804
6414.080173627979,0.4987397789955139
6410.223240266597,0.5011559128761292
6406.3663069052145,0.5029085874557495
6402.509373543831,0.5018524527549744
6398.652440182449,0.5004947185516357
6394.795506821066,0.500355064868927
6390.9385734596835,0.4995170533657074
6387.0816400983,0.5000817179679871
6383.224706736918,0.5019439458847046
6379.367773375536,0.50218266248703
6375.510840014153,0.5023821592330933
6371.65390665277,0.5020146369934082
6367.796973291388,0.5011394023895264
6363.940039930005,0.49980223178863525
6360.0831065686225,0.4991063177585602
6356.226173207239,0.5000203251838684
6352.369239845857,0.4989216923713684
6348.512306484474,0.4984554648399353
6344.6553731230915,0.5000001788139343
6340.798439761709,0.5013850331306458
6336.941506400326,0.5006136298179626
6333.084573038944,0.4982209801673889
6329.2276396775615,0.4964202344417572
6325.370706316178,0.4971312880516052
6321.513772954795,0.49863043427467346
6317.656839593413,0.49818453192710876
6313.7999062320305,0.4984778165817261
6309.942972870647,0.4983137547969818
6306.086039509265,0.49712297320365906
6302.229106147883,0.49842697381973267
6298.3721727864995,0.4991072416305542
6294.515239425117,0.49899327754974365
6290.658306063735,0.49837401509284973
6286.801372702352,0.49733611941337585
6282.9444393409685,0.4972194731235504
6279.087505979586,0.4978550970554352
6275.230572618204,0.49921277165412903
6271.373639256821,0.500320553779602
6267.5167058954385,0.5006651282310486
6263.659772534056,0.49883773922920227
6259.802839172673,0.49762529134750366
6255.945905811291,0.497855544090271
6252.088972449908,0.4977997839450836
6248.232039088525,0.49718859791755676
6244.375105727142,0.4979909658432007
6240.51817236576,0.4991311728954315
6236.661239004377,0.4986426532268524
6232.804305642994,0.4980129599571228
6228.947372281612,0.49758365750312805
6225.09043892023,0.4987281560897827
6221.233505558846,0.49874478578567505
6217.376572197464,0.49863290786743164
6213.519638836082,0.49930351972579956
6209.662705474699,0.4995575547218323
6205.8057721133155,0.4992518723011017
6201.948838751933,0.4979371428489685
6198.091905390551,0.49845951795578003
6194.234972029168,0.4991936683654785
6190.378038667785,0.49767404794692993
6186.521105306403,0.4963681399822235
6182.66417194502,0.4957031309604645
6178.807238583638,0.49739110469818115
6174.950305222255,0.49885323643684387
6171.093371860872,0.4979000687599182
6167.236438499489,0.4964980483055115
6163.379505138107,0.49549928307533264
6159.522571776724,0.4962300658226013
6155.665638415341,0.49849793314933777
6151.808705053959,0.499347448348999
6147.951771692577,0.49858424067497253
6144.094838331193,0.4977101981639862
6140.237904969811,0.49846577644348145
6136.380971608429,0.49893566966056824
6132.524038247046,0.4982640743255615
6128.667104885662,0.4975530505180359
6124.81017152428,0.49743008613586426
6120.953238162898,0.49855130910873413
6117.096304801515,0.49933817982673645
6113.239371440132,0.49821674823760986
6109.38243807875,0.49834635853767395
6105.525504717367,0.4984106421470642
6101.668571355985,0.49714866280555725
6097.811637994601,0.4967079758644104
6093.954704633219,0.4980955719947815
6090.097771271836,0.4986690580844879
6086.240837910454,0.49808475375175476
6082.383904549071,0.4969816207885742
6078.526971187688,0.4961519241333008
6074.670037826306,0.49567899107933044
6070.8131044649235,0.4951583445072174
6066.95617110354,0.4952032268047333
6063.099237742158,0.4955178201198578
6059.242304380775,0.49712255597114563
6055.385371019393,0.4986780881881714
6051.528437658009,0.49821990728378296
6047.671504296627,0.4979995787143707
6043.814570935245,0.4978067874908447
6039.957637573862,0.4975140392780304
6036.100704212479,0.4975690543651581
6032.243770851097,0.4964906871318817
6028.386837489714,0.4958171844482422
6024.5299041283315,0.49592962861061096
6020.672970766948,0.4964215159416199
6016.816037405566,0.49616584181785583
6012.959104044183,0.49515196681022644
6009.1021706828005,0.4948224425315857
6005.245237321418,0.4948277473449707
6001.388303960035,0.49549341201782227
5997.531370598653,0.49662885069847107
5993.6744372372705,0.49639296531677246
5989.817503875887,0.4960360527038574
5985.960570514505,0.4968207776546478
5982.103637153122,0.49651286005973816
5978.2467037917395,0.49518176913261414
5974.389770430356,0.49482816457748413
5970.532837068974,0.49595174193382263
5966.675903707592,0.4958423674106598
5962.8189703462085,0.4955424666404724
5958.962036984826,0.4955466389656067
5955.105103623444,0.49467501044273376
5951.248170262061,0.49459511041641235
5947.3912369006775,0.4945967197418213
5943.534303539296,0.49460017681121826
5939.677370177913,0.4954777657985687
5935.82043681653,0.495646595954895
5931.9635034551475,0.495089054107666
5928.106570093765,0.49486321210861206
5924.249636732382,0.4954852759838104
5920.392703371,0.4957641661167145
5916.535770009617,0.49623098969459534
5912.678836648234,0.49698126316070557
5908.821903286851,0.4963473677635193
5904.96496992547,0.4950224757194519
5901.108036564086,0.4945167303085327
5897.251103202703,0.49406763911247253
5893.394169841321,0.4940618872642517
5889.537236479939,0.49464577436447144
5885.6803031185555,0.4950777292251587
5881.823369757173,0.49443113803863525
5877.966436395791,0.4941574037075043
5874.109503034408,0.49491381645202637
5870.2525696730245,0.4951287508010864
5866.395636311643,0.494352251291275
5862.53870295026,0.49439555406570435
5858.681769588877,0.49559733271598816
5854.824836227494,0.49647149443626404
5850.967902866112,0.4961886405944824
5847.110969504729,0.49503809213638306
5843.254036143347,0.4944332540035248
5839.397102781964,0.4945424497127533
5835.540169420581,0.49572598934173584
5831.683236059198,0.4956866204738617
5827.826302697817,0.4941699206829071
5823.969369336433,0.49384748935699463
5820.11243597505,0.4937654137611389
5816.255502613668,0.4931933283805847
5812.398569252286,0.493696928024292
5808.541635890902,0.4942888021469116
5804.68470252952,0.49428272247314453
5800.827769168138,0.4938473701477051
5796.970835806755,0.49316367506980896
5793.113902445371,0.49426424503326416
5789.25696908399,0.4947710335254669
5785.400035722607,0.49461281299591064
5781.543102361224,0.49423524737358093
5777.686168999841,0.49457934498786926
5773.829235638459,0.49454399943351746
5769.972302277076,0.4940502643585205
5766.115368915694,0.4947911202907562
5762.258435554311,0.4950925409793854
5758.401502192928,0.493697851896286
5754.544568831545,0.4936121106147766
5750.6876354701635,0.49561789631843567
5746.83070210878,0.49613845348358154
5742.973768747397,0.4944705367088318
5739.116835386015,0.49399182200431824
5735.2599020246325,0.4946831464767456
5731.402968663249,0.49447426199913025
5727.546035301867,0.49375852942466736
5723.689101940485,0.4935925006866455
5719.832168579102,0.4941076636314392
5715.975235217718,0.49391835927963257
5712.118301856337,0.49430587887763977
5708.261368494954,0.4941062331199646
5704.404435133571,0.49316275119781494
5700.547501772188,0.4933142364025116
5696.690568410806,0.49401557445526123
5692.833635049423,0.4941045343875885
5688.9767016880405,0.49401965737342834
5685.119768326658,0.4941692352294922
5681.262834965275,0.49391818046569824
5677.405901603892,0.4942655563354492
5673.54896824251,0.494536817073822
5669.692034881127,0.49334827065467834
5665.835101519744,0.49314242601394653
5661.978168158362,0.4933909475803375
5658.1212347969795,0.49284863471984863
5654.264301435596,0.4928015470504761
5650.407368074214,0.4926605820655823
5646.550434712832,0.492974191904068
5642.6935013514485,0.4934711456298828
5638.836567990065,0.49401575326919556
5634.979634628684,0.4942852556705475
5631.122701267301,0.4936665892601013
5627.2657679059175,0.4933362603187561
5623.408834544535,0.49413201212882996
5619.551901183153,0.49377480149269104
5615.69496782177,0.49300307035446167
5611.8380344603875,0.4933604598045349
5607.981101099005,0.494732141494751
5604.124167737622,0.49470388889312744
5600.267234376239,0.4936732351779938
5596.410301014857,0.49359816312789917
5592.553367653474,0.49357905983924866
5588.696434292091,0.49337300658226013
5584.839500930709,0.49374598264694214
5580.982567569326,0.4938058853149414
5577.125634207943,0.49342986941337585
5573.268700846561,0.49283483624458313
5569.411767485179,0.4924483895301819
5565.554834123795,0.49384787678718567
5561.697900762412,0.4951402246952057
5557.84096740103,0.4952913522720337
5553.984034039648,0.494730144739151
5550.1271006782645,0.4941037595272064
5546.270167316882,0.49396955966949463
5542.4132339555,0.49371200799942017
5538.556300594117,0.4935019612312317
5534.699367232734,0.4929083585739136
5530.842433871352,0.4923592805862427
5526.985500509969,0.49300795793533325
5523.128567148586,0.49336618185043335
5519.271633787203,0.49319955706596375
5515.414700425821,0.4924733340740204
5511.557767064438,0.49241718649864197
5507.700833703056,0.49356523156166077
5503.843900341673,0.494154155254364
5499.98696698029,0.49345916509628296
5496.130033618908,0.4923146665096283
5492.273100257526,0.4919246435165405
5488.416166896142,0.4924316704273224
5484.559233534759,0.4929060935974121
5480.702300173377,0.4929468631744385
5476.845366811995,0.4923762083053589
5472.988433450611,0.49232134222984314
5469.131500089229,0.49325641989707947
5465.274566727847,0.49472230672836304
5461.417633366464,0.49398598074913025
5457.560700005081,0.4927408993244171
5453.703766643699,0.49311137199401855
5449.846833282316,0.4930046498775482
5445.989899920933,0.4933699071407318
5442.13296655955,0.4941164553165436
5438.276033198168,0.49420273303985596
5434.419099836785,0.4938054382801056
5430.562166475403,0.4932709038257599
5426.70523311402,0.4933129549026489
5422.848299752637,0.4924294650554657
5418.991366391255,0.49195611476898193
5415.1344330298725,0.4925348162651062
5411.277499668489,0.493455708026886
5407.420566307106,0.49330469965934753
5403.563632945724,0.49295976758003235
5399.706699584342,0.4926391839981079
5395.849766222958,0.49263837933540344
5391.992832861576,0.49279356002807617
5388.135899500194,0.4926045835018158
5384.278966138811,0.49275484681129456
5380.422032777428,0.4922393262386322
5376.565099416046,0.4926871955394745
5372.708166054663,0.49326470494270325
5368.85123269328,0.49261340498924255
5364.994299331897,0.4927549958229065
5361.137365970515,0.49381572008132935
5357.280432609132,0.4941520690917969
5353.4234992477495,0.49414634704589844
5349.566565886367,0.49434584379196167
5345.709632524984,0.4941689670085907
5341.852699163602,0.4935632646083832
5337.9957658022195,0.4940122663974762
5334.138832440836,0.4954691529273987
5330.281899079453,0.4957534968852997
5326.424965718071,0.496025949716568
5322.5680323566885,0.49658772349357605
5318.711098995305,0.4968428611755371
5314.854165633923,0.4971289038658142
5310.997232272541,0.49667343497276306
5307.1402989111575,0.4960961937904358
5303.283365549775,0.4977688491344452
5299.426432188393,0.4997515082359314
5295.56949882701,0.49998611211776733
5291.7125654656265,0.5000472664833069
5287.855632104244,0.5009046792984009
5283.998698742862,0.5017687678337097
5280.141765381479,0.5029877424240112
5276.2848320200965,0.5039889812469482
5272.427898658714,0.5042520761489868
5268.570965297331,0.5058925747871399
5264.714031935949,0.5073522329330444
5260.857098574566,0.5074045658111572
5257.000165213183,0.5080372095108032
5253.1432318518,0.5090155005455017
5249.286298490418,0.5101261734962463
5245.429365129035,0.5107761025428772
5241.572431767652,0.5111067891120911
5237.71549840627,0.511612057685852
5233.858565044888,0.5124403238296509
5230.0016316835045,0.512045681476593
5226.144698322122,0.5114235281944275
5222.28776496074,0.5111796855926514
5218.430831599357,0.5115663409233093
5214.5738982379735,0.5124077200889587
5210.716964876591,0.5119736194610596
5206.860031515209,0.5110665559768677
5203.003098153826,0.5110173225402832
5199.146164792443,0.5099851489067078
5195.289231431061,0.5101184248924255
5191.432298069678,0.5096738338470459
5187.575364708296,0.5089306235313416
5183.718431346913,0.5082120895385742
5179.86149798553,0.5073573589324951
5176.004564624147,0.5073322057723999
5172.147631262765,0.5074853897094727
5168.290697901382,0.5075616240501404
5164.433764539999,0.5078163146972656
5160.576831178617,0.5073300004005432
5156.719897817235,0.5067470669746399
5152.862964455851,0.5066444277763367
5149.006031094469,0.5062528252601624
5145.149097733087,0.5061753392219543
5141.292164371704,0.5063164234161377
5137.43523101032,0.5061832666397095
5133.578297648938,0.5056281089782715
5129.721364287556,0.5050850510597229
5125.864430926173,0.5052586793899536
5122.00749756479,0.5049331784248352
5118.150564203408,0.5057331323623657
5114.293630842025,0.5067539811134338
5110.436697480642,0.5062068700790405
5106.57976411926,0.5048407912254333
5102.722830757877,0.5040906071662903
5098.865897396494,0.5037222504615784
5095.008964035112,0.503808319568634
5091.152030673729,0.5037027597427368
5087.295097312346,0.5039302706718445
5083.438163950964,0.5040891766548157
5079.5812305895815,0.504193902015686
5075.724297228198,0.5047715306282043
5071.867363866815,0.504493772983551
5068.010430505434,0.5038102269172668
5064.153497144051,0.5032665133476257
5060.296563782667,0.5030902624130249
5056.439630421285,0.5034232139587402
5052.582697059903,0.5039013028144836
5048.72576369852,0.5040529370307922
5044.868830337137,0.5035190582275391
5041.011896975755,0.5033454298973083
5037.154963614372,0.5030206441879272
5033.298030252989,0.5024856328964233
5029.441096891607,0.5024381279945374
5025.584163530224,0.5025301575660706
5021.727230168841,0.501868724822998
5017.8702968074585,0.5012189149856567
5014.013363446076,0.501145601272583
5010.156430084693,0.5010986924171448
5006.299496723311,0.5006032586097717
5002.4425633619285,0.5004273056983948
4998.585630000545,0.5006033778190613
4994.728696639162,0.5004240870475769
4990.871763277781,0.5003927946090698
4987.0148299163975,0.5006488561630249
4983.157896555014,0.50022953748703
4979.300963193632,0.4999384880065918
4975.44402983225,0.499300092458725
4971.5870964708665,0.4991697072982788
4967.730163109484,0.5001491904258728
4963.873229748102,0.5002010464668274
4960.016296386719,0.49929356575012207
4956.159363025336,0.49956014752388
4952.302429663954,0.5003159642219543
4948.445496302571,0.5004743337631226
4944.588562941188,0.5005799531936646
4940.7316295798055,0.5000725984573364
4936.874696218423,0.49941837787628174
4933.01776285704,0.4998147189617157
4929.160829495658,0.500162661075592
4925.303896134275,0.49978622794151306
4921.446962772892,0.49954527616500854
4917.590029411509,0.49957260489463806
4913.733096050128,0.4996723234653473
4909.876162688744,0.4998074471950531
4906.019229327361,0.5001608729362488
4902.162295965979,0.49988964200019836
4898.305362604597,0.499484658241272
4894.4484292432135,0.4995906352996826
4890.591495881831,0.49901315569877625
4886.734562520449,0.4992825984954834
4882.877629159066,0.4994259774684906
4879.0206957976825,0.4989507794380188
4875.163762436301,0.49888402223587036
4871.306829074918,0.49933481216430664
4867.449895713535,0.49964842200279236
4863.592962352152,0.5001474022865295
4859.73602899077,0.5002915859222412
4855.879095629387,0.49994224309921265
4852.022162268005,0.5000947117805481
4848.165228906622,0.5003473162651062
4844.308295545239,0.49988776445388794
4840.451362183856,0.4996967911720276
4836.594428822475,0.49975255131721497
4832.737495461091,0.49968421459198
4828.880562099708,0.4999115467071533
4825.023628738326,0.5004932284355164
4821.166695376944,0.5007572770118713
4817.30976201556,0.5007307529449463
4813.452828654178,0.5009835362434387
4809.595895292796,0.5014515519142151
4805.738961931413,0.501607358455658
4801.882028570029,0.5013487935066223
4798.025095208648,0.5012089014053345
4794.168161847265,0.5014103055000305
4790.311228485882,0.5011940598487854
4786.454295124499,0.5011588335037231
4782.597361763117,0.5010932683944702
4778.740428401734,0.5015984177589417
4774.883495040352,0.5016140937805176
4771.026561678969,0.5010108351707458
4767.169628317586,0.500787615776062
4763.312694956203,0.5014500617980957
4759.4557615948215,0.5018320083618164
4755.598828233438,0.5012218952178955
4751.741894872055,0.5012490153312683
4747.884961510673,0.5018370151519775
4744.028028149291,0.5021727085113525
4740.171094787907,0.5021865367889404
4736.314161426525,0.5025836825370789
4732.457228065143,0.5029701590538025
4728.60029470376,0.5030624866485596
4724.743361342376,0.5030438303947449
4720.886427980995,0.5027742981910706
4717.029494619612,0.5030468702316284
4713.172561258229,0.5038465857505798
4709.315627896846,0.5043790340423584
4705.458694535464,0.5042892098426819
4701.601761174081,0.5042743682861328
4697.7448278126985,0.5045401453971863
4693.887894451316,0.5046278238296509
4690.030961089933,0.5050402283668518
4686.17402772855,0.5058009028434753
4682.317094367168,0.5057920813560486
4678.460161005785,0.5058724284172058
4674.603227644402,0.5065667629241943
4670.74629428302,0.5074678063392639
4666.8893609216375,0.5084933638572693
4663.032427560254,0.5092157125473022
4659.175494198872,0.5094863772392273
4655.31856083749,0.5107921957969666
4651.4616274761065,0.5120159983634949
4647.604694114723,0.5133010745048523
4643.747760753341,0.5150033235549927
4639.890827391959,0.5161985158920288
4636.0338940305755,0.5168518424034119
4632.176960669193,0.5177522897720337
4628.320027307811,0.51888507604599
4624.463093946428,0.5195268392562866
4620.6061605850455,0.5202136039733887
4616.749227223663,0.5211209654808044
4612.89229386228,0.5220321416854858
4609.035360500897,0.5227213501930237
4605.1784271395145,0.5225909352302551
4601.321493778132,0.522714376449585
4597.464560416749,0.5231082439422607
4593.607627055367,0.5231441259384155
4589.750693693984,0.5228930711746216
4585.893760332601,0.5235549807548523
4582.036826971219,0.5247464776039124
4578.179893609837,0.5251752138137817
4574.3229602484535,0.5251129269599915
4570.46602688707,0.52568119764328
4566.609093525688,0.5266461968421936
4562.752160164306,0.5274752974510193
4558.8952268029225,0.5285525918006897
4555.03829344154,0.5297508239746094
4551.181360080158,0.5312244296073914
4547.324426718775,0.5326050519943237
4543.467493357392,0.5343177318572998
4539.61055999601,0.5368918180465698
4535.753626634627,0.5399354100227356
4531.896693273244,0.5437495112419128
4528.039759911861,0.5459975600242615
4524.182826550479,0.5437983274459839
4520.325893189096,0.5382235646247864
4516.468959827714,0.5323123931884766
4512.612026466331,0.5275918841362
4508.755093104948,0.524316668510437
4504.898159743566,0.522269070148468
4501.041226382184,0.5206580758094788
4497.1842930208,0.5193645358085632
4493.327359659417,0.5184520483016968
4489.470426298035,0.5176576972007751
4485.613492936653,0.5171878933906555
4481.756559575269,0.517333984375
4477.899626213887,0.51775062084198
4474.042692852505,0.5179730653762817
4470.185759491122,0.5176729559898376
4466.328826129739,0.5172736644744873
4462.471892768357,0.5173951983451843
4458.614959406974,0.5175173878669739
4454.758026045591,0.517345130443573
4450.901092684208,0.5168924331665039
4447.044159322826,0.5168336033821106
4443.187225961443,0.5167558789253235
4439.330292600061,0.5167523622512817
4435.473359238678,0.5166031718254089
4431.616425877295,0.5162841081619263
4427.759492515913,0.5164300799369812
4423.9025591545305,0.5173810124397278
4420.045625793147,0.5174936652183533
4416.188692431764,0.5170834064483643
4412.331759070382,0.5168841481208801
4408.474825709,0.5171188712120056
4404.617892347616,0.5175068974494934
4400.760958986234,0.5178283452987671
4396.904025624852,0.5184194445610046
4393.047092263469,0.5187438130378723
4389.190158902086,0.5188848376274109
4385.333225540704,0.519302248954773
4381.476292179321,0.5197017192840576
4377.619358817938,0.519652247428894
4373.762425456555,0.5197137594223022
4369.905492095173,0.5202780961990356
4366.04855873379,0.5208285450935364
4362.1916253724075,0.5215264558792114
4358.334692011025,0.5220110416412354
4354.477758649642,0.5227733850479126
4350.62082528826,0.5232780575752258
4346.7638919268775,0.5229300260543823
4342.906958565494,0.5229331254959106
4339.050025204111,0.5238080620765686
4335.193091842729,0.5249271392822266
4331.3361584813465,0.5258277654647827
4327.479225119963,0.5263152718544006
4323.622291758581,0.5268539190292358
4319.765358397199,0.5270459055900574
4315.9084250358155,0.5269267559051514
4312.051491674433,0.527624785900116
4308.194558313051,0.5280756950378418
4304.337624951668,0.5279480218887329
4300.480691590285,0.5284008383750916
4296.623758228902,0.5286981463432312
4292.76682486752,0.52866530418396
4288.909891506137,0.5290296673774719
4285.0529581447545,0.5290548205375671
4281.196024783372,0.5288412570953369
4277.339091421989,0.5291270613670349
4273.482158060607,0.5299426913261414
4269.625224699224,0.5309358239173889
4265.768291337841,0.5321406722068787
4261.911357976458,0.5327296257019043
4258.054424615076,0.5332962274551392
4254.197491253693,0.5336471796035767
4250.34055789231,0.5339596271514893
4246.483624530928,0.5346110463142395
4242.626691169546,0.5353044867515564
4238.7697578081625,0.5352889895439148
4234.912824446779,0.5349394083023071
4231.055891085398,0.535288393497467
4227.198957724015,0.5357357263565063
4223.3420243626315,0.5358603000640869
4219.485091001249,0.5363814234733582
4215.628157639867,0.5372844934463501
4211.771224278484,0.538168728351593
4207.914290917101,0.5387445092201233
4204.057357555719,0.5396600961685181
4200.200424194336,0.5406112670898438
4196.343490832953,0.540977418422699
4192.486557471571,0.5411366820335388
4188.629624110188,0.5414029359817505
4184.772690748805,0.5413414835929871
4180.915757387423,0.5410670638084412
4177.05882402604,0.5407859683036804
4173.201890664657,0.5408675074577332
4169.344957303275,0.5407228469848633
4165.488023941893,0.5405541658401489
4161.631090580509,0.5407117605209351
4157.774157219126,0.5409927368164062
4153.917223857745,0.541330099105835
4150.060290496362,0.5418394804000854
4146.203357134978,0.5422963500022888
4142.346423773596,0.5427091717720032
4138.489490412214,0.5430865287780762
4134.632557050831,0.543739914894104
4130.775623689448,0.5443741679191589
4126.918690328066,0.545136570930481
4123.061756966683,0.546093761920929
4119.2048236053,0.5467372536659241
4115.347890243918,0.5473921895027161
4111.490956882535,0.5487731695175171
4107.634023521152,0.5499401092529297
4103.77709015977,0.5508019328117371
4099.920156798387,0.5515249371528625
4096.063223437004,0.5524217486381531
4092.206290075622,0.5531306266784668
4088.349356714239,0.553658127784729
4084.4924233528563,0.5538665652275085
4080.6354899914736,0.554347574710846
4076.7785566300913,0.5549191236495972
4072.9216232687086,0.5555420517921448
4069.064689907326,0.5562500953674316
4065.207756545943,0.5567287802696228
4061.3508231845603,0.5570142865180969
4057.493889823178,0.5576597452163696
4053.6369564617953,0.5581037998199463
4049.7800231004126,0.5585063099861145
4045.92308973903,0.5591322183609009
4042.066156377647,0.5600047707557678
4038.209223016265,0.5608827471733093
4034.352289654882,0.5616310834884644
4030.4953562934993,0.5621322989463806
4026.6384229321166,0.5629236102104187
4022.781489570734,0.5638517737388611
4018.9245562093515,0.5648211240768433
4015.067622847969,0.5653737783432007
4011.210689486586,0.5656759738922119
4007.3537561252033,0.5656947493553162
4003.4968227638205,0.5661535859107971
3999.6398894024383,0.5670004487037659
3995.7829560410555,0.5678592920303345
3991.9260226796728,0.5684032440185547
3988.06908931829,0.5687015652656555
3984.2121559569073,0.5688182711601257
3980.355222595525,0.5694300532341003
3976.4982892341422,0.5704736113548279
3972.6413558727595,0.5711784362792969
3968.7844225113768,0.5715720057487488
3964.927489149994,0.5722987651824951
3961.0705557886117,0.5730134844779968
3957.213622427229,0.5734018683433533
3953.3566890658462,0.574013888835907
3949.4997557044635,0.5748359560966492
3945.6428223430808,0.5751611590385437
3941.7858889816985,0.5757195949554443
3937.9289556203157,0.5763206481933594
3934.072022258933,0.5777239203453064
3930.2150888975502,0.5783582925796509
3926.3581555361675,0.5787800550460815
3922.501222174785,0.5793183445930481
3918.6442888134025,0.579687237739563
3914.7873554520197,0.5800294280052185
3910.930422090637,0.5807417631149292
3907.073488729254,0.5819829106330872
3903.2165553678715,0.5835499167442322
3899.359622006489,0.5844515562057495
3895.502688645106,0.5855888724327087
3891.6457552837237,0.5867019295692444
3887.7888219223414,0.5876345038414001
3883.931888560958,0.5886485576629639
3880.074955199576,0.5893236994743347
3876.2180218381927,0.5898816585540771
3872.3610884768104,0.5913794636726379
3868.504155115428,0.5916474461555481
3864.647221754045,0.5921501517295837
3860.7902883926627,0.5929070711135864
3856.9333550312795,0.5936921238899231
3853.076421669897,0.5929738879203796
3849.219488308515,0.594010055065155
3845.3625549471317,0.5962282419204712
3841.5056215857494,0.5986712574958801
3837.648688224366,0.6001105308532715
3833.791754862984,0.6005476713180542
3829.9348215016016,0.6009693741798401
3826.0778881402184,0.6026772260665894
3822.220954778836,0.6045324206352234
3818.364021417453,0.6050978899002075
3814.5070880560706,0.604846179485321
3810.6501546946884,0.6062947511672974
3806.793221333305,0.6088594198226929
3802.936287971923,0.611972451210022
3799.0793546105397,0.6140868067741394
3795.2224212491574,0.6164003014564514
3791.365487887775,0.6187134981155396
3787.508554526392,0.6219357848167419
3783.6516211650096,0.6255184412002563
3779.7946878036264,0.6298151612281799
3775.937754442244,0.6333145499229431
3772.080821080862,0.6370396614074707
3768.2238877194786,0.6421066522598267
3764.3669543580963,0.6478233337402344
3760.510020996713,0.653878927230835
3756.653087635331,0.6615420579910278
3752.7961542739486,0.6686930656433105
3748.9392209125654,0.6780772805213928
3745.082287551183,0.6868055462837219
3741.2253541898,0.6948235034942627
3737.3684208284176,0.7022097110748291
3733.5114874670353,0.7207666635513306
3729.654554105652,0.7410566806793213
3725.79762074427,0.7726240754127502
3721.9406873828866,0.8320256471633911
3718.0837540215043,0.9045166969299316
3714.226820660122,0.9756687879562378
3710.369887298739,1.0924774408340454
3706.5129539373565,1.2099651098251343
3702.6560205759733,1.3115898370742798
3698.799087214591,1.4169596433639526
3694.9421538532088,1.459465503692627
3691.0852204918256,1.4346030950546265
3687.2282871304433,1.3564099073410034
3683.37135376906,1.3155641555786133
3679.514420407678,1.3018461465835571
3675.6574870462955,1.3076714277267456
3671.8005536849123,1.330264925956726
3667.94362032353,1.3455396890640259
3664.086686962147,1.3509529829025269
3660.2297536007645,1.358516812324524
3656.3728202393822,1.3780744075775146
3652.515886877999,1.3902255296707153
3648.6589535166167,1.3725463151931763
3644.8020201552335,1.3473995923995972
3640.9450867938513,1.3387759923934937
3637.088153432469,1.3398396968841553
3633.2312200710858,1.3504958152770996
3629.3742867097035,1.3836572170257568
3625.5173533483203,1.4439446926116943
3621.660419986938,1.4708492755889893
3617.8034866255557,1.4156467914581299
3613.9465532641725,1.3273179531097412
3610.08961990279,1.2673109769821167
3606.232686541407,1.2287529706954956
3602.3757531800247,1.21112060546875
3598.5188198186424,1.1991150379180908
3594.6618864572592,1.1844600439071655
3590.804953095877,1.1733264923095703
3586.9480197344938,1.1629745960235596
3583.0910863731115,1.1562793254852295
3579.234153011729,1.15196692943573
3575.377219650346,1.1485769748687744
3571.5202862889637,1.1468275785446167
3567.6633529275805,1.1446586847305298
3563.806419566198,1.1417256593704224
3559.949486204816,1.1407442092895508
3556.0925528434327,1.1396194696426392
3552.2356194820504,1.1393474340438843
3548.378686120667,1.1389294862747192
3544.521752759285,1.1384562253952026
3540.6648193979026,1.137812852859497
3536.8078860365194,1.1374133825302124
3532.950952675137,1.1366909742355347
3529.094019313754,1.1369290351867676
3525.2370859523717,1.1375133991241455
3521.3801525909894,1.1376746892929077
3517.523219229606,1.1378518342971802
3513.666285868224,1.1386760473251343
3509.8093525068407,1.1391412019729614
3505.9524191454584,1.1405545473098755
3502.095485784076,1.1425957679748535
3498.238552422693,1.1441197395324707
3494.3816190613106,1.1443328857421875
3490.5246856999274,1.1444822549819946
3486.667752338545,1.1457971334457397
3482.810818977163,1.1466500759124756
3478.9538856157797,1.1462515592575073
3475.0969522543974,1.1479021310806274
3471.240018893014,1.1501957178115845
3467.383085531632,1.151086688041687
3463.5261521702496,1.1519073247909546
3459.6692188088664,1.152923345565796
3455.812285447484,1.1537880897521973
3451.955352086101,1.1551299095153809
3448.0984187247186,1.1568983793258667
3444.2414853633363,1.1585355997085571
3440.384552001953,1.1591354608535767
3436.527618640571,1.159818410873413
3432.6706852791876,1.1605347394943237
3428.8137519178053,1.1602394580841064
3424.956818556423,1.1589723825454712
3421.09988519504,1.157577633857727
3417.2429518336576,1.1567867994308472
3413.3860184722744,1.1574715375900269
3409.529085110892,1.1577105522155762
3405.67215174951,1.1569589376449585
3401.8152183881266,1.156765341758728
3397.9582850267443,1.1574097871780396
3394.101351665361,1.1559609174728394
3390.244418303979,1.155964970588684
3386.3874849425965,1.156358242034912
3382.5305515812133,1.1555956602096558
3378.673618219831,1.1539851427078247
3374.816684858448,1.1520462036132812
3370.9597514970656,1.1503558158874512
3367.1028181356833,1.1485652923583984
3363.2458847743,1.1455186605453491
3359.388951412918,1.1443476676940918
3355.5320180515346,1.1433947086334229
3351.6750846901523,1.1423039436340332
3347.81815132877,1.1405853033065796
3343.961217967387,1.1392185688018799
3340.1042846060045,1.1383492946624756
3336.2473512446213,1.135895848274231
3332.390417883239,1.1340253353118896
3328.5334845218567,1.1329387426376343
3324.6765511604735,1.1319551467895508
3320.8196177990912,1.131342887878418
3316.962684437708,1.1296360492706299
3313.1057510763258,1.1274665594100952
3309.2488177149435,1.125893235206604
3305.3918843535603,1.12674880027771
3301.534950992178,1.126300573348999
3297.678017630795,1.1251394748687744
3293.8210842694125,1.124456763267517
3289.96415090803,1.1230629682540894
3286.107217546647,1.1215652227401733
3282.2502841852647,1.1210954189300537
3278.3933508238815,1.1201214790344238
3274.5364174624992,1.119557499885559
3270.679484101117,1.1202797889709473
3266.8225507397337,1.1200398206710815
3262.9656173783515,1.118927001953125
3259.1086840169683,1.1186964511871338
3255.251750655586,1.1184253692626953
3251.3948172942037,1.1179853677749634
3247.5378839328205,1.1175282001495361
3243.680950571438,1.116905689239502
3239.824017210055,1.1161304712295532
3235.9670838486727,1.1163145303726196
3232.1101504872904,1.1158390045166016
3228.253217125907,1.1132196187973022
3224.396283764525,1.1098912954330444
3220.5393504031417,1.108976125717163
3216.6824170417594,1.1085635423660278
3212.825483680377,1.106713891029358
3208.968550318994,1.104966163635254
3205.1116169576117,1.103106141090393
3201.2546835962285,1.1002426147460938
3197.397750234846,1.0983622074127197
3193.540816873464,1.0966943502426147
3189.6838835120807,1.0945501327514648
3185.8269501506984,1.0919455289840698
3181.970016789315,1.0885717868804932
3178.113083427933,1.084911584854126
3174.2561500665506,1.082623839378357
3170.3992167051674,1.0803261995315552
3166.542283343785,1.076871395111084
3162.685349982402,1.073076605796814
3158.8284166210196,1.0703840255737305
3154.9714832596364,1.0678284168243408
3151.114549898254,1.065691351890564
3147.257616536872,1.0620999336242676
3143.4006831754887,1.057207465171814
3139.5437498141064,1.0530459880828857
3135.686816452723,1.049864649772644
3131.829883091341,1.0456147193908691
3127.9729497299586,1.0411099195480347
3124.1160163685754,1.0366665124893188
3120.259083007193,1.034213900566101
3116.40214964581,1.0308306217193604
3112.5452162844276,1.025781273841858
3108.6882829230453,1.0212312936782837
3104.831349561662,1.016459584236145
3100.97441620028,1.0111547708511353
3097.1174828388966,1.0063095092773438
3093.2605494775144,1.0020982027053833
3089.403616116132,0.9991543889045715
3085.546682754749,0.9950809478759766
3081.6897493933666,0.9900627732276917
3077.8328160319834,0.9854411482810974
3073.975882670601,0.9810280799865723
3070.118949309219,0.9756925702095032
3066.2620159478356,0.970413088798523
3062.4050825864533,0.9655393362045288
3058.54814922507,0.9611279964447021
3054.691215863688,0.9566082954406738
3050.8342825023055,0.9533410668373108
3046.9773491409223,0.9496657252311707
3043.12041577954,0.9458669424057007
3039.263482418157,0.9410292506217957
3035.4065490567746,0.935525119304657
3031.5496156953923,0.9304995536804199
3027.692682334009,0.9263119101524353
3023.835748972627,0.9221216440200806
3019.9788156112436,0.9180845618247986
3016.1218822498613,0.9137728810310364
3012.264948888479,0.9095335006713867
3008.408015527096,0.9054045081138611
3004.5510821657135,0.9015778303146362
3000.6941488043303,0.8981096148490906
2996.837215442948,0.8947526216506958
2992.9802820815657,0.8908864855766296
2989.1233487201825,0.88685542345047
2985.2664153588003,0.8833866119384766
2981.409481997417,0.8808876872062683
2977.5525486360348,0.8779498934745789
2973.6956152746525,0.8748655319213867
2969.8386819132693,0.8715028166770935
2965.981748551887,0.8685254454612732
2962.124815190504,0.8653940558433533
2958.2678818291215,0.8624197244644165
2954.410948467739,0.8594245314598083
2950.554015106356,0.856688380241394
2946.6970817449737,0.8538294434547424
2942.8401483835905,0.8514100313186646
2938.9832150222082,0.8483766913414001
2935.126281660826,0.8451178073883057
2931.2693482994428,0.8430098295211792
2927.4124149380605,0.8407652974128723
2923.5554815766773,0.8376354575157166
2919.698548215295,0.834220826625824
2915.8416148539127,0.8304929733276367
2911.9846814925295,0.8266658186912537
2908.127748131147,0.8229668736457825
2904.270814769764,0.8198812007904053
2900.4138814083817,0.8170286417007446
2896.5569480469994,0.8139358758926392
2892.700014685616,0.8104103803634644
2888.843081324234,0.807266891002655
2884.9861479628507,0.8046422600746155
2881.1292146014684,0.8023291826248169
2877.272281240086,0.8002350330352783
2873.415347878703,0.7979511022567749
2869.5584145173207,0.7953550815582275
2865.7014811559375,0.7929859757423401
2861.844547794555,0.7909630537033081
2857.987614433173,0.7887731790542603
2854.1306810717897,0.7861410975456238
2850.2737477104074,0.7831287384033203
2846.416814349024,0.7796628475189209
2842.559880987642,0.7769858241081238
2838.7029476262596,0.7748376131057739
2834.8460142648764,0.7719488143920898
2830.989080903494,0.7690629959106445
2827.132147542111,0.7667390704154968
2823.2752141807287,0.7643469572067261
2819.4182808193464,0.7617788910865784
2815.561347457963,0.7597131729125977
2811.704414096581,0.757928729057312
2807.8474807351977,0.7557495832443237
2803.9905473738154,0.7531882524490356
2800.133614012433,0.751108705997467
2796.27668065105,0.7491474151611328
2792.4197472896676,0.7471144199371338
2788.5628139282844,0.7452800869941711
2784.705880566902,0.7432734966278076
2780.84894720552,0.7412197589874268
2776.9920138441366,0.7393664717674255
2773.1350804827543,0.7372652292251587
2769.278147121371,0.7350732088088989
2765.421213759989,0.7331048846244812
2761.5642803986066,0.7308106422424316
2757.7073470372234,0.7287694811820984
2753.850413675841,0.7272430062294006
2749.993480314458,0.7256870865821838
2746.1365469530756,0.723573625087738
2742.2796135916933,0.7215662002563477
2738.42268023031,0.7202472686767578
2734.565746868928,0.7188391089439392
2730.7088135075446,0.7172162532806396
2726.8518801461623,0.7157376408576965
2722.99494678478,0.7141045331954956
2719.138013423397,0.712664008140564
2715.2810800620146,0.7113384008407593
2711.4241467006314,0.7099294662475586
2707.567213339249,0.7085864543914795
2703.710279977867,0.7072993516921997
2699.8533466164836,0.7057939767837524
2695.9964132551013,0.7041923403739929
2692.139479893718,0.7026959657669067
2688.282546532336,0.7011243104934692
2684.4256131709535,0.699736475944519
2680.5686798095703,0.6984058618545532
2676.711746448188,0.6969941854476929
2672.854813086805,0.6959919929504395
2668.9978797254225,0.6944999694824219
2665.1409463640402,0.6926458477973938
2661.284013002657,0.6912532448768616
2657.4270796412748,0.6897863745689392
2653.5701462798916,0.6882515549659729
2649.7132129185093,0.6869128942489624
2645.856279557127,0.6856731176376343
2641.999346195744,0.6844632029533386
2638.1424128343615,0.683291494846344
2634.2854794729783,0.6821255683898926
2630.428546111596,0.681094229221344
2626.5716127502137,0.680079460144043
2622.7146793888305,0.6787903308868408
2618.8577460274482,0.6778484582901001
2615.000812666065,0.6773642301559448
2611.1438793046827,0.6768168807029724
2607.2869459433005,0.6759000420570374
2603.4300125819173,0.6748552322387695
2599.573079220535,0.6741459965705872
2595.7161458591518,0.6734384298324585
2591.8592124977695,0.6727927923202515
2588.002279136387,0.6724186539649963
2584.145345775004,0.671986997127533
2580.2884124136217,0.6711433529853821
2576.4314790522385,0.6703487634658813
2572.574545690856,0.6696768403053284
2568.717612329474,0.6690024733543396
2564.8606789680907,0.6681102514266968
2561.0037456067084,0.6674384474754333
2557.1468122453252,0.6669738292694092
2553.289878883943,0.6664445996284485
2549.4329455225607,0.6661362051963806
2545.5760121611775,0.6659836769104004
2541.719078799795,0.6658440828323364
2537.862145438412,0.6657975316047668
2534.0052120770297,0.6656811833381653
2530.1482787156474,0.665550947189331
2526.291345354264,0.6655908226966858
2522.434411992882,0.6659505367279053
2518.5774786314987,0.6661404371261597
2514.7205452701164,0.6661333441734314
2510.863611908734,0.6663139462471008
2507.006678547351,0.6665799021720886
2503.1497451859686,0.6666919589042664
2499.2928118245854,0.6667554378509521
2495.435878463203,0.6666189432144165
2491.578945101821,0.6664912104606628
2487.7220117404377,0.6664279699325562
2483.8650783790554,0.6665179133415222
2480.008145017672,0.6664544939994812
2476.15121165629,0.666392982006073
2472.2942782949076,0.6664513349533081
2468.4373449335244,0.6664387583732605
2464.580411572142,0.6664708256721497
2460.723478210759,0.6665717363357544
2456.8665448493766,0.6666289567947388
2453.0096114879943,0.6667940616607666
2449.152678126611,0.6672081351280212
2445.295744765229,0.667725682258606
2441.4388114038456,0.6682939529418945
2437.5818780424634,0.6690230369567871
2433.724944681081,0.6695295572280884
2429.868011319698,0.6700639128684998
2426.0110779583156,0.6705018877983093
2422.1541445969324,0.6711347103118896
2418.29721123555,0.6718578934669495
2414.440277874168,0.6726940274238586
2410.5833445127846,0.6733254790306091
2406.7264111514023,0.673748791217804
2402.869477790019,0.6743467450141907
2399.012544428637,0.6752099990844727
2395.1556110672545,0.6758950352668762
2391.2986777058713,0.6765910983085632
2387.441744344489,0.6773830056190491
2383.584810983106,0.6779196858406067
2379.7278776217236,0.6778988242149353
2375.8709442603413,0.6779564619064331
2372.014010898958,0.6784258484840393
2368.157077537576,0.6788012385368347
2364.3001441761926,0.678382933139801
2360.4432108148103,0.678830087184906
2356.586277453428,0.6804315447807312
2352.729344092045,0.6824340224266052
2348.8724107306625,0.6829226016998291
2345.0154773692793,0.6840492486953735
2341.158544007897,0.6858264803886414
2337.3016106465147,0.6861237287521362
2333.4446772851315,0.6851015090942383
2329.5877439237493,0.6853504180908203
2325.730810562366,0.6858021020889282
2321.8738772009838,0.6859272718429565
2318.0169438396015,0.6860418319702148
2314.1600104782183,0.6861536502838135
2310.303077116836,0.6865677237510681
2306.446143755453,0.6875348091125488
2302.5892103940705,0.688808798789978
2298.732277032688,0.6905298829078674
2294.875343671305,0.6926100850105286
2291.0184103099227,0.6952747106552124
2287.1614769485395,0.6980781555175781
2283.3045435871572,0.7010381817817688
2279.447610225774,0.7042204141616821
2275.5906768643918,0.7078027129173279
2271.7337435030095,0.7112735509872437
2267.8768101416263,0.7144922018051147
2264.019876780244,0.7173879742622375
2260.162943418861,0.7203738689422607
2256.3060100574785,0.7232123613357544
2252.449076696096,0.7258335947990417
2248.592143334713,0.7283322215080261
2244.7352099733307,0.7315961122512817
2240.8782766119475,0.7349371910095215
2237.021343250565,0.736523449420929
2233.164409889183,0.7360707521438599
2229.3074765277997,0.7348242998123169
2225.4505431664174,0.732918381690979
2221.5936098050342,0.7299123406410217
2217.736676443652,0.7255813479423523
2213.8797430822697,0.7209703922271729
2210.0228097208865,0.7167880535125732
2206.165876359504,0.7134736180305481
2202.308942998121,0.7108377814292908
2198.4520096367387,0.7091658711433411
2194.5950762753564,0.7082129716873169
2190.738142913973,0.708148717880249
2186.881209552591,0.7084612846374512
2183.0242761912077,0.7094980478286743
2179.1673428298254,0.7108203768730164
2175.310409468443,0.7123680114746094
2171.45347610706,0.7144402861595154
2167.5965427456777,0.7168586254119873
2163.7396093842945,0.7192468643188477
2159.882676022912,0.7224149703979492
2156.02574266153,0.7260977029800415
2152.1688093001467,0.7301851511001587
2148.3118759387644,0.7345829606056213
2144.454942577381,0.7394497990608215
2140.598009215999,0.7440283298492432
2136.7410758546166,0.7477423548698425
2132.8841424932334,0.7483242750167847
2129.027209131851,0.7460331320762634
2125.170275770468,0.7431786060333252
2121.3133424090856,0.7417042255401611
2117.4564090477033,0.741369366645813
2113.59947568632,0.742272138595581
2109.742542324938,0.7436118125915527
2105.8856089635547,0.7454553246498108
2102.0286756021724,0.7475816607475281
2098.17174224079,0.7501941919326782
2094.314808879407,0.7528560161590576
2090.4578755180246,0.7559906244277954
2086.6009421566414,0.758925199508667
2082.744008795259,0.7625536322593689
2078.887075433877,0.7668792605400085
2075.0301420724936,0.7716305255889893
2071.1732087111113,0.7763248085975647
2067.316275349728,0.7819823026657104
2063.459341988346,0.7886373996734619
2059.6024086269636,0.7968299984931946
2055.7454752655804,0.806429386138916
2051.888541904198,0.8186709880828857
2048.031608542815,0.8349276185035706
2044.1746751814326,0.8564989566802979
2040.3177418200503,0.8829962015151978
2036.460808458667,0.91142737865448
2032.6038750972848,0.9358501434326172
2028.7469417359016,0.9537026882171631
2024.8900083745193,0.966115415096283
2021.033075013137,0.9778133630752563
2017.1761416517538,0.9938352704048157
2013.3192082903715,1.0159242153167725
2009.4622749289883,1.0395138263702393
2005.605341567606,1.060046911239624
2001.7484082062238,1.0738608837127686
1997.8914748448406,1.082169771194458
1994.0345414834583,1.0863590240478516
1990.177608122075,1.0875869989395142
1986.3206747606928,1.0872467756271362
1982.4637413993105,1.0876543521881104
1978.6068080379273,1.0881623029708862
1974.749874676545,1.0880249738693237
1970.8929413151618,1.0845849514007568
1967.0360079537795,1.0774157047271729
1963.1790745923972,1.0685667991638184
1959.322141231014,1.0624310970306396
1955.4652078696317,1.0607616901397705
1951.6082745082485,1.0623013973236084
1947.7513411468663,1.0630489587783813
1943.894407785484,1.0624264478683472
1940.0374744241008,1.0607997179031372
1936.1805410627185,1.0594204664230347
1932.3236077013353,1.0579379796981812
1928.466674339953,1.0570855140686035
1924.6097409785707,1.058511734008789
1920.7528076171875,1.0667001008987427
1916.8958742558052,1.0840988159179688
1913.038940894422,1.1089905500411987
1909.1820075330397,1.1424802541732788
1905.3250741716574,1.1804261207580566
1901.4681408102742,1.2129549980163574
1897.611207448892,1.2424356937408447
1893.7542740875087,1.2691088914871216
1889.8973407261265,1.2925591468811035
1886.0404073647442,1.310333013534546
1882.183474003361,1.3222899436950684
1878.3265406419787,1.3319650888442993
1874.4696072805955,1.3390690088272095
1870.6126739192132,1.3416146039962769
1866.755740557831,1.3339593410491943
1862.8988071964477,1.3162401914596558
1859.0418738350654,1.2850698232650757
1855.1849404736822,1.242946982383728
1851.3280071123,1.2004543542861938
1847.4710737509176,1.162954568862915
1843.6141403895344,1.1294000148773193
1839.7572070281522,1.1100050210952759
1835.900273666769,1.1022932529449463
1832.0433403053867,1.1022965908050537
1828.1864069440044,1.1102832555770874
1824.3294735826212,1.1229121685028076
1820.472540221239,1.1365050077438354
1816.6156068598557,1.1492350101470947
1812.7586734984734,1.1637444496154785
1808.901740137091,1.1798160076141357
1805.044806775708,1.1931090354919434
1801.1878734143256,1.2041866779327393
1797.3309400529424,1.2136945724487305
1793.4740066915601,1.2178205251693726
1789.6170733301778,1.2179840803146362
1785.7601399687946,1.212377905845642
1781.9032066074124,1.202906608581543
1778.0462732460292,1.1887452602386475
1774.1893398846469,1.1697986125946045
1770.3324065232646,1.138524055480957
1766.4754731618814,1.1141669750213623
1762.618539800499,1.095715880393982
1758.761606439116,1.0810472965240479
1754.9046730777336,1.0729966163635254
1751.0477397163513,1.0715042352676392
1747.1908063549681,1.0755462646484375
1743.3338729935858,1.0820115804672241
1739.4769396322026,1.0893653631210327
1735.6200062708203,1.1005171537399292
1731.763072909438,1.1167432069778442
1727.9061395480549,1.1308082342147827
1724.0492061866726,1.141492486000061
1720.1922728252894,1.1528695821762085
1716.335339463907,1.1754839420318604
1712.4784061025248,1.200399398803711
1708.6214727411416,1.2163941860198975
1704.7645393797593,1.2369327545166016
1700.907606018376,1.2614730596542358
1697.0506726569938,1.2986254692077637
1693.1937392956115,1.3282939195632935
1689.3368059342283,1.3480463027954102
1685.479872572846,1.3655978441238403
1681.6229392114628,1.3801673650741577
1677.7660058500805,1.3849927186965942
1673.9090724886983,1.382308006286621
1670.052139127315,1.3786565065383911
1666.1952057659328,1.3788455724716187
1662.3382724045496,1.3834038972854614
1658.4813390431673,1.390270709991455
1654.624405681785,1.4008359909057617
1650.7674723204018,1.4180628061294556
1646.9105389590195,1.431749939918518
1643.0536055976363,1.4442964792251587
1639.196672236254,1.4539313316345215
1635.3397388748717,1.474195957183838
1631.4828055134885,1.4928816556930542
1627.6258721521062,1.5077942609786987
1623.768938790723,1.5295945405960083
1619.9120054293408,1.5476627349853516
1616.0550720679585,1.5621076822280884
1612.1981387065753,1.5669857263565063
1608.341205345193,1.5616849660873413
1604.4842719838098,1.5493172407150269
1600.6273386224275,1.5324352979660034
1596.7704052610452,1.5107225179672241
1592.913471899662,1.4838446378707886
1589.0565385382797,1.457320213317871
1585.1996051768965,1.4334113597869873
1581.3426718155142,1.411309838294983
1577.485738454132,1.3891977071762085
1573.6288050927487,1.366705060005188
1569.7718717313664,1.3500860929489136
1565.9149383699832,1.331985354423523
1562.058005008601,1.321703553199768
1558.2010716472187,1.3137335777282715
1554.3441382858355,1.314221978187561
1550.4872049244532,1.3213893175125122
1546.63027156307,1.3333152532577515
1542.7733382016877,1.353888750076294
1538.9164048403054,1.3996224403381348
1535.0594714789222,1.4314779043197632
1531.20253811754,1.4649854898452759
1527.3456047561567,1.4852843284606934
1523.4886713947744,1.4924193620681763
1519.6317380333921,1.4902410507202148
1515.774804672009,1.4842280149459839
1511.9178713106267,1.4797611236572266
1508.0609379492435,1.4757636785507202
1504.2040045878612,1.4843426942825317
1500.3470712264789,1.4963926076889038
1496.4901378650957,1.5133683681488037
1492.6332045037134,1.5233213901519775
1488.7762711423302,1.5265601873397827
1484.919337780948,1.5285199880599976
1481.0624044195656,1.5268961191177368
1477.2054710581824,1.5225515365600586
1473.3485376968001,1.5202263593673706
1469.491604335417,1.5201607942581177
1465.6346709740346,1.5213247537612915
1461.7777376126523,1.5214507579803467
1457.9208042512691,1.5222722291946411
1454.0638708898869,1.5290913581848145
1450.2069375285037,1.5352692604064941
1446.3500041671214,1.5431499481201172
1442.493070805739,1.553604006767273
1438.6361374443559,1.5665767192840576
1434.7792040829736,1.583963394165039
1430.9222707215904,1.6002798080444336
1427.065337360208,1.6159790754318237
1423.2084039988258,1.6295033693313599
1419.3514706374426,1.6429119110107422
1415.4945372760603,1.6598619222640991
1411.6376039146771,1.6727449893951416
1407.7806705532948,1.6818130016326904
1403.9237371919116,1.6966586112976074
1400.0668038305294,1.718529462814331
1396.209870469147,1.7447220087051392
1392.3529371077639,1.7577203512191772
1388.4960037463816,1.767310619354248
1384.6390703849984,1.783066749572754
1380.782137023616,1.8036575317382812
1376.9252036622338,1.8234283924102783
1373.0682703008506,1.8399121761322021
1369.2113369394683,1.8566553592681885
1365.354403578085,1.869457483291626
1361.4974702167028,1.87924063205719
1357.6405368553205,1.8857499361038208
1353.7836034939373,1.8861141204833984
1349.926670132555,1.8892487287521362
1346.0697367711718,1.8881603479385376
1342.2128034097896,1.887479305267334
1338.3558700484073,1.8799465894699097
1334.498936687024,1.8654595613479614
1330.6420033256418,1.8510680198669434
1326.7850699642586,1.835789680480957
1322.9281366028763,1.8206852674484253
1319.071203241494,1.8039451837539673
1315.2142698801108,1.7779045104980469
1311.3573365187285,1.7465039491653442
1307.5004031573453,1.709628939628601
1303.643469795963,1.674180507659912
1299.7865364345807,1.6403931379318237
1295.9296030731975,1.6063944101333618
1292.0726697118153,1.572271466255188
1288.215736350432,1.5432721376419067
1284.3588029890498,1.520804762840271
1280.5018696276675,1.4981070756912231
1276.6449362662843,1.4654181003570557
1272.788002904902,1.4241317510604858
1268.9310695435188,1.3748564720153809
1265.0741361821365,1.3230253458023071
1261.2172028207542,1.2720673084259033
1257.360269459371,1.2224003076553345
1253.5033360979887,1.1794167757034302
1249.6464027366055,1.1450419425964355
1245.7894693752232,1.113986849784851
1241.932536013841,1.083032488822937
1238.0756026524577,1.0523889064788818
1234.2186692910755,1.0214588642120361
1230.3617359296923,0.9928467273712158
1226.50480256831,0.9708963632583618
1222.6478692069277,0.962364673614502
1218.7909358455445,0.9678803086280823
1214.9340024841622,0.982655942440033
1211.077069122779,1.0012925863265991
1207.2201357613967,1.0202548503875732
1203.3632024000144,1.037201166152954
1199.5062690386312,1.0506410598754883
1195.649335677249,1.0587763786315918
1191.7924023158657,1.0628504753112793
1187.9354689544834,1.0644035339355469
1184.0785355931012,1.0651073455810547
1180.221602231718,1.0652315616607666
1176.3646688703357,1.0660701990127563
1172.5077355089525,1.0720475912094116
1168.6508021475702,1.0894333124160767
1164.7938687861879,1.1256811618804932
1160.9369354248047,1.1704111099243164
1157.0800020634224,1.1733129024505615
1153.2230687020392,1.1347836256027222
1149.366135340657,1.1039015054702759
1145.5092019792746,1.0923603773117065
1141.6522686178914,1.088218092918396
1137.7953352565091,1.0865366458892822
1133.938401895126,1.0875070095062256
1130.0814685337436,1.092370867729187
1126.2245351723614,1.101183533668518
1122.3676018109782,1.1137561798095703
1118.5106684495959,1.1279696226119995
1114.6537350882127,1.1388462781906128
1110.7968017268304,1.1394708156585693
1106.939868365448,1.1333682537078857
1103.082935004065,1.1278746128082275
1099.2260016426826,1.123020887374878
1095.3690682812994,1.1183775663375854
1091.5121349199171,1.1138911247253418
1087.6552015585348,1.110531210899353
1083.7982681971516,1.1082121133804321
1079.9413348357693,1.1058881282806396
1076.0844014743861,1.1095150709152222
1072.2274681130039,1.1246432065963745
1068.3705347516216,1.1536046266555786
1064.5136013902384,1.1959236860275269
1060.656668028856,1.241502285003662
1056.7997346674729,1.2812607288360596
1052.9428013060906,1.314513921737671
1049.0858679447083,1.3403949737548828
1045.228934583325,1.3615611791610718
1041.3720012219428,1.381456971168518
1037.5150678605596,1.395882487297058
1033.6581344991773,1.4096429347991943
1029.801201137795,1.4246383905410767
1025.9442677764118,1.4381076097488403
1022.0873344150295,1.446507215499878
1018.2304010536463,1.4510107040405273
1014.3734676922641,1.4570906162261963
1010.5165343308818,1.466734528541565
1006.6596009694986,1.4748125076293945
1002.8026676081163,1.4796783924102783
998.9457342467331,1.480148196220398
995.0888008853508,1.4783833026885986
991.2318675239685,1.471820592880249
987.3749341625853,1.4590404033660889
983.518000801203,1.4411978721618652
979.6610674398198,1.4290664196014404
975.8041340784375,1.4194976091384888
971.9472007170552,1.4068599939346313
968.090267355672,1.399450659751892
964.2333339942898,1.400025725364685
960.3764006329066,1.406630039215088
956.5194672715243,1.4144147634506226
952.662533910142,1.4208402633666992
948.8056005487588,1.4337276220321655
944.9486671873765,1.4514342546463013
941.0917338259933,1.4665416479110718
937.234800464611,1.4755383729934692
933.3778671032287,1.4819239377975464
929.5209337418455,1.4947870969772339
925.6640003804632,1.513409972190857
921.80706701908,1.5282648801803589
917.9501336576977,1.5462063550949097
914.0932002963154,1.5540484189987183
910.2362669349322,1.5438005924224854
906.37933357355,1.5179837942123413
902.5224002121668,1.4919862747192383
898.6654668507845,1.4735240936279297
894.8085334894022,1.4589732885360718
890.951600128019,1.4449764490127563
887.0946667666367,1.4318767786026
883.2377334052535,1.4260989427566528
879.3808000438712,1.4270122051239014
875.5238666824889,1.4253830909729004
871.6669333211057,1.4242621660232544
867.8099999597234,1.4219775199890137
863.9530665983402,1.421770691871643
860.0961332369579,1.4233731031417847
856.2391998755757,1.431085228919983
852.3822665141925,1.4429457187652588
848.5253331528102,1.4658610820770264
844.668399791427,1.4943571090698242
840.8114664300447,1.5261919498443604
836.9545330686624,1.560860514640808
833.0975997072792,1.6043024063110352
829.2406663458969,1.6668542623519897
825.3837329845137,1.7457079887390137
821.5267996231314,1.8357093334197998
817.6698662617491,1.9326872825622559
813.8129329003659,1.992489218711853
809.9559995389836,1.9225720167160034
806.0990661776004,1.7517457008361816
802.2421328162181,1.6276235580444336
798.3851994548359,1.5807467699050903
794.5282660934527,1.5859640836715698
790.6713327320704,1.5916483402252197
786.8143993706872,1.5553410053253174
782.9574660093049,1.5022954940795898
779.1005326479226,1.4784960746765137
775.2435992865394,1.4829376935958862
771.3866659251571,1.500030755996704
767.5297325637739,1.50871741771698
763.6727992023916,1.5029160976409912
759.8158658410093,1.493355393409729
755.9589324796261,1.483829379081726
752.1019991182438,1.478661060333252
748.2450657568606,1.480981469154358
744.3881323954784,1.481857180595398
740.5311990340961,1.4769983291625977
736.6742656727129,1.4704333543777466
732.8173323113306,1.4712638854980469
728.9603989499474,1.4757554531097412
725.1034655885651,1.486782431602478
721.2465322271828,1.5094832181930542
717.3895988657996,1.5379235744476318
713.5326655044173,1.5719447135925293
709.6757321430341,1.6149762868881226
705.8187987816518,1.6931798458099365
701.9618654202695,1.7854111194610596
698.1049320588863,1.7982686758041382
694.247998697504,1.7405238151550293
690.3910653361208,1.6902735233306885
686.5341319747386,1.660058856010437
682.6771986133563,1.6370233297348022
678.8202652519731,1.6197233200073242
674.9633318905908,1.6133116483688354
671.1063985292076,1.6158782243728638
667.2494651678253,1.6138242483139038
663.392531806443,1.6158902645111084
659.5355984450598,1.6226727962493896
655.6786650836775,1.6245613098144531
651.8217317222943,1.6341711282730103
647.964798360912,1.6480587720870972
644.1078649995297,1.6573379039764404
640.2509316381465,1.671285629272461
636.3939982767643,1.6828068494796753
632.537064915381,1.6810089349746704
628.6801315539988,1.6817984580993652
624.8231981926165,1.70540189743042
620.9662648312333,1.7466237545013428
617.109331469851,1.7722725868225098
613.2523981084678,1.7644484043121338
609.3954647470855,1.7687280178070068
605.5385313857032,1.785872459411621
601.68159802432,1.7968608140945435
597.8246646629377,1.8129522800445557
593.9677313015545,1.8182425498962402
590.1107979401722,1.831143856048584
586.25386457879,1.8351459503173828
582.3969312174067,1.8298819065093994
578.5399978560245,1.864501714706421
574.6830644946413,1.859513282775879
570.826131133259,1.8346079587936401
566.9691977718767,1.8099591732025146
563.1122644104935,1.7890632152557373
559.2553310491112,1.7464728355407715
555.398397687728,1.7059742212295532
551.5414643263457,1.6648304462432861
547.6845309649634,1.6252316236495972
543.8275976035802,1.5880125761032104
539.9706642421979,1.5681865215301514
536.1137308808147,1.5663713216781616
532.2567975194324,1.5779774188995361
528.3998641580492,1.6242095232009888
524.542930796667,1.6695866584777832
520.6859974352847,1.572368860244751
516.8290640739015,1.5612510442733765
512.9721307125192,1.564752221107483
509.115197351136,1.5260783433914185
505.2582639897537,1.4401413202285767
501.4013306283714,1.3679536581039429
497.5443972669882,1.35112464427948
493.6874639056059,1.3295339345932007
489.8305305442227,1.2838081121444702
485.9735971828404,1.2615469694137573
482.11666382145813,1.2627257108688354
478.25973046007493,1.2608449459075928
474.40279709869264,1.2607592344284058
470.54586373730945,1.2687547206878662
466.68893037592716,1.281876564025879
462.83199701454487,1.301889419555664
458.97506365316167,1.3133177757263184
455.1181302917794,1.3186008930206299
451.2611969303962,1.3132106065750122
447.4042635690139,1.3120214939117432
443.5473302076316,1.3276572227478027
439.6903968462484,1.3702138662338257
435.8334634848661,1.3736679553985596
431.9765301234829,1.374798059463501
428.1195967621006,1.3975489139556885
424.26266340071834,1.407943606376648
420.40573003933514,1.4312031269073486
416.54879667795285,1.4485678672790527
412.69186331656965,1.4553970098495483
408.83492995518736,1.5905050039291382
404.9779965938051,1.7130024433135986
401.1210632324219,1.5938374996185303
